"pontuacao","categoria","ddd","numero","nome","genero_inferido","idade","data_nasc_str","sexo","doc","ultima_evolucao","ultima_consulta_data","ultima_consulta_status","orcamento_aberto","orcamento_valor","fonte","notas_resumo","mensagem"
"0","patoBranco_PB","46","4676038352","Contato","","","","","","","","","","","patoBranco_PB_20261004.txt","","Olá! Tudo bem? Aqui é o Wesley, marido da Dra. Daiana Ferraz. Ela é nova em Pato Branco, e gostaríamos de apresentar o trabalho dela por aqui.

Se quiser conhecer melhor:
https://share.google/xcLbjrVJT5NDUfYWV
https://www.instagram.com/dradaianaferrazsc/

Será um prazer recebê-lo(a). Se preferir não receber outras mensagens, é só me avisar."
"0","patoBranco_PB","46","4676039023","Contato","","","","","","","","","","","patoBranco_PB_20261004.txt","","Olá! Tudo bem? Aqui é o Wesley, marido da Dra. Daiana Ferraz. Ela é nova em Pato Branco, e gostaríamos de apresentar o trabalho dela por aqui.

Se quiser conhecer melhor:
https://share.google/xcLbjrVJT5NDUfYWV
https://www.instagram.com/dradaianaferrazsc/

Será um prazer recebê-lo(a). Se preferir não receber outras mensagens, é só me avisar."
"0","patoBranco_PB","46","4684000485","Contato","","","","","","","","","","","patoBranco_PB_20261004.txt","","Olá! Tudo bem? Aqui é o Wesley, marido da Dra. Daiana Ferraz. Ela é nova em Pato Branco, e gostaríamos de apresentar o trabalho dela por aqui.

Se quiser conhecer melhor:
https://share.google/xcLbjrVJT5NDUfYWV
https://www.instagram.com/dradaianaferrazsc/

Será um prazer recebê-lo(a). Se preferir não receber outras mensagens, é só me avisar."
"0","patoBranco_PB","46","4684005937","Contato","","","","","","","","","","","patoBranco_PB_20261004.txt","","Olá! Tudo bem? Aqui é o Wesley, marido da Dra. Daiana Ferraz. Ela é nova em Pato Branco, e gostaríamos de apresentar o trabalho dela por aqui.

Se quiser conhecer melhor:
https://share.google/xcLbjrVJT5NDUfYWV
https://www.instagram.com/dradaianaferrazsc/

Será um prazer recebê-lo(a). Se preferir não receber outras mensagens, é só me avisar."
"0","patoBranco_PB","46","4684013121","Contato","","","","","","","","","","","patoBranco_PB_20261004.txt","","Olá! Tudo bem? Aqui é o Wesley, marido da Dra. Daiana Ferraz. Ela é nova em Pato Branco, e gostaríamos de apresentar o trabalho dela por aqui.

Se quiser conhecer melhor:
https://share.google/xcLbjrVJT5NDUfYWV
https://www.instagram.com/dradaianaferrazsc/

Será um prazer recebê-lo(a). Se preferir não receber outras mensagens, é só me avisar."
"0","patoBranco_PB","46","4684017432","Contato","","","","","","","","","","","patoBranco_PB_20261004.txt","","Olá! Tudo bem? Aqui é o Wesley, marido da Dra. Daiana Ferraz. Ela é nova em Pato Branco, e gostaríamos de apresentar o trabalho dela por aqui.

Se quiser conhecer melhor:
https://share.google/xcLbjrVJT5NDUfYWV
https://www.instagram.com/dradaianaferrazsc/

Será um prazer recebê-lo(a). Se preferir não receber outras mensagens, é só me avisar."
"0","patoBranco_PB","46","4684020412","Contato","","","","","","","","","","","patoBranco_PB_20261004.txt","","Olá! Tudo bem? Aqui é o Wesley, marido da Dra. Daiana Ferraz. Ela é nova em Pato Branco, e gostaríamos de apresentar o trabalho dela por aqui.

Se quiser conhecer melhor:
https://share.google/xcLbjrVJT5NDUfYWV
https://www.instagram.com/dradaianaferrazsc/

Será um prazer recebê-lo(a). Se preferir não receber outras mensagens, é só me avisar."
"0","patoBranco_PB","46","4684021590","Contato","","","","","","","","","","","patoBranco_PB_20261004.txt","","Olá! Tudo bem? Aqui é o Wesley, marido da Dra. Daiana Ferraz. Ela é nova em Pato Branco, e gostaríamos de apresentar o trabalho dela por aqui.

Se quiser conhecer melhor:
https://share.google/xcLbjrVJT5NDUfYWV
https://www.instagram.com/dradaianaferrazsc/

Será um prazer recebê-lo(a). Se preferir não receber outras mensagens, é só me avisar."
"0","patoBranco_PB","46","4684021898","Contato","","","","","","","","","","","patoBranco_PB_20261004.txt","","Olá! Tudo bem? Aqui é o Wesley, marido da Dra. Daiana Ferraz. Ela é nova em Pato Branco, e gostaríamos de apresentar o trabalho dela por aqui.

Se quiser conhecer melhor:
https://share.google/xcLbjrVJT5NDUfYWV
https://www.instagram.com/dradaianaferrazsc/

Será um prazer recebê-lo(a). Se preferir não receber outras mensagens, é só me avisar."
"0","patoBranco_PB","46","4684028811","Contato","","","","","","","","","","","patoBranco_PB_20261004.txt","","Olá! Tudo bem? Aqui é o Wesley, marido da Dra. Daiana Ferraz. Ela é nova em Pato Branco, e gostaríamos de apresentar o trabalho dela por aqui.

Se quiser conhecer melhor:
https://share.google/xcLbjrVJT5NDUfYWV
https://www.instagram.com/dradaianaferrazsc/

Será um prazer recebê-lo(a). Se preferir não receber outras mensagens, é só me avisar."
"0","patoBranco_PB","46","4684031238","Contato","","","","","","","","","","","patoBranco_PB_20261004.txt","","Olá! Tudo bem? Aqui é o Wesley, marido da Dra. Daiana Ferraz. Ela é nova em Pato Branco, e gostaríamos de apresentar o trabalho dela por aqui.

Se quiser conhecer melhor:
https://share.google/xcLbjrVJT5NDUfYWV
https://www.instagram.com/dradaianaferrazsc/

Será um prazer recebê-lo(a). Se preferir não receber outras mensagens, é só me avisar."
"0","patoBranco_PB","46","4684037890","Contato","","","","","","","","","","","patoBranco_PB_20261004.txt","","Olá! Tudo bem? Aqui é o Wesley, marido da Dra. Daiana Ferraz. Ela é nova em Pato Branco, e gostaríamos de apresentar o trabalho dela por aqui.

Se quiser conhecer melhor:
https://share.google/xcLbjrVJT5NDUfYWV
https://www.instagram.com/dradaianaferrazsc/

Será um prazer recebê-lo(a). Se preferir não receber outras mensagens, é só me avisar."
"0","patoBranco_PB","46","4684039385","Contato","","","","","","","","","","","patoBranco_PB_20261004.txt","","Olá! Tudo bem? Aqui é o Wesley, marido da Dra. Daiana Ferraz. Ela é nova em Pato Branco, e gostaríamos de apresentar o trabalho dela por aqui.

Se quiser conhecer melhor:
https://share.google/xcLbjrVJT5NDUfYWV
https://www.instagram.com/dradaianaferrazsc/

Será um prazer recebê-lo(a). Se preferir não receber outras mensagens, é só me avisar."
"0","patoBranco_PB","46","4684042102","Contato","","","","","","","","","","","patoBranco_PB_20261004.txt","","Olá! Tudo bem? Aqui é o Wesley, marido da Dra. Daiana Ferraz. Ela é nova em Pato Branco, e gostaríamos de apresentar o trabalho dela por aqui.

Se quiser conhecer melhor:
https://share.google/xcLbjrVJT5NDUfYWV
https://www.instagram.com/dradaianaferrazsc/

Será um prazer recebê-lo(a). Se preferir não receber outras mensagens, é só me avisar."
"0","patoBranco_PB","46","4684042899","Contato","","","","","","","","","","","patoBranco_PB_20261004.txt","","Olá! Tudo bem? Aqui é o Wesley, marido da Dra. Daiana Ferraz. Ela é nova em Pato Branco, e gostaríamos de apresentar o trabalho dela por aqui.

Se quiser conhecer melhor:
https://share.google/xcLbjrVJT5NDUfYWV
https://www.instagram.com/dradaianaferrazsc/

Será um prazer recebê-lo(a). Se preferir não receber outras mensagens, é só me avisar."
"0","patoBranco_PB","46","4684046026","Contato","","","","","","","","","","","patoBranco_PB_20261004.txt","","Olá! Tudo bem? Aqui é o Wesley, marido da Dra. Daiana Ferraz. Ela é nova em Pato Branco, e gostaríamos de apresentar o trabalho dela por aqui.

Se quiser conhecer melhor:
https://share.google/xcLbjrVJT5NDUfYWV
https://www.instagram.com/dradaianaferrazsc/

Será um prazer recebê-lo(a). Se preferir não receber outras mensagens, é só me avisar."
"0","patoBranco_PB","46","4684046460","Contato","","","","","","","","","","","patoBranco_PB_20261004.txt","","Olá! Tudo bem? Aqui é o Wesley, marido da Dra. Daiana Ferraz. Ela é nova em Pato Branco, e gostaríamos de apresentar o trabalho dela por aqui.

Se quiser conhecer melhor:
https://share.google/xcLbjrVJT5NDUfYWV
https://www.instagram.com/dradaianaferrazsc/

Será um prazer recebê-lo(a). Se preferir não receber outras mensagens, é só me avisar."
"0","patoBranco_PB","46","4684049397","Contato","","","","","","","","","","","patoBranco_PB_20261004.txt","","Olá! Tudo bem? Aqui é o Wesley, marido da Dra. Daiana Ferraz. Ela é nova em Pato Branco, e gostaríamos de apresentar o trabalho dela por aqui.

Se quiser conhecer melhor:
https://share.google/xcLbjrVJT5NDUfYWV
https://www.instagram.com/dradaianaferrazsc/

Será um prazer recebê-lo(a). Se preferir não receber outras mensagens, é só me avisar."
"0","patoBranco_PB","46","4684051945","Contato","","","","","","","","","","","patoBranco_PB_20261004.txt","","Olá! Tudo bem? Aqui é o Wesley, marido da Dra. Daiana Ferraz. Ela é nova em Pato Branco, e gostaríamos de apresentar o trabalho dela por aqui.

Se quiser conhecer melhor:
https://share.google/xcLbjrVJT5NDUfYWV
https://www.instagram.com/dradaianaferrazsc/

Será um prazer recebê-lo(a). Se preferir não receber outras mensagens, é só me avisar."
"0","patoBranco_PB","46","4684052647","Contato","","","","","","","","","","","patoBranco_PB_20261004.txt","","Olá! Tudo bem? Aqui é o Wesley, marido da Dra. Daiana Ferraz. Ela é nova em Pato Branco, e gostaríamos de apresentar o trabalho dela por aqui.

Se quiser conhecer melhor:
https://share.google/xcLbjrVJT5NDUfYWV
https://www.instagram.com/dradaianaferrazsc/

Será um prazer recebê-lo(a). Se preferir não receber outras mensagens, é só me avisar."
"0","patoBranco_PB","46","4684058082","Contato","","","","","","","","","","","patoBranco_PB_20261004.txt","","Olá! Tudo bem? Aqui é o Wesley, marido da Dra. Daiana Ferraz. Ela é nova em Pato Branco, e gostaríamos de apresentar o trabalho dela por aqui.

Se quiser conhecer melhor:
https://share.google/xcLbjrVJT5NDUfYWV
https://www.instagram.com/dradaianaferrazsc/

Será um prazer recebê-lo(a). Se preferir não receber outras mensagens, é só me avisar."
"0","patoBranco_PB","46","4684059555","Contato","","","","","","","","","","","patoBranco_PB_20261004.txt","","Olá! Tudo bem? Aqui é o Wesley, marido da Dra. Daiana Ferraz. Ela é nova em Pato Branco, e gostaríamos de apresentar o trabalho dela por aqui.

Se quiser conhecer melhor:
https://share.google/xcLbjrVJT5NDUfYWV
https://www.instagram.com/dradaianaferrazsc/

Será um prazer recebê-lo(a). Se preferir não receber outras mensagens, é só me avisar."
"0","patoBranco_PB","46","4684060214","Contato","","","","","","","","","","","patoBranco_PB_20261004.txt","","Olá! Tudo bem? Aqui é o Wesley, marido da Dra. Daiana Ferraz. Ela é nova em Pato Branco, e gostaríamos de apresentar o trabalho dela por aqui.

Se quiser conhecer melhor:
https://share.google/xcLbjrVJT5NDUfYWV
https://www.instagram.com/dradaianaferrazsc/

Será um prazer recebê-lo(a). Se preferir não receber outras mensagens, é só me avisar."
"0","patoBranco_PB","46","4684080362","Contato","","","","","","","","","","","patoBranco_PB_20261004.txt","","Olá! Tudo bem? Aqui é o Wesley, marido da Dra. Daiana Ferraz. Ela é nova em Pato Branco, e gostaríamos de apresentar o trabalho dela por aqui.

Se quiser conhecer melhor:
https://share.google/xcLbjrVJT5NDUfYWV
https://www.instagram.com/dradaianaferrazsc/

Será um prazer recebê-lo(a). Se preferir não receber outras mensagens, é só me avisar."
"0","patoBranco_PB","46","4684088963","Contato","","","","","","","","","","","patoBranco_PB_20261004.txt","","Olá! Tudo bem? Aqui é o Wesley, marido da Dra. Daiana Ferraz. Ela é nova em Pato Branco, e gostaríamos de apresentar o trabalho dela por aqui.

Se quiser conhecer melhor:
https://share.google/xcLbjrVJT5NDUfYWV
https://www.instagram.com/dradaianaferrazsc/

Será um prazer recebê-lo(a). Se preferir não receber outras mensagens, é só me avisar."
"0","patoBranco_PB","46","4684091217","Contato","","","","","","","","","","","patoBranco_PB_20261004.txt","","Olá! Tudo bem? Aqui é o Wesley, marido da Dra. Daiana Ferraz. Ela é nova em Pato Branco, e gostaríamos de apresentar o trabalho dela por aqui.

Se quiser conhecer melhor:
https://share.google/xcLbjrVJT5NDUfYWV
https://www.instagram.com/dradaianaferrazsc/

Será um prazer recebê-lo(a). Se preferir não receber outras mensagens, é só me avisar."
"0","patoBranco_PB","46","4684093894","Contato","","","","","","","","","","","patoBranco_PB_20261004.txt","","Olá! Tudo bem? Aqui é o Wesley, marido da Dra. Daiana Ferraz. Ela é nova em Pato Branco, e gostaríamos de apresentar o trabalho dela por aqui.

Se quiser conhecer melhor:
https://share.google/xcLbjrVJT5NDUfYWV
https://www.instagram.com/dradaianaferrazsc/

Será um prazer recebê-lo(a). Se preferir não receber outras mensagens, é só me avisar."
"0","patoBranco_PB","46","4684121802","Contato","","","","","","","","","","","patoBranco_PB_20261004.txt","","Olá! Tudo bem? Aqui é o Wesley, marido da Dra. Daiana Ferraz. Ela é nova em Pato Branco, e gostaríamos de apresentar o trabalho dela por aqui.

Se quiser conhecer melhor:
https://share.google/xcLbjrVJT5NDUfYWV
https://www.instagram.com/dradaianaferrazsc/

Será um prazer recebê-lo(a). Se preferir não receber outras mensagens, é só me avisar."
"0","patoBranco_PB","46","4684122322","Contato","","","","","","","","","","","patoBranco_PB_20261004.txt","","Olá! Tudo bem? Aqui é o Wesley, marido da Dra. Daiana Ferraz. Ela é nova em Pato Branco, e gostaríamos de apresentar o trabalho dela por aqui.

Se quiser conhecer melhor:
https://share.google/xcLbjrVJT5NDUfYWV
https://www.instagram.com/dradaianaferrazsc/

Será um prazer recebê-lo(a). Se preferir não receber outras mensagens, é só me avisar."
"0","patoBranco_PB","46","4684132325","Contato","","","","","","","","","","","patoBranco_PB_20261004.txt","","Olá! Tudo bem? Aqui é o Wesley, marido da Dra. Daiana Ferraz. Ela é nova em Pato Branco, e gostaríamos de apresentar o trabalho dela por aqui.

Se quiser conhecer melhor:
https://share.google/xcLbjrVJT5NDUfYWV
https://www.instagram.com/dradaianaferrazsc/

Será um prazer recebê-lo(a). Se preferir não receber outras mensagens, é só me avisar."
"0","patoBranco_PB","46","4684136187","Contato","","","","","","","","","","","patoBranco_PB_20261004.txt","","Olá! Tudo bem? Aqui é o Wesley, marido da Dra. Daiana Ferraz. Ela é nova em Pato Branco, e gostaríamos de apresentar o trabalho dela por aqui.

Se quiser conhecer melhor:
https://share.google/xcLbjrVJT5NDUfYWV
https://www.instagram.com/dradaianaferrazsc/

Será um prazer recebê-lo(a). Se preferir não receber outras mensagens, é só me avisar."
"0","patoBranco_PB","46","4684140647","Contato","","","","","","","","","","","patoBranco_PB_20261004.txt","","Olá! Tudo bem? Aqui é o Wesley, marido da Dra. Daiana Ferraz. Ela é nova em Pato Branco, e gostaríamos de apresentar o trabalho dela por aqui.

Se quiser conhecer melhor:
https://share.google/xcLbjrVJT5NDUfYWV
https://www.instagram.com/dradaianaferrazsc/

Será um prazer recebê-lo(a). Se preferir não receber outras mensagens, é só me avisar."
"0","patoBranco_PB","46","4684145126","Contato","","","","","","","","","","","patoBranco_PB_20261004.txt","","Olá! Tudo bem? Aqui é o Wesley, marido da Dra. Daiana Ferraz. Ela é nova em Pato Branco, e gostaríamos de apresentar o trabalho dela por aqui.

Se quiser conhecer melhor:
https://share.google/xcLbjrVJT5NDUfYWV
https://www.instagram.com/dradaianaferrazsc/

Será um prazer recebê-lo(a). Se preferir não receber outras mensagens, é só me avisar."
"0","patoBranco_PB","46","4684211021","Contato","","","","","","","","","","","patoBranco_PB_20261004.txt","","Olá! Tudo bem? Aqui é o Wesley, marido da Dra. Daiana Ferraz. Ela é nova em Pato Branco, e gostaríamos de apresentar o trabalho dela por aqui.

Se quiser conhecer melhor:
https://share.google/xcLbjrVJT5NDUfYWV
https://www.instagram.com/dradaianaferrazsc/

Será um prazer recebê-lo(a). Se preferir não receber outras mensagens, é só me avisar."
"0","patoBranco_PB","46","4684217689","Contato","","","","","","","","","","","patoBranco_PB_20261004.txt","","Olá! Tudo bem? Aqui é o Wesley, marido da Dra. Daiana Ferraz. Ela é nova em Pato Branco, e gostaríamos de apresentar o trabalho dela por aqui.

Se quiser conhecer melhor:
https://share.google/xcLbjrVJT5NDUfYWV
https://www.instagram.com/dradaianaferrazsc/

Será um prazer recebê-lo(a). Se preferir não receber outras mensagens, é só me avisar."
"0","patoBranco_PB","46","4684218004","Contato","","","","","","","","","","","patoBranco_PB_20261004.txt","","Olá! Tudo bem? Aqui é o Wesley, marido da Dra. Daiana Ferraz. Ela é nova em Pato Branco, e gostaríamos de apresentar o trabalho dela por aqui.

Se quiser conhecer melhor:
https://share.google/xcLbjrVJT5NDUfYWV
https://www.instagram.com/dradaianaferrazsc/

Será um prazer recebê-lo(a). Se preferir não receber outras mensagens, é só me avisar."
"0","patoBranco_PB","46","4684219397","Contato","","","","","","","","","","","patoBranco_PB_20261004.txt","","Olá! Tudo bem? Aqui é o Wesley, marido da Dra. Daiana Ferraz. Ela é nova em Pato Branco, e gostaríamos de apresentar o trabalho dela por aqui.

Se quiser conhecer melhor:
https://share.google/xcLbjrVJT5NDUfYWV
https://www.instagram.com/dradaianaferrazsc/

Será um prazer recebê-lo(a). Se preferir não receber outras mensagens, é só me avisar."
"0","patoBranco_PB","46","4688001228","Contato","","","","","","","","","","","patoBranco_PB_20261004.txt","","Olá! Tudo bem? Aqui é o Wesley, marido da Dra. Daiana Ferraz. Ela é nova em Pato Branco, e gostaríamos de apresentar o trabalho dela por aqui.

Se quiser conhecer melhor:
https://share.google/xcLbjrVJT5NDUfYWV
https://www.instagram.com/dradaianaferrazsc/

Será um prazer recebê-lo(a). Se preferir não receber outras mensagens, é só me avisar."
"0","patoBranco_PB","46","4688005711","Contato","","","","","","","","","","","patoBranco_PB_20261004.txt","","Olá! Tudo bem? Aqui é o Wesley, marido da Dra. Daiana Ferraz. Ela é nova em Pato Branco, e gostaríamos de apresentar o trabalho dela por aqui.

Se quiser conhecer melhor:
https://share.google/xcLbjrVJT5NDUfYWV
https://www.instagram.com/dradaianaferrazsc/

Será um prazer recebê-lo(a). Se preferir não receber outras mensagens, é só me avisar."
"0","patoBranco_PB","46","4688005903","Contato","","","","","","","","","","","patoBranco_PB_20261004.txt","","Olá! Tudo bem? Aqui é o Wesley, marido da Dra. Daiana Ferraz. Ela é nova em Pato Branco, e gostaríamos de apresentar o trabalho dela por aqui.

Se quiser conhecer melhor:
https://share.google/xcLbjrVJT5NDUfYWV
https://www.instagram.com/dradaianaferrazsc/

Será um prazer recebê-lo(a). Se preferir não receber outras mensagens, é só me avisar."
"0","patoBranco_PB","46","4688007659","Contato","","","","","","","","","","","patoBranco_PB_20261004.txt","","Olá! Tudo bem? Aqui é o Wesley, marido da Dra. Daiana Ferraz. Ela é nova em Pato Branco, e gostaríamos de apresentar o trabalho dela por aqui.

Se quiser conhecer melhor:
https://share.google/xcLbjrVJT5NDUfYWV
https://www.instagram.com/dradaianaferrazsc/

Será um prazer recebê-lo(a). Se preferir não receber outras mensagens, é só me avisar."
"0","patoBranco_PB","46","4688011024","Contato","","","","","","","","","","","patoBranco_PB_20261004.txt","","Olá! Tudo bem? Aqui é o Wesley, marido da Dra. Daiana Ferraz. Ela é nova em Pato Branco, e gostaríamos de apresentar o trabalho dela por aqui.

Se quiser conhecer melhor:
https://share.google/xcLbjrVJT5NDUfYWV
https://www.instagram.com/dradaianaferrazsc/

Será um prazer recebê-lo(a). Se preferir não receber outras mensagens, é só me avisar."
"0","patoBranco_PB","46","4688011310","Contato","","","","","","","","","","","patoBranco_PB_20261004.txt","","Olá! Tudo bem? Aqui é o Wesley, marido da Dra. Daiana Ferraz. Ela é nova em Pato Branco, e gostaríamos de apresentar o trabalho dela por aqui.

Se quiser conhecer melhor:
https://share.google/xcLbjrVJT5NDUfYWV
https://www.instagram.com/dradaianaferrazsc/

Será um prazer recebê-lo(a). Se preferir não receber outras mensagens, é só me avisar."
"0","patoBranco_PB","46","4688011312","Contato","","","","","","","","","","","patoBranco_PB_20261004.txt","","Olá! Tudo bem? Aqui é o Wesley, marido da Dra. Daiana Ferraz. Ela é nova em Pato Branco, e gostaríamos de apresentar o trabalho dela por aqui.

Se quiser conhecer melhor:
https://share.google/xcLbjrVJT5NDUfYWV
https://www.instagram.com/dradaianaferrazsc/

Será um prazer recebê-lo(a). Se preferir não receber outras mensagens, é só me avisar."
"0","patoBranco_PB","46","4688014722","Contato","","","","","","","","","","","patoBranco_PB_20261004.txt","","Olá! Tudo bem? Aqui é o Wesley, marido da Dra. Daiana Ferraz. Ela é nova em Pato Branco, e gostaríamos de apresentar o trabalho dela por aqui.

Se quiser conhecer melhor:
https://share.google/xcLbjrVJT5NDUfYWV
https://www.instagram.com/dradaianaferrazsc/

Será um prazer recebê-lo(a). Se preferir não receber outras mensagens, é só me avisar."
"0","patoBranco_PB","46","4688014732","Contato","","","","","","","","","","","patoBranco_PB_20261004.txt","","Olá! Tudo bem? Aqui é o Wesley, marido da Dra. Daiana Ferraz. Ela é nova em Pato Branco, e gostaríamos de apresentar o trabalho dela por aqui.

Se quiser conhecer melhor:
https://share.google/xcLbjrVJT5NDUfYWV
https://www.instagram.com/dradaianaferrazsc/

Será um prazer recebê-lo(a). Se preferir não receber outras mensagens, é só me avisar."
"0","patoBranco_PB","46","4688015375","Contato","","","","","","","","","","","patoBranco_PB_20261004.txt","","Olá! Tudo bem? Aqui é o Wesley, marido da Dra. Daiana Ferraz. Ela é nova em Pato Branco, e gostaríamos de apresentar o trabalho dela por aqui.

Se quiser conhecer melhor:
https://share.google/xcLbjrVJT5NDUfYWV
https://www.instagram.com/dradaianaferrazsc/

Será um prazer recebê-lo(a). Se preferir não receber outras mensagens, é só me avisar."
"0","patoBranco_PB","46","4688015809","Contato","","","","","","","","","","","patoBranco_PB_20261004.txt","","Olá! Tudo bem? Aqui é o Wesley, marido da Dra. Daiana Ferraz. Ela é nova em Pato Branco, e gostaríamos de apresentar o trabalho dela por aqui.

Se quiser conhecer melhor:
https://share.google/xcLbjrVJT5NDUfYWV
https://www.instagram.com/dradaianaferrazsc/

Será um prazer recebê-lo(a). Se preferir não receber outras mensagens, é só me avisar."
"0","patoBranco_PB","46","4688016274","Contato","","","","","","","","","","","patoBranco_PB_20261004.txt","","Olá! Tudo bem? Aqui é o Wesley, marido da Dra. Daiana Ferraz. Ela é nova em Pato Branco, e gostaríamos de apresentar o trabalho dela por aqui.

Se quiser conhecer melhor:
https://share.google/xcLbjrVJT5NDUfYWV
https://www.instagram.com/dradaianaferrazsc/

Será um prazer recebê-lo(a). Se preferir não receber outras mensagens, é só me avisar."
"0","patoBranco_PB","46","4688017756","Contato","","","","","","","","","","","patoBranco_PB_20261004.txt","","Olá! Tudo bem? Aqui é o Wesley, marido da Dra. Daiana Ferraz. Ela é nova em Pato Branco, e gostaríamos de apresentar o trabalho dela por aqui.

Se quiser conhecer melhor:
https://share.google/xcLbjrVJT5NDUfYWV
https://www.instagram.com/dradaianaferrazsc/

Será um prazer recebê-lo(a). Se preferir não receber outras mensagens, é só me avisar."
"0","patoBranco_PB","46","4688017973","Contato","","","","","","","","","","","patoBranco_PB_20261004.txt","","Olá! Tudo bem? Aqui é o Wesley, marido da Dra. Daiana Ferraz. Ela é nova em Pato Branco, e gostaríamos de apresentar o trabalho dela por aqui.

Se quiser conhecer melhor:
https://share.google/xcLbjrVJT5NDUfYWV
https://www.instagram.com/dradaianaferrazsc/

Será um prazer recebê-lo(a). Se preferir não receber outras mensagens, é só me avisar."
"0","patoBranco_PB","46","4688020646","Contato","","","","","","","","","","","patoBranco_PB_20261004.txt","","Olá! Tudo bem? Aqui é o Wesley, marido da Dra. Daiana Ferraz. Ela é nova em Pato Branco, e gostaríamos de apresentar o trabalho dela por aqui.

Se quiser conhecer melhor:
https://share.google/xcLbjrVJT5NDUfYWV
https://www.instagram.com/dradaianaferrazsc/

Será um prazer recebê-lo(a). Se preferir não receber outras mensagens, é só me avisar."
"0","patoBranco_PB","46","4688020951","Contato","","","","","","","","","","","patoBranco_PB_20261004.txt","","Olá! Tudo bem? Aqui é o Wesley, marido da Dra. Daiana Ferraz. Ela é nova em Pato Branco, e gostaríamos de apresentar o trabalho dela por aqui.

Se quiser conhecer melhor:
https://share.google/xcLbjrVJT5NDUfYWV
https://www.instagram.com/dradaianaferrazsc/

Será um prazer recebê-lo(a). Se preferir não receber outras mensagens, é só me avisar."
"0","patoBranco_PB","46","4688022659","Contato","","","","","","","","","","","patoBranco_PB_20261004.txt","","Olá! Tudo bem? Aqui é o Wesley, marido da Dra. Daiana Ferraz. Ela é nova em Pato Branco, e gostaríamos de apresentar o trabalho dela por aqui.

Se quiser conhecer melhor:
https://share.google/xcLbjrVJT5NDUfYWV
https://www.instagram.com/dradaianaferrazsc/

Será um prazer recebê-lo(a). Se preferir não receber outras mensagens, é só me avisar."
"0","patoBranco_PB","46","4688024932","Contato","","","","","","","","","","","patoBranco_PB_20261004.txt","","Olá! Tudo bem? Aqui é o Wesley, marido da Dra. Daiana Ferraz. Ela é nova em Pato Branco, e gostaríamos de apresentar o trabalho dela por aqui.

Se quiser conhecer melhor:
https://share.google/xcLbjrVJT5NDUfYWV
https://www.instagram.com/dradaianaferrazsc/

Será um prazer recebê-lo(a). Se preferir não receber outras mensagens, é só me avisar."
"0","patoBranco_PB","46","4688026597","Contato","","","","","","","","","","","patoBranco_PB_20261004.txt","","Olá! Tudo bem? Aqui é o Wesley, marido da Dra. Daiana Ferraz. Ela é nova em Pato Branco, e gostaríamos de apresentar o trabalho dela por aqui.

Se quiser conhecer melhor:
https://share.google/xcLbjrVJT5NDUfYWV
https://www.instagram.com/dradaianaferrazsc/

Será um prazer recebê-lo(a). Se preferir não receber outras mensagens, é só me avisar."
"0","patoBranco_PB","46","4688027066","Contato","","","","","","","","","","","patoBranco_PB_20261004.txt","","Olá! Tudo bem? Aqui é o Wesley, marido da Dra. Daiana Ferraz. Ela é nova em Pato Branco, e gostaríamos de apresentar o trabalho dela por aqui.

Se quiser conhecer melhor:
https://share.google/xcLbjrVJT5NDUfYWV
https://www.instagram.com/dradaianaferrazsc/

Será um prazer recebê-lo(a). Se preferir não receber outras mensagens, é só me avisar."
"0","patoBranco_PB","46","4688027701","Contato","","","","","","","","","","","patoBranco_PB_20261004.txt","","Olá! Tudo bem? Aqui é o Wesley, marido da Dra. Daiana Ferraz. Ela é nova em Pato Branco, e gostaríamos de apresentar o trabalho dela por aqui.

Se quiser conhecer melhor:
https://share.google/xcLbjrVJT5NDUfYWV
https://www.instagram.com/dradaianaferrazsc/

Será um prazer recebê-lo(a). Se preferir não receber outras mensagens, é só me avisar."
"0","patoBranco_PB","46","4688029422","Contato","","","","","","","","","","","patoBranco_PB_20261004.txt","","Olá! Tudo bem? Aqui é o Wesley, marido da Dra. Daiana Ferraz. Ela é nova em Pato Branco, e gostaríamos de apresentar o trabalho dela por aqui.

Se quiser conhecer melhor:
https://share.google/xcLbjrVJT5NDUfYWV
https://www.instagram.com/dradaianaferrazsc/

Será um prazer recebê-lo(a). Se preferir não receber outras mensagens, é só me avisar."
"0","patoBranco_PB","46","4688030686","Contato","","","","","","","","","","","patoBranco_PB_20261004.txt","","Olá! Tudo bem? Aqui é o Wesley, marido da Dra. Daiana Ferraz. Ela é nova em Pato Branco, e gostaríamos de apresentar o trabalho dela por aqui.

Se quiser conhecer melhor:
https://share.google/xcLbjrVJT5NDUfYWV
https://www.instagram.com/dradaianaferrazsc/

Será um prazer recebê-lo(a). Se preferir não receber outras mensagens, é só me avisar."
"0","patoBranco_PB","46","4688031203","Contato","","","","","","","","","","","patoBranco_PB_20261004.txt","","Olá! Tudo bem? Aqui é o Wesley, marido da Dra. Daiana Ferraz. Ela é nova em Pato Branco, e gostaríamos de apresentar o trabalho dela por aqui.

Se quiser conhecer melhor:
https://share.google/xcLbjrVJT5NDUfYWV
https://www.instagram.com/dradaianaferrazsc/

Será um prazer recebê-lo(a). Se preferir não receber outras mensagens, é só me avisar."
"0","patoBranco_PB","46","4688031804","Contato","","","","","","","","","","","patoBranco_PB_20261004.txt","","Olá! Tudo bem? Aqui é o Wesley, marido da Dra. Daiana Ferraz. Ela é nova em Pato Branco, e gostaríamos de apresentar o trabalho dela por aqui.

Se quiser conhecer melhor:
https://share.google/xcLbjrVJT5NDUfYWV
https://www.instagram.com/dradaianaferrazsc/

Será um prazer recebê-lo(a). Se preferir não receber outras mensagens, é só me avisar."
"0","patoBranco_PB","46","4688032924","Contato","","","","","","","","","","","patoBranco_PB_20261004.txt","","Olá! Tudo bem? Aqui é o Wesley, marido da Dra. Daiana Ferraz. Ela é nova em Pato Branco, e gostaríamos de apresentar o trabalho dela por aqui.

Se quiser conhecer melhor:
https://share.google/xcLbjrVJT5NDUfYWV
https://www.instagram.com/dradaianaferrazsc/

Será um prazer recebê-lo(a). Se preferir não receber outras mensagens, é só me avisar."
"0","patoBranco_PB","46","4688033545","Contato","","","","","","","","","","","patoBranco_PB_20261004.txt","","Olá! Tudo bem? Aqui é o Wesley, marido da Dra. Daiana Ferraz. Ela é nova em Pato Branco, e gostaríamos de apresentar o trabalho dela por aqui.

Se quiser conhecer melhor:
https://share.google/xcLbjrVJT5NDUfYWV
https://www.instagram.com/dradaianaferrazsc/

Será um prazer recebê-lo(a). Se preferir não receber outras mensagens, é só me avisar."
"0","patoBranco_PB","46","4688034018","Contato","","","","","","","","","","","patoBranco_PB_20261004.txt","","Olá! Tudo bem? Aqui é o Wesley, marido da Dra. Daiana Ferraz. Ela é nova em Pato Branco, e gostaríamos de apresentar o trabalho dela por aqui.

Se quiser conhecer melhor:
https://share.google/xcLbjrVJT5NDUfYWV
https://www.instagram.com/dradaianaferrazsc/

Será um prazer recebê-lo(a). Se preferir não receber outras mensagens, é só me avisar."
"0","patoBranco_PB","46","4688034302","Contato","","","","","","","","","","","patoBranco_PB_20261004.txt","","Olá! Tudo bem? Aqui é o Wesley, marido da Dra. Daiana Ferraz. Ela é nova em Pato Branco, e gostaríamos de apresentar o trabalho dela por aqui.

Se quiser conhecer melhor:
https://share.google/xcLbjrVJT5NDUfYWV
https://www.instagram.com/dradaianaferrazsc/

Será um prazer recebê-lo(a). Se preferir não receber outras mensagens, é só me avisar."
"0","patoBranco_PB","46","4688040846","Contato","","","","","","","","","","","patoBranco_PB_20261004.txt","","Olá! Tudo bem? Aqui é o Wesley, marido da Dra. Daiana Ferraz. Ela é nova em Pato Branco, e gostaríamos de apresentar o trabalho dela por aqui.

Se quiser conhecer melhor:
https://share.google/xcLbjrVJT5NDUfYWV
https://www.instagram.com/dradaianaferrazsc/

Será um prazer recebê-lo(a). Se preferir não receber outras mensagens, é só me avisar."
"0","patoBranco_PB","46","4688041089","Contato","","","","","","","","","","","patoBranco_PB_20261004.txt","","Olá! Tudo bem? Aqui é o Wesley, marido da Dra. Daiana Ferraz. Ela é nova em Pato Branco, e gostaríamos de apresentar o trabalho dela por aqui.

Se quiser conhecer melhor:
https://share.google/xcLbjrVJT5NDUfYWV
https://www.instagram.com/dradaianaferrazsc/

Será um prazer recebê-lo(a). Se preferir não receber outras mensagens, é só me avisar."
"0","patoBranco_PB","46","4688044983","Contato","","","","","","","","","","","patoBranco_PB_20261004.txt","","Olá! Tudo bem? Aqui é o Wesley, marido da Dra. Daiana Ferraz. Ela é nova em Pato Branco, e gostaríamos de apresentar o trabalho dela por aqui.

Se quiser conhecer melhor:
https://share.google/xcLbjrVJT5NDUfYWV
https://www.instagram.com/dradaianaferrazsc/

Será um prazer recebê-lo(a). Se preferir não receber outras mensagens, é só me avisar."
"0","patoBranco_PB","46","4688049657","Contato","","","","","","","","","","","patoBranco_PB_20261004.txt","","Olá! Tudo bem? Aqui é o Wesley, marido da Dra. Daiana Ferraz. Ela é nova em Pato Branco, e gostaríamos de apresentar o trabalho dela por aqui.

Se quiser conhecer melhor:
https://share.google/xcLbjrVJT5NDUfYWV
https://www.instagram.com/dradaianaferrazsc/

Será um prazer recebê-lo(a). Se preferir não receber outras mensagens, é só me avisar."
"0","patoBranco_PB","46","4688052229","Contato","","","","","","","","","","","patoBranco_PB_20261004.txt","","Olá! Tudo bem? Aqui é o Wesley, marido da Dra. Daiana Ferraz. Ela é nova em Pato Branco, e gostaríamos de apresentar o trabalho dela por aqui.

Se quiser conhecer melhor:
https://share.google/xcLbjrVJT5NDUfYWV
https://www.instagram.com/dradaianaferrazsc/

Será um prazer recebê-lo(a). Se preferir não receber outras mensagens, é só me avisar."
"0","patoBranco_PB","46","4688052979","Contato","","","","","","","","","","","patoBranco_PB_20261004.txt","","Olá! Tudo bem? Aqui é o Wesley, marido da Dra. Daiana Ferraz. Ela é nova em Pato Branco, e gostaríamos de apresentar o trabalho dela por aqui.

Se quiser conhecer melhor:
https://share.google/xcLbjrVJT5NDUfYWV
https://www.instagram.com/dradaianaferrazsc/

Será um prazer recebê-lo(a). Se preferir não receber outras mensagens, é só me avisar."
"0","patoBranco_PB","46","4688055238","Contato","","","","","","","","","","","patoBranco_PB_20261004.txt","","Olá! Tudo bem? Aqui é o Wesley, marido da Dra. Daiana Ferraz. Ela é nova em Pato Branco, e gostaríamos de apresentar o trabalho dela por aqui.

Se quiser conhecer melhor:
https://share.google/xcLbjrVJT5NDUfYWV
https://www.instagram.com/dradaianaferrazsc/

Será um prazer recebê-lo(a). Se preferir não receber outras mensagens, é só me avisar."
"0","patoBranco_PB","46","4688055917","Contato","","","","","","","","","","","patoBranco_PB_20261004.txt","","Olá! Tudo bem? Aqui é o Wesley, marido da Dra. Daiana Ferraz. Ela é nova em Pato Branco, e gostaríamos de apresentar o trabalho dela por aqui.

Se quiser conhecer melhor:
https://share.google/xcLbjrVJT5NDUfYWV
https://www.instagram.com/dradaianaferrazsc/

Será um prazer recebê-lo(a). Se preferir não receber outras mensagens, é só me avisar."
"0","patoBranco_PB","46","4688057874","Contato","","","","","","","","","","","patoBranco_PB_20261004.txt","","Olá! Tudo bem? Aqui é o Wesley, marido da Dra. Daiana Ferraz. Ela é nova em Pato Branco, e gostaríamos de apresentar o trabalho dela por aqui.

Se quiser conhecer melhor:
https://share.google/xcLbjrVJT5NDUfYWV
https://www.instagram.com/dradaianaferrazsc/

Será um prazer recebê-lo(a). Se preferir não receber outras mensagens, é só me avisar."
"0","patoBranco_PB","46","4688058507","Contato","","","","","","","","","","","patoBranco_PB_20261004.txt","","Olá! Tudo bem? Aqui é o Wesley, marido da Dra. Daiana Ferraz. Ela é nova em Pato Branco, e gostaríamos de apresentar o trabalho dela por aqui.

Se quiser conhecer melhor:
https://share.google/xcLbjrVJT5NDUfYWV
https://www.instagram.com/dradaianaferrazsc/

Será um prazer recebê-lo(a). Se preferir não receber outras mensagens, é só me avisar."
"0","patoBranco_PB","46","4688060807","Contato","","","","","","","","","","","patoBranco_PB_20261004.txt","","Olá! Tudo bem? Aqui é o Wesley, marido da Dra. Daiana Ferraz. Ela é nova em Pato Branco, e gostaríamos de apresentar o trabalho dela por aqui.

Se quiser conhecer melhor:
https://share.google/xcLbjrVJT5NDUfYWV
https://www.instagram.com/dradaianaferrazsc/

Será um prazer recebê-lo(a). Se preferir não receber outras mensagens, é só me avisar."
"0","patoBranco_PB","46","4688064054","Contato","","","","","","","","","","","patoBranco_PB_20261004.txt","","Olá! Tudo bem? Aqui é o Wesley, marido da Dra. Daiana Ferraz. Ela é nova em Pato Branco, e gostaríamos de apresentar o trabalho dela por aqui.

Se quiser conhecer melhor:
https://share.google/xcLbjrVJT5NDUfYWV
https://www.instagram.com/dradaianaferrazsc/

Será um prazer recebê-lo(a). Se preferir não receber outras mensagens, é só me avisar."
"0","patoBranco_PB","46","4688070095","Contato","","","","","","","","","","","patoBranco_PB_20261004.txt","","Olá! Tudo bem? Aqui é o Wesley, marido da Dra. Daiana Ferraz. Ela é nova em Pato Branco, e gostaríamos de apresentar o trabalho dela por aqui.

Se quiser conhecer melhor:
https://share.google/xcLbjrVJT5NDUfYWV
https://www.instagram.com/dradaianaferrazsc/

Será um prazer recebê-lo(a). Se preferir não receber outras mensagens, é só me avisar."
"0","patoBranco_PB","46","4688070260","Contato","","","","","","","","","","","patoBranco_PB_20261004.txt","","Olá! Tudo bem? Aqui é o Wesley, marido da Dra. Daiana Ferraz. Ela é nova em Pato Branco, e gostaríamos de apresentar o trabalho dela por aqui.

Se quiser conhecer melhor:
https://share.google/xcLbjrVJT5NDUfYWV
https://www.instagram.com/dradaianaferrazsc/

Será um prazer recebê-lo(a). Se preferir não receber outras mensagens, é só me avisar."
"0","patoBranco_PB","46","4688070979","Contato","","","","","","","","","","","patoBranco_PB_20261004.txt","","Olá! Tudo bem? Aqui é o Wesley, marido da Dra. Daiana Ferraz. Ela é nova em Pato Branco, e gostaríamos de apresentar o trabalho dela por aqui.

Se quiser conhecer melhor:
https://share.google/xcLbjrVJT5NDUfYWV
https://www.instagram.com/dradaianaferrazsc/

Será um prazer recebê-lo(a). Se preferir não receber outras mensagens, é só me avisar."
"0","patoBranco_PB","46","4688071323","Contato","","","","","","","","","","","patoBranco_PB_20261004.txt","","Olá! Tudo bem? Aqui é o Wesley, marido da Dra. Daiana Ferraz. Ela é nova em Pato Branco, e gostaríamos de apresentar o trabalho dela por aqui.

Se quiser conhecer melhor:
https://share.google/xcLbjrVJT5NDUfYWV
https://www.instagram.com/dradaianaferrazsc/

Será um prazer recebê-lo(a). Se preferir não receber outras mensagens, é só me avisar."
"0","patoBranco_PB","46","4688072932","Contato","","","","","","","","","","","patoBranco_PB_20261004.txt","","Olá! Tudo bem? Aqui é o Wesley, marido da Dra. Daiana Ferraz. Ela é nova em Pato Branco, e gostaríamos de apresentar o trabalho dela por aqui.

Se quiser conhecer melhor:
https://share.google/xcLbjrVJT5NDUfYWV
https://www.instagram.com/dradaianaferrazsc/

Será um prazer recebê-lo(a). Se preferir não receber outras mensagens, é só me avisar."
"0","patoBranco_PB","46","4688073377","Contato","","","","","","","","","","","patoBranco_PB_20261004.txt","","Olá! Tudo bem? Aqui é o Wesley, marido da Dra. Daiana Ferraz. Ela é nova em Pato Branco, e gostaríamos de apresentar o trabalho dela por aqui.

Se quiser conhecer melhor:
https://share.google/xcLbjrVJT5NDUfYWV
https://www.instagram.com/dradaianaferrazsc/

Será um prazer recebê-lo(a). Se preferir não receber outras mensagens, é só me avisar."
"0","patoBranco_PB","46","4688074296","Contato","","","","","","","","","","","patoBranco_PB_20261004.txt","","Olá! Tudo bem? Aqui é o Wesley, marido da Dra. Daiana Ferraz. Ela é nova em Pato Branco, e gostaríamos de apresentar o trabalho dela por aqui.

Se quiser conhecer melhor:
https://share.google/xcLbjrVJT5NDUfYWV
https://www.instagram.com/dradaianaferrazsc/

Será um prazer recebê-lo(a). Se preferir não receber outras mensagens, é só me avisar."
"0","patoBranco_PB","46","4688077452","Contato","","","","","","","","","","","patoBranco_PB_20261004.txt","","Olá! Tudo bem? Aqui é o Wesley, marido da Dra. Daiana Ferraz. Ela é nova em Pato Branco, e gostaríamos de apresentar o trabalho dela por aqui.

Se quiser conhecer melhor:
https://share.google/xcLbjrVJT5NDUfYWV
https://www.instagram.com/dradaianaferrazsc/

Será um prazer recebê-lo(a). Se preferir não receber outras mensagens, é só me avisar."
"0","patoBranco_PB","46","4688086900","Contato","","","","","","","","","","","patoBranco_PB_20261004.txt","","Olá! Tudo bem? Aqui é o Wesley, marido da Dra. Daiana Ferraz. Ela é nova em Pato Branco, e gostaríamos de apresentar o trabalho dela por aqui.

Se quiser conhecer melhor:
https://share.google/xcLbjrVJT5NDUfYWV
https://www.instagram.com/dradaianaferrazsc/

Será um prazer recebê-lo(a). Se preferir não receber outras mensagens, é só me avisar."
"0","patoBranco_PB","46","4688087924","Contato","","","","","","","","","","","patoBranco_PB_20261004.txt","","Olá! Tudo bem? Aqui é o Wesley, marido da Dra. Daiana Ferraz. Ela é nova em Pato Branco, e gostaríamos de apresentar o trabalho dela por aqui.

Se quiser conhecer melhor:
https://share.google/xcLbjrVJT5NDUfYWV
https://www.instagram.com/dradaianaferrazsc/

Será um prazer recebê-lo(a). Se preferir não receber outras mensagens, é só me avisar."
"0","patoBranco_PB","46","4688099296","Contato","","","","","","","","","","","patoBranco_PB_20261004.txt","","Olá! Tudo bem? Aqui é o Wesley, marido da Dra. Daiana Ferraz. Ela é nova em Pato Branco, e gostaríamos de apresentar o trabalho dela por aqui.

Se quiser conhecer melhor:
https://share.google/xcLbjrVJT5NDUfYWV
https://www.instagram.com/dradaianaferrazsc/

Será um prazer recebê-lo(a). Se preferir não receber outras mensagens, é só me avisar."
"0","patoBranco_PB","46","4688101067","Contato","","","","","","","","","","","patoBranco_PB_20261004.txt","","Olá! Tudo bem? Aqui é o Wesley, marido da Dra. Daiana Ferraz. Ela é nova em Pato Branco, e gostaríamos de apresentar o trabalho dela por aqui.

Se quiser conhecer melhor:
https://share.google/xcLbjrVJT5NDUfYWV
https://www.instagram.com/dradaianaferrazsc/

Será um prazer recebê-lo(a). Se preferir não receber outras mensagens, é só me avisar."
"0","patoBranco_PB","46","4688102106","Contato","","","","","","","","","","","patoBranco_PB_20261004.txt","","Olá! Tudo bem? Aqui é o Wesley, marido da Dra. Daiana Ferraz. Ela é nova em Pato Branco, e gostaríamos de apresentar o trabalho dela por aqui.

Se quiser conhecer melhor:
https://share.google/xcLbjrVJT5NDUfYWV
https://www.instagram.com/dradaianaferrazsc/

Será um prazer recebê-lo(a). Se preferir não receber outras mensagens, é só me avisar."
"0","patoBranco_PB","46","4688103606","Contato","","","","","","","","","","","patoBranco_PB_20261004.txt","","Olá! Tudo bem? Aqui é o Wesley, marido da Dra. Daiana Ferraz. Ela é nova em Pato Branco, e gostaríamos de apresentar o trabalho dela por aqui.

Se quiser conhecer melhor:
https://share.google/xcLbjrVJT5NDUfYWV
https://www.instagram.com/dradaianaferrazsc/

Será um prazer recebê-lo(a). Se preferir não receber outras mensagens, é só me avisar."
"0","patoBranco_PB","46","4688105680","Contato","","","","","","","","","","","patoBranco_PB_20261004.txt","","Olá! Tudo bem? Aqui é o Wesley, marido da Dra. Daiana Ferraz. Ela é nova em Pato Branco, e gostaríamos de apresentar o trabalho dela por aqui.

Se quiser conhecer melhor:
https://share.google/xcLbjrVJT5NDUfYWV
https://www.instagram.com/dradaianaferrazsc/

Será um prazer recebê-lo(a). Se preferir não receber outras mensagens, é só me avisar."
"0","patoBranco_PB","46","4688106089","Contato","","","","","","","","","","","patoBranco_PB_20261004.txt","","Olá! Tudo bem? Aqui é o Wesley, marido da Dra. Daiana Ferraz. Ela é nova em Pato Branco, e gostaríamos de apresentar o trabalho dela por aqui.

Se quiser conhecer melhor:
https://share.google/xcLbjrVJT5NDUfYWV
https://www.instagram.com/dradaianaferrazsc/

Será um prazer recebê-lo(a). Se preferir não receber outras mensagens, é só me avisar."
"0","patoBranco_PB","46","4688108609","Contato","","","","","","","","","","","patoBranco_PB_20261004.txt","","Olá! Tudo bem? Aqui é o Wesley, marido da Dra. Daiana Ferraz. Ela é nova em Pato Branco, e gostaríamos de apresentar o trabalho dela por aqui.

Se quiser conhecer melhor:
https://share.google/xcLbjrVJT5NDUfYWV
https://www.instagram.com/dradaianaferrazsc/

Será um prazer recebê-lo(a). Se preferir não receber outras mensagens, é só me avisar."
"0","patoBranco_PB","46","4688116171","Contato","","","","","","","","","","","patoBranco_PB_20261004.txt","","Olá! Tudo bem? Aqui é o Wesley, marido da Dra. Daiana Ferraz. Ela é nova em Pato Branco, e gostaríamos de apresentar o trabalho dela por aqui.

Se quiser conhecer melhor:
https://share.google/xcLbjrVJT5NDUfYWV
https://www.instagram.com/dradaianaferrazsc/

Será um prazer recebê-lo(a). Se preferir não receber outras mensagens, é só me avisar."
"0","patoBranco_PB","46","4688125969","Contato","","","","","","","","","","","patoBranco_PB_20261004.txt","","Olá! Tudo bem? Aqui é o Wesley, marido da Dra. Daiana Ferraz. Ela é nova em Pato Branco, e gostaríamos de apresentar o trabalho dela por aqui.

Se quiser conhecer melhor:
https://share.google/xcLbjrVJT5NDUfYWV
https://www.instagram.com/dradaianaferrazsc/

Será um prazer recebê-lo(a). Se preferir não receber outras mensagens, é só me avisar."
"0","patoBranco_PB","46","4688126342","Contato","","","","","","","","","","","patoBranco_PB_20261004.txt","","Olá! Tudo bem? Aqui é o Wesley, marido da Dra. Daiana Ferraz. Ela é nova em Pato Branco, e gostaríamos de apresentar o trabalho dela por aqui.

Se quiser conhecer melhor:
https://share.google/xcLbjrVJT5NDUfYWV
https://www.instagram.com/dradaianaferrazsc/

Será um prazer recebê-lo(a). Se preferir não receber outras mensagens, é só me avisar."
"0","patoBranco_PB","46","4688132126","Contato","","","","","","","","","","","patoBranco_PB_20261004.txt","","Olá! Tudo bem? Aqui é o Wesley, marido da Dra. Daiana Ferraz. Ela é nova em Pato Branco, e gostaríamos de apresentar o trabalho dela por aqui.

Se quiser conhecer melhor:
https://share.google/xcLbjrVJT5NDUfYWV
https://www.instagram.com/dradaianaferrazsc/

Será um prazer recebê-lo(a). Se preferir não receber outras mensagens, é só me avisar."
"0","patoBranco_PB","46","4688132918","Contato","","","","","","","","","","","patoBranco_PB_20261004.txt","","Olá! Tudo bem? Aqui é o Wesley, marido da Dra. Daiana Ferraz. Ela é nova em Pato Branco, e gostaríamos de apresentar o trabalho dela por aqui.

Se quiser conhecer melhor:
https://share.google/xcLbjrVJT5NDUfYWV
https://www.instagram.com/dradaianaferrazsc/

Será um prazer recebê-lo(a). Se preferir não receber outras mensagens, é só me avisar."
"0","patoBranco_PB","46","4688138299","Contato","","","","","","","","","","","patoBranco_PB_20261004.txt","","Olá! Tudo bem? Aqui é o Wesley, marido da Dra. Daiana Ferraz. Ela é nova em Pato Branco, e gostaríamos de apresentar o trabalho dela por aqui.

Se quiser conhecer melhor:
https://share.google/xcLbjrVJT5NDUfYWV
https://www.instagram.com/dradaianaferrazsc/

Será um prazer recebê-lo(a). Se preferir não receber outras mensagens, é só me avisar."
"0","patoBranco_PB","46","4688142776","Contato","","","","","","","","","","","patoBranco_PB_20261004.txt","","Olá! Tudo bem? Aqui é o Wesley, marido da Dra. Daiana Ferraz. Ela é nova em Pato Branco, e gostaríamos de apresentar o trabalho dela por aqui.

Se quiser conhecer melhor:
https://share.google/xcLbjrVJT5NDUfYWV
https://www.instagram.com/dradaianaferrazsc/

Será um prazer recebê-lo(a). Se preferir não receber outras mensagens, é só me avisar."
"0","patoBranco_PB","46","4688146135","Contato","","","","","","","","","","","patoBranco_PB_20261004.txt","","Olá! Tudo bem? Aqui é o Wesley, marido da Dra. Daiana Ferraz. Ela é nova em Pato Branco, e gostaríamos de apresentar o trabalho dela por aqui.

Se quiser conhecer melhor:
https://share.google/xcLbjrVJT5NDUfYWV
https://www.instagram.com/dradaianaferrazsc/

Será um prazer recebê-lo(a). Se preferir não receber outras mensagens, é só me avisar."
"0","patoBranco_PB","46","4688160832","Contato","","","","","","","","","","","patoBranco_PB_20261004.txt","","Olá! Tudo bem? Aqui é o Wesley, marido da Dra. Daiana Ferraz. Ela é nova em Pato Branco, e gostaríamos de apresentar o trabalho dela por aqui.

Se quiser conhecer melhor:
https://share.google/xcLbjrVJT5NDUfYWV
https://www.instagram.com/dradaianaferrazsc/

Será um prazer recebê-lo(a). Se preferir não receber outras mensagens, é só me avisar."
"0","patoBranco_PB","46","4688168375","Contato","","","","","","","","","","","patoBranco_PB_20261004.txt","","Olá! Tudo bem? Aqui é o Wesley, marido da Dra. Daiana Ferraz. Ela é nova em Pato Branco, e gostaríamos de apresentar o trabalho dela por aqui.

Se quiser conhecer melhor:
https://share.google/xcLbjrVJT5NDUfYWV
https://www.instagram.com/dradaianaferrazsc/

Será um prazer recebê-lo(a). Se preferir não receber outras mensagens, é só me avisar."
"0","patoBranco_PB","46","4688179319","Contato","","","","","","","","","","","patoBranco_PB_20261004.txt","","Olá! Tudo bem? Aqui é o Wesley, marido da Dra. Daiana Ferraz. Ela é nova em Pato Branco, e gostaríamos de apresentar o trabalho dela por aqui.

Se quiser conhecer melhor:
https://share.google/xcLbjrVJT5NDUfYWV
https://www.instagram.com/dradaianaferrazsc/

Será um prazer recebê-lo(a). Se preferir não receber outras mensagens, é só me avisar."
"0","patoBranco_PB","46","4688181336","Contato","","","","","","","","","","","patoBranco_PB_20261004.txt","","Olá! Tudo bem? Aqui é o Wesley, marido da Dra. Daiana Ferraz. Ela é nova em Pato Branco, e gostaríamos de apresentar o trabalho dela por aqui.

Se quiser conhecer melhor:
https://share.google/xcLbjrVJT5NDUfYWV
https://www.instagram.com/dradaianaferrazsc/

Será um prazer recebê-lo(a). Se preferir não receber outras mensagens, é só me avisar."
"0","patoBranco_PB","46","4688185000","Contato","","","","","","","","","","","patoBranco_PB_20261004.txt","","Olá! Tudo bem? Aqui é o Wesley, marido da Dra. Daiana Ferraz. Ela é nova em Pato Branco, e gostaríamos de apresentar o trabalho dela por aqui.

Se quiser conhecer melhor:
https://share.google/xcLbjrVJT5NDUfYWV
https://www.instagram.com/dradaianaferrazsc/

Será um prazer recebê-lo(a). Se preferir não receber outras mensagens, é só me avisar."
"0","patoBranco_PB","46","4688186672","Contato","","","","","","","","","","","patoBranco_PB_20261004.txt","","Olá! Tudo bem? Aqui é o Wesley, marido da Dra. Daiana Ferraz. Ela é nova em Pato Branco, e gostaríamos de apresentar o trabalho dela por aqui.

Se quiser conhecer melhor:
https://share.google/xcLbjrVJT5NDUfYWV
https://www.instagram.com/dradaianaferrazsc/

Será um prazer recebê-lo(a). Se preferir não receber outras mensagens, é só me avisar."
"0","patoBranco_PB","46","4688189715","Contato","","","","","","","","","","","patoBranco_PB_20261004.txt","","Olá! Tudo bem? Aqui é o Wesley, marido da Dra. Daiana Ferraz. Ela é nova em Pato Branco, e gostaríamos de apresentar o trabalho dela por aqui.

Se quiser conhecer melhor:
https://share.google/xcLbjrVJT5NDUfYWV
https://www.instagram.com/dradaianaferrazsc/

Será um prazer recebê-lo(a). Se preferir não receber outras mensagens, é só me avisar."
"0","patoBranco_PB","46","4688190761","Contato","","","","","","","","","","","patoBranco_PB_20261004.txt","","Olá! Tudo bem? Aqui é o Wesley, marido da Dra. Daiana Ferraz. Ela é nova em Pato Branco, e gostaríamos de apresentar o trabalho dela por aqui.

Se quiser conhecer melhor:
https://share.google/xcLbjrVJT5NDUfYWV
https://www.instagram.com/dradaianaferrazsc/

Será um prazer recebê-lo(a). Se preferir não receber outras mensagens, é só me avisar."
"0","patoBranco_PB","46","4688192273","Contato","","","","","","","","","","","patoBranco_PB_20261004.txt","","Olá! Tudo bem? Aqui é o Wesley, marido da Dra. Daiana Ferraz. Ela é nova em Pato Branco, e gostaríamos de apresentar o trabalho dela por aqui.

Se quiser conhecer melhor:
https://share.google/xcLbjrVJT5NDUfYWV
https://www.instagram.com/dradaianaferrazsc/

Será um prazer recebê-lo(a). Se preferir não receber outras mensagens, é só me avisar."
"0","patoBranco_PB","46","4688195939","Contato","","","","","","","","","","","patoBranco_PB_20261004.txt","","Olá! Tudo bem? Aqui é o Wesley, marido da Dra. Daiana Ferraz. Ela é nova em Pato Branco, e gostaríamos de apresentar o trabalho dela por aqui.

Se quiser conhecer melhor:
https://share.google/xcLbjrVJT5NDUfYWV
https://www.instagram.com/dradaianaferrazsc/

Será um prazer recebê-lo(a). Se preferir não receber outras mensagens, é só me avisar."
"0","patoBranco_PB","46","4688200464","Contato","","","","","","","","","","","patoBranco_PB_20261004.txt","","Olá! Tudo bem? Aqui é o Wesley, marido da Dra. Daiana Ferraz. Ela é nova em Pato Branco, e gostaríamos de apresentar o trabalho dela por aqui.

Se quiser conhecer melhor:
https://share.google/xcLbjrVJT5NDUfYWV
https://www.instagram.com/dradaianaferrazsc/

Será um prazer recebê-lo(a). Se preferir não receber outras mensagens, é só me avisar."
"0","patoBranco_PB","46","4688200693","Contato","","","","","","","","","","","patoBranco_PB_20261004.txt","","Olá! Tudo bem? Aqui é o Wesley, marido da Dra. Daiana Ferraz. Ela é nova em Pato Branco, e gostaríamos de apresentar o trabalho dela por aqui.

Se quiser conhecer melhor:
https://share.google/xcLbjrVJT5NDUfYWV
https://www.instagram.com/dradaianaferrazsc/

Será um prazer recebê-lo(a). Se preferir não receber outras mensagens, é só me avisar."
"0","patoBranco_PB","46","4688203373","Contato","","","","","","","","","","","patoBranco_PB_20261004.txt","","Olá! Tudo bem? Aqui é o Wesley, marido da Dra. Daiana Ferraz. Ela é nova em Pato Branco, e gostaríamos de apresentar o trabalho dela por aqui.

Se quiser conhecer melhor:
https://share.google/xcLbjrVJT5NDUfYWV
https://www.instagram.com/dradaianaferrazsc/

Será um prazer recebê-lo(a). Se preferir não receber outras mensagens, é só me avisar."
"0","patoBranco_PB","46","4688203912","Contato","","","","","","","","","","","patoBranco_PB_20261004.txt","","Olá! Tudo bem? Aqui é o Wesley, marido da Dra. Daiana Ferraz. Ela é nova em Pato Branco, e gostaríamos de apresentar o trabalho dela por aqui.

Se quiser conhecer melhor:
https://share.google/xcLbjrVJT5NDUfYWV
https://www.instagram.com/dradaianaferrazsc/

Será um prazer recebê-lo(a). Se preferir não receber outras mensagens, é só me avisar."
"0","patoBranco_PB","46","4688216115","Contato","","","","","","","","","","","patoBranco_PB_20261004.txt","","Olá! Tudo bem? Aqui é o Wesley, marido da Dra. Daiana Ferraz. Ela é nova em Pato Branco, e gostaríamos de apresentar o trabalho dela por aqui.

Se quiser conhecer melhor:
https://share.google/xcLbjrVJT5NDUfYWV
https://www.instagram.com/dradaianaferrazsc/

Será um prazer recebê-lo(a). Se preferir não receber outras mensagens, é só me avisar."
"0","patoBranco_PB","46","4688216169","Contato","","","","","","","","","","","patoBranco_PB_20261004.txt","","Olá! Tudo bem? Aqui é o Wesley, marido da Dra. Daiana Ferraz. Ela é nova em Pato Branco, e gostaríamos de apresentar o trabalho dela por aqui.

Se quiser conhecer melhor:
https://share.google/xcLbjrVJT5NDUfYWV
https://www.instagram.com/dradaianaferrazsc/

Será um prazer recebê-lo(a). Se preferir não receber outras mensagens, é só me avisar."
"0","patoBranco_PB","46","4688218627","Contato","","","","","","","","","","","patoBranco_PB_20261004.txt","","Olá! Tudo bem? Aqui é o Wesley, marido da Dra. Daiana Ferraz. Ela é nova em Pato Branco, e gostaríamos de apresentar o trabalho dela por aqui.

Se quiser conhecer melhor:
https://share.google/xcLbjrVJT5NDUfYWV
https://www.instagram.com/dradaianaferrazsc/

Será um prazer recebê-lo(a). Se preferir não receber outras mensagens, é só me avisar."
"0","patoBranco_PB","46","4688219091","Contato","","","","","","","","","","","patoBranco_PB_20261004.txt","","Olá! Tudo bem? Aqui é o Wesley, marido da Dra. Daiana Ferraz. Ela é nova em Pato Branco, e gostaríamos de apresentar o trabalho dela por aqui.

Se quiser conhecer melhor:
https://share.google/xcLbjrVJT5NDUfYWV
https://www.instagram.com/dradaianaferrazsc/

Será um prazer recebê-lo(a). Se preferir não receber outras mensagens, é só me avisar."
"0","patoBranco_PB","46","4688219159","Contato","","","","","","","","","","","patoBranco_PB_20261004.txt","","Olá! Tudo bem? Aqui é o Wesley, marido da Dra. Daiana Ferraz. Ela é nova em Pato Branco, e gostaríamos de apresentar o trabalho dela por aqui.

Se quiser conhecer melhor:
https://share.google/xcLbjrVJT5NDUfYWV
https://www.instagram.com/dradaianaferrazsc/

Será um prazer recebê-lo(a). Se preferir não receber outras mensagens, é só me avisar."
"0","patoBranco_PB","46","4688222478","Contato","","","","","","","","","","","patoBranco_PB_20261004.txt","","Olá! Tudo bem? Aqui é o Wesley, marido da Dra. Daiana Ferraz. Ela é nova em Pato Branco, e gostaríamos de apresentar o trabalho dela por aqui.

Se quiser conhecer melhor:
https://share.google/xcLbjrVJT5NDUfYWV
https://www.instagram.com/dradaianaferrazsc/

Será um prazer recebê-lo(a). Se preferir não receber outras mensagens, é só me avisar."
"0","patoBranco_PB","46","4688225830","Contato","","","","","","","","","","","patoBranco_PB_20261004.txt","","Olá! Tudo bem? Aqui é o Wesley, marido da Dra. Daiana Ferraz. Ela é nova em Pato Branco, e gostaríamos de apresentar o trabalho dela por aqui.

Se quiser conhecer melhor:
https://share.google/xcLbjrVJT5NDUfYWV
https://www.instagram.com/dradaianaferrazsc/

Será um prazer recebê-lo(a). Se preferir não receber outras mensagens, é só me avisar."
"0","patoBranco_PB","46","4688226144","Contato","","","","","","","","","","","patoBranco_PB_20261004.txt","","Olá! Tudo bem? Aqui é o Wesley, marido da Dra. Daiana Ferraz. Ela é nova em Pato Branco, e gostaríamos de apresentar o trabalho dela por aqui.

Se quiser conhecer melhor:
https://share.google/xcLbjrVJT5NDUfYWV
https://www.instagram.com/dradaianaferrazsc/

Será um prazer recebê-lo(a). Se preferir não receber outras mensagens, é só me avisar."
"0","patoBranco_PB","46","4688226158","Contato","","","","","","","","","","","patoBranco_PB_20261004.txt","","Olá! Tudo bem? Aqui é o Wesley, marido da Dra. Daiana Ferraz. Ela é nova em Pato Branco, e gostaríamos de apresentar o trabalho dela por aqui.

Se quiser conhecer melhor:
https://share.google/xcLbjrVJT5NDUfYWV
https://www.instagram.com/dradaianaferrazsc/

Será um prazer recebê-lo(a). Se preferir não receber outras mensagens, é só me avisar."
"0","patoBranco_PB","46","4688227420","Contato","","","","","","","","","","","patoBranco_PB_20261004.txt","","Olá! Tudo bem? Aqui é o Wesley, marido da Dra. Daiana Ferraz. Ela é nova em Pato Branco, e gostaríamos de apresentar o trabalho dela por aqui.

Se quiser conhecer melhor:
https://share.google/xcLbjrVJT5NDUfYWV
https://www.instagram.com/dradaianaferrazsc/

Será um prazer recebê-lo(a). Se preferir não receber outras mensagens, é só me avisar."
"0","patoBranco_PB","46","4688238090","Contato","","","","","","","","","","","patoBranco_PB_20261004.txt","","Olá! Tudo bem? Aqui é o Wesley, marido da Dra. Daiana Ferraz. Ela é nova em Pato Branco, e gostaríamos de apresentar o trabalho dela por aqui.

Se quiser conhecer melhor:
https://share.google/xcLbjrVJT5NDUfYWV
https://www.instagram.com/dradaianaferrazsc/

Será um prazer recebê-lo(a). Se preferir não receber outras mensagens, é só me avisar."
"0","patoBranco_PB","46","4688238215","Contato","","","","","","","","","","","patoBranco_PB_20261004.txt","","Olá! Tudo bem? Aqui é o Wesley, marido da Dra. Daiana Ferraz. Ela é nova em Pato Branco, e gostaríamos de apresentar o trabalho dela por aqui.

Se quiser conhecer melhor:
https://share.google/xcLbjrVJT5NDUfYWV
https://www.instagram.com/dradaianaferrazsc/

Será um prazer recebê-lo(a). Se preferir não receber outras mensagens, é só me avisar."
"0","patoBranco_PB","46","4688239360","Contato","","","","","","","","","","","patoBranco_PB_20261004.txt","","Olá! Tudo bem? Aqui é o Wesley, marido da Dra. Daiana Ferraz. Ela é nova em Pato Branco, e gostaríamos de apresentar o trabalho dela por aqui.

Se quiser conhecer melhor:
https://share.google/xcLbjrVJT5NDUfYWV
https://www.instagram.com/dradaianaferrazsc/

Será um prazer recebê-lo(a). Se preferir não receber outras mensagens, é só me avisar."
"0","patoBranco_PB","46","4688239841","Contato","","","","","","","","","","","patoBranco_PB_20261004.txt","","Olá! Tudo bem? Aqui é o Wesley, marido da Dra. Daiana Ferraz. Ela é nova em Pato Branco, e gostaríamos de apresentar o trabalho dela por aqui.

Se quiser conhecer melhor:
https://share.google/xcLbjrVJT5NDUfYWV
https://www.instagram.com/dradaianaferrazsc/

Será um prazer recebê-lo(a). Se preferir não receber outras mensagens, é só me avisar."
"0","patoBranco_PB","46","4688240722","Contato","","","","","","","","","","","patoBranco_PB_20261004.txt","","Olá! Tudo bem? Aqui é o Wesley, marido da Dra. Daiana Ferraz. Ela é nova em Pato Branco, e gostaríamos de apresentar o trabalho dela por aqui.

Se quiser conhecer melhor:
https://share.google/xcLbjrVJT5NDUfYWV
https://www.instagram.com/dradaianaferrazsc/

Será um prazer recebê-lo(a). Se preferir não receber outras mensagens, é só me avisar."
"0","patoBranco_PB","46","4688242360","Contato","","","","","","","","","","","patoBranco_PB_20261004.txt","","Olá! Tudo bem? Aqui é o Wesley, marido da Dra. Daiana Ferraz. Ela é nova em Pato Branco, e gostaríamos de apresentar o trabalho dela por aqui.

Se quiser conhecer melhor:
https://share.google/xcLbjrVJT5NDUfYWV
https://www.instagram.com/dradaianaferrazsc/

Será um prazer recebê-lo(a). Se preferir não receber outras mensagens, é só me avisar."
"0","patoBranco_PB","46","4688246715","Contato","","","","","","","","","","","patoBranco_PB_20261004.txt","","Olá! Tudo bem? Aqui é o Wesley, marido da Dra. Daiana Ferraz. Ela é nova em Pato Branco, e gostaríamos de apresentar o trabalho dela por aqui.

Se quiser conhecer melhor:
https://share.google/xcLbjrVJT5NDUfYWV
https://www.instagram.com/dradaianaferrazsc/

Será um prazer recebê-lo(a). Se preferir não receber outras mensagens, é só me avisar."
"0","patoBranco_PB","46","4688247280","Contato","","","","","","","","","","","patoBranco_PB_20261004.txt","","Olá! Tudo bem? Aqui é o Wesley, marido da Dra. Daiana Ferraz. Ela é nova em Pato Branco, e gostaríamos de apresentar o trabalho dela por aqui.

Se quiser conhecer melhor:
https://share.google/xcLbjrVJT5NDUfYWV
https://www.instagram.com/dradaianaferrazsc/

Será um prazer recebê-lo(a). Se preferir não receber outras mensagens, é só me avisar."
"0","patoBranco_PB","46","4688248292","Contato","","","","","","","","","","","patoBranco_PB_20261004.txt","","Olá! Tudo bem? Aqui é o Wesley, marido da Dra. Daiana Ferraz. Ela é nova em Pato Branco, e gostaríamos de apresentar o trabalho dela por aqui.

Se quiser conhecer melhor:
https://share.google/xcLbjrVJT5NDUfYWV
https://www.instagram.com/dradaianaferrazsc/

Será um prazer recebê-lo(a). Se preferir não receber outras mensagens, é só me avisar."
"0","patoBranco_PB","46","4688248432","Contato","","","","","","","","","","","patoBranco_PB_20261004.txt","","Olá! Tudo bem? Aqui é o Wesley, marido da Dra. Daiana Ferraz. Ela é nova em Pato Branco, e gostaríamos de apresentar o trabalho dela por aqui.

Se quiser conhecer melhor:
https://share.google/xcLbjrVJT5NDUfYWV
https://www.instagram.com/dradaianaferrazsc/

Será um prazer recebê-lo(a). Se preferir não receber outras mensagens, é só me avisar."
"0","patoBranco_PB","46","4688261419","Contato","","","","","","","","","","","patoBranco_PB_20261004.txt","","Olá! Tudo bem? Aqui é o Wesley, marido da Dra. Daiana Ferraz. Ela é nova em Pato Branco, e gostaríamos de apresentar o trabalho dela por aqui.

Se quiser conhecer melhor:
https://share.google/xcLbjrVJT5NDUfYWV
https://www.instagram.com/dradaianaferrazsc/

Será um prazer recebê-lo(a). Se preferir não receber outras mensagens, é só me avisar."
"0","patoBranco_PB","46","4688264108","Contato","","","","","","","","","","","patoBranco_PB_20261004.txt","","Olá! Tudo bem? Aqui é o Wesley, marido da Dra. Daiana Ferraz. Ela é nova em Pato Branco, e gostaríamos de apresentar o trabalho dela por aqui.

Se quiser conhecer melhor:
https://share.google/xcLbjrVJT5NDUfYWV
https://www.instagram.com/dradaianaferrazsc/

Será um prazer recebê-lo(a). Se preferir não receber outras mensagens, é só me avisar."
"0","patoBranco_PB","46","4688267031","Contato","","","","","","","","","","","patoBranco_PB_20261004.txt","","Olá! Tudo bem? Aqui é o Wesley, marido da Dra. Daiana Ferraz. Ela é nova em Pato Branco, e gostaríamos de apresentar o trabalho dela por aqui.

Se quiser conhecer melhor:
https://share.google/xcLbjrVJT5NDUfYWV
https://www.instagram.com/dradaianaferrazsc/

Será um prazer recebê-lo(a). Se preferir não receber outras mensagens, é só me avisar."
"0","patoBranco_PB","46","4688268704","Contato","","","","","","","","","","","patoBranco_PB_20261004.txt","","Olá! Tudo bem? Aqui é o Wesley, marido da Dra. Daiana Ferraz. Ela é nova em Pato Branco, e gostaríamos de apresentar o trabalho dela por aqui.

Se quiser conhecer melhor:
https://share.google/xcLbjrVJT5NDUfYWV
https://www.instagram.com/dradaianaferrazsc/

Será um prazer recebê-lo(a). Se preferir não receber outras mensagens, é só me avisar."
"0","patoBranco_PB","46","4688271531","Contato","","","","","","","","","","","patoBranco_PB_20261004.txt","","Olá! Tudo bem? Aqui é o Wesley, marido da Dra. Daiana Ferraz. Ela é nova em Pato Branco, e gostaríamos de apresentar o trabalho dela por aqui.

Se quiser conhecer melhor:
https://share.google/xcLbjrVJT5NDUfYWV
https://www.instagram.com/dradaianaferrazsc/

Será um prazer recebê-lo(a). Se preferir não receber outras mensagens, é só me avisar."
"0","patoBranco_PB","46","4688272572","Contato","","","","","","","","","","","patoBranco_PB_20261004.txt","","Olá! Tudo bem? Aqui é o Wesley, marido da Dra. Daiana Ferraz. Ela é nova em Pato Branco, e gostaríamos de apresentar o trabalho dela por aqui.

Se quiser conhecer melhor:
https://share.google/xcLbjrVJT5NDUfYWV
https://www.instagram.com/dradaianaferrazsc/

Será um prazer recebê-lo(a). Se preferir não receber outras mensagens, é só me avisar."
"0","patoBranco_PB","46","4688272609","Contato","","","","","","","","","","","patoBranco_PB_20261004.txt","","Olá! Tudo bem? Aqui é o Wesley, marido da Dra. Daiana Ferraz. Ela é nova em Pato Branco, e gostaríamos de apresentar o trabalho dela por aqui.

Se quiser conhecer melhor:
https://share.google/xcLbjrVJT5NDUfYWV
https://www.instagram.com/dradaianaferrazsc/

Será um prazer recebê-lo(a). Se preferir não receber outras mensagens, é só me avisar."
"0","patoBranco_PB","46","4688279355","Contato","","","","","","","","","","","patoBranco_PB_20261004.txt","","Olá! Tudo bem? Aqui é o Wesley, marido da Dra. Daiana Ferraz. Ela é nova em Pato Branco, e gostaríamos de apresentar o trabalho dela por aqui.

Se quiser conhecer melhor:
https://share.google/xcLbjrVJT5NDUfYWV
https://www.instagram.com/dradaianaferrazsc/

Será um prazer recebê-lo(a). Se preferir não receber outras mensagens, é só me avisar."
"0","patoBranco_PB","46","4688280117","Contato","","","","","","","","","","","patoBranco_PB_20261004.txt","","Olá! Tudo bem? Aqui é o Wesley, marido da Dra. Daiana Ferraz. Ela é nova em Pato Branco, e gostaríamos de apresentar o trabalho dela por aqui.

Se quiser conhecer melhor:
https://share.google/xcLbjrVJT5NDUfYWV
https://www.instagram.com/dradaianaferrazsc/

Será um prazer recebê-lo(a). Se preferir não receber outras mensagens, é só me avisar."
"0","patoBranco_PB","46","4688287361","Contato","","","","","","","","","","","patoBranco_PB_20261004.txt","","Olá! Tudo bem? Aqui é o Wesley, marido da Dra. Daiana Ferraz. Ela é nova em Pato Branco, e gostaríamos de apresentar o trabalho dela por aqui.

Se quiser conhecer melhor:
https://share.google/xcLbjrVJT5NDUfYWV
https://www.instagram.com/dradaianaferrazsc/

Será um prazer recebê-lo(a). Se preferir não receber outras mensagens, é só me avisar."
"0","patoBranco_PB","46","4688288470","Contato","","","","","","","","","","","patoBranco_PB_20261004.txt","","Olá! Tudo bem? Aqui é o Wesley, marido da Dra. Daiana Ferraz. Ela é nova em Pato Branco, e gostaríamos de apresentar o trabalho dela por aqui.

Se quiser conhecer melhor:
https://share.google/xcLbjrVJT5NDUfYWV
https://www.instagram.com/dradaianaferrazsc/

Será um prazer recebê-lo(a). Se preferir não receber outras mensagens, é só me avisar."
"0","patoBranco_PB","46","4688288472","Contato","","","","","","","","","","","patoBranco_PB_20261004.txt","","Olá! Tudo bem? Aqui é o Wesley, marido da Dra. Daiana Ferraz. Ela é nova em Pato Branco, e gostaríamos de apresentar o trabalho dela por aqui.

Se quiser conhecer melhor:
https://share.google/xcLbjrVJT5NDUfYWV
https://www.instagram.com/dradaianaferrazsc/

Será um prazer recebê-lo(a). Se preferir não receber outras mensagens, é só me avisar."
"0","patoBranco_PB","46","4688297061","Contato","","","","","","","","","","","patoBranco_PB_20261004.txt","","Olá! Tudo bem? Aqui é o Wesley, marido da Dra. Daiana Ferraz. Ela é nova em Pato Branco, e gostaríamos de apresentar o trabalho dela por aqui.

Se quiser conhecer melhor:
https://share.google/xcLbjrVJT5NDUfYWV
https://www.instagram.com/dradaianaferrazsc/

Será um prazer recebê-lo(a). Se preferir não receber outras mensagens, é só me avisar."
"0","patoBranco_PB","46","4688297572","Contato","","","","","","","","","","","patoBranco_PB_20261004.txt","","Olá! Tudo bem? Aqui é o Wesley, marido da Dra. Daiana Ferraz. Ela é nova em Pato Branco, e gostaríamos de apresentar o trabalho dela por aqui.

Se quiser conhecer melhor:
https://share.google/xcLbjrVJT5NDUfYWV
https://www.instagram.com/dradaianaferrazsc/

Será um prazer recebê-lo(a). Se preferir não receber outras mensagens, é só me avisar."
"0","patoBranco_PB","46","4688304666","Contato","","","","","","","","","","","patoBranco_PB_20261004.txt","","Olá! Tudo bem? Aqui é o Wesley, marido da Dra. Daiana Ferraz. Ela é nova em Pato Branco, e gostaríamos de apresentar o trabalho dela por aqui.

Se quiser conhecer melhor:
https://share.google/xcLbjrVJT5NDUfYWV
https://www.instagram.com/dradaianaferrazsc/

Será um prazer recebê-lo(a). Se preferir não receber outras mensagens, é só me avisar."
"0","patoBranco_PB","46","4688305527","Contato","","","","","","","","","","","patoBranco_PB_20261004.txt","","Olá! Tudo bem? Aqui é o Wesley, marido da Dra. Daiana Ferraz. Ela é nova em Pato Branco, e gostaríamos de apresentar o trabalho dela por aqui.

Se quiser conhecer melhor:
https://share.google/xcLbjrVJT5NDUfYWV
https://www.instagram.com/dradaianaferrazsc/

Será um prazer recebê-lo(a). Se preferir não receber outras mensagens, é só me avisar."
"0","patoBranco_PB","46","4688307393","Contato","","","","","","","","","","","patoBranco_PB_20261004.txt","","Olá! Tudo bem? Aqui é o Wesley, marido da Dra. Daiana Ferraz. Ela é nova em Pato Branco, e gostaríamos de apresentar o trabalho dela por aqui.

Se quiser conhecer melhor:
https://share.google/xcLbjrVJT5NDUfYWV
https://www.instagram.com/dradaianaferrazsc/

Será um prazer recebê-lo(a). Se preferir não receber outras mensagens, é só me avisar."
"0","patoBranco_PB","46","4688313223","Contato","","","","","","","","","","","patoBranco_PB_20261004.txt","","Olá! Tudo bem? Aqui é o Wesley, marido da Dra. Daiana Ferraz. Ela é nova em Pato Branco, e gostaríamos de apresentar o trabalho dela por aqui.

Se quiser conhecer melhor:
https://share.google/xcLbjrVJT5NDUfYWV
https://www.instagram.com/dradaianaferrazsc/

Será um prazer recebê-lo(a). Se preferir não receber outras mensagens, é só me avisar."
"0","patoBranco_PB","46","4688319355","Contato","","","","","","","","","","","patoBranco_PB_20261004.txt","","Olá! Tudo bem? Aqui é o Wesley, marido da Dra. Daiana Ferraz. Ela é nova em Pato Branco, e gostaríamos de apresentar o trabalho dela por aqui.

Se quiser conhecer melhor:
https://share.google/xcLbjrVJT5NDUfYWV
https://www.instagram.com/dradaianaferrazsc/

Será um prazer recebê-lo(a). Se preferir não receber outras mensagens, é só me avisar."
"0","patoBranco_PB","46","4688321459","Contato","","","","","","","","","","","patoBranco_PB_20261004.txt","","Olá! Tudo bem? Aqui é o Wesley, marido da Dra. Daiana Ferraz. Ela é nova em Pato Branco, e gostaríamos de apresentar o trabalho dela por aqui.

Se quiser conhecer melhor:
https://share.google/xcLbjrVJT5NDUfYWV
https://www.instagram.com/dradaianaferrazsc/

Será um prazer recebê-lo(a). Se preferir não receber outras mensagens, é só me avisar."
"0","patoBranco_PB","46","4688339285","Contato","","","","","","","","","","","patoBranco_PB_20261004.txt","","Olá! Tudo bem? Aqui é o Wesley, marido da Dra. Daiana Ferraz. Ela é nova em Pato Branco, e gostaríamos de apresentar o trabalho dela por aqui.

Se quiser conhecer melhor:
https://share.google/xcLbjrVJT5NDUfYWV
https://www.instagram.com/dradaianaferrazsc/

Será um prazer recebê-lo(a). Se preferir não receber outras mensagens, é só me avisar."
"0","patoBranco_PB","46","4688343247","Contato","","","","","","","","","","","patoBranco_PB_20261004.txt","","Olá! Tudo bem? Aqui é o Wesley, marido da Dra. Daiana Ferraz. Ela é nova em Pato Branco, e gostaríamos de apresentar o trabalho dela por aqui.

Se quiser conhecer melhor:
https://share.google/xcLbjrVJT5NDUfYWV
https://www.instagram.com/dradaianaferrazsc/

Será um prazer recebê-lo(a). Se preferir não receber outras mensagens, é só me avisar."
"0","patoBranco_PB","46","4688351442","Contato","","","","","","","","","","","patoBranco_PB_20261004.txt","","Olá! Tudo bem? Aqui é o Wesley, marido da Dra. Daiana Ferraz. Ela é nova em Pato Branco, e gostaríamos de apresentar o trabalho dela por aqui.

Se quiser conhecer melhor:
https://share.google/xcLbjrVJT5NDUfYWV
https://www.instagram.com/dradaianaferrazsc/

Será um prazer recebê-lo(a). Se preferir não receber outras mensagens, é só me avisar."
"0","patoBranco_PB","46","4688359729","Contato","","","","","","","","","","","patoBranco_PB_20261004.txt","","Olá! Tudo bem? Aqui é o Wesley, marido da Dra. Daiana Ferraz. Ela é nova em Pato Branco, e gostaríamos de apresentar o trabalho dela por aqui.

Se quiser conhecer melhor:
https://share.google/xcLbjrVJT5NDUfYWV
https://www.instagram.com/dradaianaferrazsc/

Será um prazer recebê-lo(a). Se preferir não receber outras mensagens, é só me avisar."
"0","patoBranco_PB","46","4688366050","Contato","","","","","","","","","","","patoBranco_PB_20261004.txt","","Olá! Tudo bem? Aqui é o Wesley, marido da Dra. Daiana Ferraz. Ela é nova em Pato Branco, e gostaríamos de apresentar o trabalho dela por aqui.

Se quiser conhecer melhor:
https://share.google/xcLbjrVJT5NDUfYWV
https://www.instagram.com/dradaianaferrazsc/

Será um prazer recebê-lo(a). Se preferir não receber outras mensagens, é só me avisar."
"0","patoBranco_PB","46","4688373341","Contato","","","","","","","","","","","patoBranco_PB_20261004.txt","","Olá! Tudo bem? Aqui é o Wesley, marido da Dra. Daiana Ferraz. Ela é nova em Pato Branco, e gostaríamos de apresentar o trabalho dela por aqui.

Se quiser conhecer melhor:
https://share.google/xcLbjrVJT5NDUfYWV
https://www.instagram.com/dradaianaferrazsc/

Será um prazer recebê-lo(a). Se preferir não receber outras mensagens, é só me avisar."
"0","patoBranco_PB","46","4688377097","Contato","","","","","","","","","","","patoBranco_PB_20261004.txt","","Olá! Tudo bem? Aqui é o Wesley, marido da Dra. Daiana Ferraz. Ela é nova em Pato Branco, e gostaríamos de apresentar o trabalho dela por aqui.

Se quiser conhecer melhor:
https://share.google/xcLbjrVJT5NDUfYWV
https://www.instagram.com/dradaianaferrazsc/

Será um prazer recebê-lo(a). Se preferir não receber outras mensagens, é só me avisar."
"0","patoBranco_PB","46","4688389427","Contato","","","","","","","","","","","patoBranco_PB_20261004.txt","","Olá! Tudo bem? Aqui é o Wesley, marido da Dra. Daiana Ferraz. Ela é nova em Pato Branco, e gostaríamos de apresentar o trabalho dela por aqui.

Se quiser conhecer melhor:
https://share.google/xcLbjrVJT5NDUfYWV
https://www.instagram.com/dradaianaferrazsc/

Será um prazer recebê-lo(a). Se preferir não receber outras mensagens, é só me avisar."
"0","patoBranco_PB","46","4691010636","Contato","","","","","","","","","","","patoBranco_PB_20261004.txt","","Olá! Tudo bem? Aqui é o Wesley, marido da Dra. Daiana Ferraz. Ela é nova em Pato Branco, e gostaríamos de apresentar o trabalho dela por aqui.

Se quiser conhecer melhor:
https://share.google/xcLbjrVJT5NDUfYWV
https://www.instagram.com/dradaianaferrazsc/

Será um prazer recebê-lo(a). Se preferir não receber outras mensagens, é só me avisar."
"0","patoBranco_PB","46","4691010656","Contato","","","","","","","","","","","patoBranco_PB_20261004.txt","","Olá! Tudo bem? Aqui é o Wesley, marido da Dra. Daiana Ferraz. Ela é nova em Pato Branco, e gostaríamos de apresentar o trabalho dela por aqui.

Se quiser conhecer melhor:
https://share.google/xcLbjrVJT5NDUfYWV
https://www.instagram.com/dradaianaferrazsc/

Será um prazer recebê-lo(a). Se preferir não receber outras mensagens, é só me avisar."
"0","patoBranco_PB","46","4691010975","Contato","","","","","","","","","","","patoBranco_PB_20261004.txt","","Olá! Tudo bem? Aqui é o Wesley, marido da Dra. Daiana Ferraz. Ela é nova em Pato Branco, e gostaríamos de apresentar o trabalho dela por aqui.

Se quiser conhecer melhor:
https://share.google/xcLbjrVJT5NDUfYWV
https://www.instagram.com/dradaianaferrazsc/

Será um prazer recebê-lo(a). Se preferir não receber outras mensagens, é só me avisar."
"0","patoBranco_PB","46","4691011971","Contato","","","","","","","","","","","patoBranco_PB_20261004.txt","","Olá! Tudo bem? Aqui é o Wesley, marido da Dra. Daiana Ferraz. Ela é nova em Pato Branco, e gostaríamos de apresentar o trabalho dela por aqui.

Se quiser conhecer melhor:
https://share.google/xcLbjrVJT5NDUfYWV
https://www.instagram.com/dradaianaferrazsc/

Será um prazer recebê-lo(a). Se preferir não receber outras mensagens, é só me avisar."
"0","patoBranco_PB","46","4691012129","Contato","","","","","","","","","","","patoBranco_PB_20261004.txt","","Olá! Tudo bem? Aqui é o Wesley, marido da Dra. Daiana Ferraz. Ela é nova em Pato Branco, e gostaríamos de apresentar o trabalho dela por aqui.

Se quiser conhecer melhor:
https://share.google/xcLbjrVJT5NDUfYWV
https://www.instagram.com/dradaianaferrazsc/

Será um prazer recebê-lo(a). Se preferir não receber outras mensagens, é só me avisar."
"0","patoBranco_PB","46","4691012270","Contato","","","","","","","","","","","patoBranco_PB_20261004.txt","","Olá! Tudo bem? Aqui é o Wesley, marido da Dra. Daiana Ferraz. Ela é nova em Pato Branco, e gostaríamos de apresentar o trabalho dela por aqui.

Se quiser conhecer melhor:
https://share.google/xcLbjrVJT5NDUfYWV
https://www.instagram.com/dradaianaferrazsc/

Será um prazer recebê-lo(a). Se preferir não receber outras mensagens, é só me avisar."
"0","patoBranco_PB","46","4691013019","Contato","","","","","","","","","","","patoBranco_PB_20261004.txt","","Olá! Tudo bem? Aqui é o Wesley, marido da Dra. Daiana Ferraz. Ela é nova em Pato Branco, e gostaríamos de apresentar o trabalho dela por aqui.

Se quiser conhecer melhor:
https://share.google/xcLbjrVJT5NDUfYWV
https://www.instagram.com/dradaianaferrazsc/

Será um prazer recebê-lo(a). Se preferir não receber outras mensagens, é só me avisar."
"0","patoBranco_PB","46","4691013628","Contato","","","","","","","","","","","patoBranco_PB_20261004.txt","","Olá! Tudo bem? Aqui é o Wesley, marido da Dra. Daiana Ferraz. Ela é nova em Pato Branco, e gostaríamos de apresentar o trabalho dela por aqui.

Se quiser conhecer melhor:
https://share.google/xcLbjrVJT5NDUfYWV
https://www.instagram.com/dradaianaferrazsc/

Será um prazer recebê-lo(a). Se preferir não receber outras mensagens, é só me avisar."
"0","patoBranco_PB","46","4691014772","Contato","","","","","","","","","","","patoBranco_PB_20261004.txt","","Olá! Tudo bem? Aqui é o Wesley, marido da Dra. Daiana Ferraz. Ela é nova em Pato Branco, e gostaríamos de apresentar o trabalho dela por aqui.

Se quiser conhecer melhor:
https://share.google/xcLbjrVJT5NDUfYWV
https://www.instagram.com/dradaianaferrazsc/

Será um prazer recebê-lo(a). Se preferir não receber outras mensagens, é só me avisar."
"0","patoBranco_PB","46","4691016398","Contato","","","","","","","","","","","patoBranco_PB_20261004.txt","","Olá! Tudo bem? Aqui é o Wesley, marido da Dra. Daiana Ferraz. Ela é nova em Pato Branco, e gostaríamos de apresentar o trabalho dela por aqui.

Se quiser conhecer melhor:
https://share.google/xcLbjrVJT5NDUfYWV
https://www.instagram.com/dradaianaferrazsc/

Será um prazer recebê-lo(a). Se preferir não receber outras mensagens, é só me avisar."
"0","patoBranco_PB","46","4691016922","Contato","","","","","","","","","","","patoBranco_PB_20261004.txt","","Olá! Tudo bem? Aqui é o Wesley, marido da Dra. Daiana Ferraz. Ela é nova em Pato Branco, e gostaríamos de apresentar o trabalho dela por aqui.

Se quiser conhecer melhor:
https://share.google/xcLbjrVJT5NDUfYWV
https://www.instagram.com/dradaianaferrazsc/

Será um prazer recebê-lo(a). Se preferir não receber outras mensagens, é só me avisar."
"0","patoBranco_PB","46","4691017545","Contato","","","","","","","","","","","patoBranco_PB_20261004.txt","","Olá! Tudo bem? Aqui é o Wesley, marido da Dra. Daiana Ferraz. Ela é nova em Pato Branco, e gostaríamos de apresentar o trabalho dela por aqui.

Se quiser conhecer melhor:
https://share.google/xcLbjrVJT5NDUfYWV
https://www.instagram.com/dradaianaferrazsc/

Será um prazer recebê-lo(a). Se preferir não receber outras mensagens, é só me avisar."
"0","patoBranco_PB","46","4691017912","Contato","","","","","","","","","","","patoBranco_PB_20261004.txt","","Olá! Tudo bem? Aqui é o Wesley, marido da Dra. Daiana Ferraz. Ela é nova em Pato Branco, e gostaríamos de apresentar o trabalho dela por aqui.

Se quiser conhecer melhor:
https://share.google/xcLbjrVJT5NDUfYWV
https://www.instagram.com/dradaianaferrazsc/

Será um prazer recebê-lo(a). Se preferir não receber outras mensagens, é só me avisar."
"0","patoBranco_PB","46","4691018598","Contato","","","","","","","","","","","patoBranco_PB_20261004.txt","","Olá! Tudo bem? Aqui é o Wesley, marido da Dra. Daiana Ferraz. Ela é nova em Pato Branco, e gostaríamos de apresentar o trabalho dela por aqui.

Se quiser conhecer melhor:
https://share.google/xcLbjrVJT5NDUfYWV
https://www.instagram.com/dradaianaferrazsc/

Será um prazer recebê-lo(a). Se preferir não receber outras mensagens, é só me avisar."
"0","patoBranco_PB","46","4691019103","Contato","","","","","","","","","","","patoBranco_PB_20261004.txt","","Olá! Tudo bem? Aqui é o Wesley, marido da Dra. Daiana Ferraz. Ela é nova em Pato Branco, e gostaríamos de apresentar o trabalho dela por aqui.

Se quiser conhecer melhor:
https://share.google/xcLbjrVJT5NDUfYWV
https://www.instagram.com/dradaianaferrazsc/

Será um prazer recebê-lo(a). Se preferir não receber outras mensagens, é só me avisar."
"0","patoBranco_PB","46","4691023606","Contato","","","","","","","","","","","patoBranco_PB_20261004.txt","","Olá! Tudo bem? Aqui é o Wesley, marido da Dra. Daiana Ferraz. Ela é nova em Pato Branco, e gostaríamos de apresentar o trabalho dela por aqui.

Se quiser conhecer melhor:
https://share.google/xcLbjrVJT5NDUfYWV
https://www.instagram.com/dradaianaferrazsc/

Será um prazer recebê-lo(a). Se preferir não receber outras mensagens, é só me avisar."
"0","patoBranco_PB","46","4691024555","Contato","","","","","","","","","","","patoBranco_PB_20261004.txt","","Olá! Tudo bem? Aqui é o Wesley, marido da Dra. Daiana Ferraz. Ela é nova em Pato Branco, e gostaríamos de apresentar o trabalho dela por aqui.

Se quiser conhecer melhor:
https://share.google/xcLbjrVJT5NDUfYWV
https://www.instagram.com/dradaianaferrazsc/

Será um prazer recebê-lo(a). Se preferir não receber outras mensagens, é só me avisar."
"0","patoBranco_PB","46","4691024750","Contato","","","","","","","","","","","patoBranco_PB_20261004.txt","","Olá! Tudo bem? Aqui é o Wesley, marido da Dra. Daiana Ferraz. Ela é nova em Pato Branco, e gostaríamos de apresentar o trabalho dela por aqui.

Se quiser conhecer melhor:
https://share.google/xcLbjrVJT5NDUfYWV
https://www.instagram.com/dradaianaferrazsc/

Será um prazer recebê-lo(a). Se preferir não receber outras mensagens, é só me avisar."
"0","patoBranco_PB","46","4691025516","Contato","","","","","","","","","","","patoBranco_PB_20261004.txt","","Olá! Tudo bem? Aqui é o Wesley, marido da Dra. Daiana Ferraz. Ela é nova em Pato Branco, e gostaríamos de apresentar o trabalho dela por aqui.

Se quiser conhecer melhor:
https://share.google/xcLbjrVJT5NDUfYWV
https://www.instagram.com/dradaianaferrazsc/

Será um prazer recebê-lo(a). Se preferir não receber outras mensagens, é só me avisar."
"0","patoBranco_PB","46","4691027380","Contato","","","","","","","","","","","patoBranco_PB_20261004.txt","","Olá! Tudo bem? Aqui é o Wesley, marido da Dra. Daiana Ferraz. Ela é nova em Pato Branco, e gostaríamos de apresentar o trabalho dela por aqui.

Se quiser conhecer melhor:
https://share.google/xcLbjrVJT5NDUfYWV
https://www.instagram.com/dradaianaferrazsc/

Será um prazer recebê-lo(a). Se preferir não receber outras mensagens, é só me avisar."
"0","patoBranco_PB","46","4691031803","Contato","","","","","","","","","","","patoBranco_PB_20261004.txt","","Olá! Tudo bem? Aqui é o Wesley, marido da Dra. Daiana Ferraz. Ela é nova em Pato Branco, e gostaríamos de apresentar o trabalho dela por aqui.

Se quiser conhecer melhor:
https://share.google/xcLbjrVJT5NDUfYWV
https://www.instagram.com/dradaianaferrazsc/

Será um prazer recebê-lo(a). Se preferir não receber outras mensagens, é só me avisar."
"0","patoBranco_PB","46","4691032007","Contato","","","","","","","","","","","patoBranco_PB_20261004.txt","","Olá! Tudo bem? Aqui é o Wesley, marido da Dra. Daiana Ferraz. Ela é nova em Pato Branco, e gostaríamos de apresentar o trabalho dela por aqui.

Se quiser conhecer melhor:
https://share.google/xcLbjrVJT5NDUfYWV
https://www.instagram.com/dradaianaferrazsc/

Será um prazer recebê-lo(a). Se preferir não receber outras mensagens, é só me avisar."
"0","patoBranco_PB","46","4691032632","Contato","","","","","","","","","","","patoBranco_PB_20261004.txt","","Olá! Tudo bem? Aqui é o Wesley, marido da Dra. Daiana Ferraz. Ela é nova em Pato Branco, e gostaríamos de apresentar o trabalho dela por aqui.

Se quiser conhecer melhor:
https://share.google/xcLbjrVJT5NDUfYWV
https://www.instagram.com/dradaianaferrazsc/

Será um prazer recebê-lo(a). Se preferir não receber outras mensagens, é só me avisar."
"0","patoBranco_PB","46","4691034408","Contato","","","","","","","","","","","patoBranco_PB_20261004.txt","","Olá! Tudo bem? Aqui é o Wesley, marido da Dra. Daiana Ferraz. Ela é nova em Pato Branco, e gostaríamos de apresentar o trabalho dela por aqui.

Se quiser conhecer melhor:
https://share.google/xcLbjrVJT5NDUfYWV
https://www.instagram.com/dradaianaferrazsc/

Será um prazer recebê-lo(a). Se preferir não receber outras mensagens, é só me avisar."
"0","patoBranco_PB","46","4691035123","Contato","","","","","","","","","","","patoBranco_PB_20261004.txt","","Olá! Tudo bem? Aqui é o Wesley, marido da Dra. Daiana Ferraz. Ela é nova em Pato Branco, e gostaríamos de apresentar o trabalho dela por aqui.

Se quiser conhecer melhor:
https://share.google/xcLbjrVJT5NDUfYWV
https://www.instagram.com/dradaianaferrazsc/

Será um prazer recebê-lo(a). Se preferir não receber outras mensagens, é só me avisar."
"0","patoBranco_PB","46","4691036648","Contato","","","","","","","","","","","patoBranco_PB_20261004.txt","","Olá! Tudo bem? Aqui é o Wesley, marido da Dra. Daiana Ferraz. Ela é nova em Pato Branco, e gostaríamos de apresentar o trabalho dela por aqui.

Se quiser conhecer melhor:
https://share.google/xcLbjrVJT5NDUfYWV
https://www.instagram.com/dradaianaferrazsc/

Será um prazer recebê-lo(a). Se preferir não receber outras mensagens, é só me avisar."
"0","patoBranco_PB","46","4691039115","Contato","","","","","","","","","","","patoBranco_PB_20261004.txt","","Olá! Tudo bem? Aqui é o Wesley, marido da Dra. Daiana Ferraz. Ela é nova em Pato Branco, e gostaríamos de apresentar o trabalho dela por aqui.

Se quiser conhecer melhor:
https://share.google/xcLbjrVJT5NDUfYWV
https://www.instagram.com/dradaianaferrazsc/

Será um prazer recebê-lo(a). Se preferir não receber outras mensagens, é só me avisar."
"0","patoBranco_PB","46","4691039317","Contato","","","","","","","","","","","patoBranco_PB_20261004.txt","","Olá! Tudo bem? Aqui é o Wesley, marido da Dra. Daiana Ferraz. Ela é nova em Pato Branco, e gostaríamos de apresentar o trabalho dela por aqui.

Se quiser conhecer melhor:
https://share.google/xcLbjrVJT5NDUfYWV
https://www.instagram.com/dradaianaferrazsc/

Será um prazer recebê-lo(a). Se preferir não receber outras mensagens, é só me avisar."
"0","patoBranco_PB","46","4691039890","Contato","","","","","","","","","","","patoBranco_PB_20261004.txt","","Olá! Tudo bem? Aqui é o Wesley, marido da Dra. Daiana Ferraz. Ela é nova em Pato Branco, e gostaríamos de apresentar o trabalho dela por aqui.

Se quiser conhecer melhor:
https://share.google/xcLbjrVJT5NDUfYWV
https://www.instagram.com/dradaianaferrazsc/

Será um prazer recebê-lo(a). Se preferir não receber outras mensagens, é só me avisar."
"0","patoBranco_PB","46","4691040000","Contato","","","","","","","","","","","patoBranco_PB_20261004.txt","","Olá! Tudo bem? Aqui é o Wesley, marido da Dra. Daiana Ferraz. Ela é nova em Pato Branco, e gostaríamos de apresentar o trabalho dela por aqui.

Se quiser conhecer melhor:
https://share.google/xcLbjrVJT5NDUfYWV
https://www.instagram.com/dradaianaferrazsc/

Será um prazer recebê-lo(a). Se preferir não receber outras mensagens, é só me avisar."
"0","patoBranco_PB","46","4691041710","Contato","","","","","","","","","","","patoBranco_PB_20261004.txt","","Olá! Tudo bem? Aqui é o Wesley, marido da Dra. Daiana Ferraz. Ela é nova em Pato Branco, e gostaríamos de apresentar o trabalho dela por aqui.

Se quiser conhecer melhor:
https://share.google/xcLbjrVJT5NDUfYWV
https://www.instagram.com/dradaianaferrazsc/

Será um prazer recebê-lo(a). Se preferir não receber outras mensagens, é só me avisar."
"0","patoBranco_PB","46","4691041764","Contato","","","","","","","","","","","patoBranco_PB_20261004.txt","","Olá! Tudo bem? Aqui é o Wesley, marido da Dra. Daiana Ferraz. Ela é nova em Pato Branco, e gostaríamos de apresentar o trabalho dela por aqui.

Se quiser conhecer melhor:
https://share.google/xcLbjrVJT5NDUfYWV
https://www.instagram.com/dradaianaferrazsc/

Será um prazer recebê-lo(a). Se preferir não receber outras mensagens, é só me avisar."
"0","patoBranco_PB","46","4691044932","Contato","","","","","","","","","","","patoBranco_PB_20261004.txt","","Olá! Tudo bem? Aqui é o Wesley, marido da Dra. Daiana Ferraz. Ela é nova em Pato Branco, e gostaríamos de apresentar o trabalho dela por aqui.

Se quiser conhecer melhor:
https://share.google/xcLbjrVJT5NDUfYWV
https://www.instagram.com/dradaianaferrazsc/

Será um prazer recebê-lo(a). Se preferir não receber outras mensagens, é só me avisar."
"0","patoBranco_PB","46","4691045778","Contato","","","","","","","","","","","patoBranco_PB_20261004.txt","","Olá! Tudo bem? Aqui é o Wesley, marido da Dra. Daiana Ferraz. Ela é nova em Pato Branco, e gostaríamos de apresentar o trabalho dela por aqui.

Se quiser conhecer melhor:
https://share.google/xcLbjrVJT5NDUfYWV
https://www.instagram.com/dradaianaferrazsc/

Será um prazer recebê-lo(a). Se preferir não receber outras mensagens, é só me avisar."
"0","patoBranco_PB","46","4691046458","Contato","","","","","","","","","","","patoBranco_PB_20261004.txt","","Olá! Tudo bem? Aqui é o Wesley, marido da Dra. Daiana Ferraz. Ela é nova em Pato Branco, e gostaríamos de apresentar o trabalho dela por aqui.

Se quiser conhecer melhor:
https://share.google/xcLbjrVJT5NDUfYWV
https://www.instagram.com/dradaianaferrazsc/

Será um prazer recebê-lo(a). Se preferir não receber outras mensagens, é só me avisar."
"0","patoBranco_PB","46","4691047646","Contato","","","","","","","","","","","patoBranco_PB_20261004.txt","","Olá! Tudo bem? Aqui é o Wesley, marido da Dra. Daiana Ferraz. Ela é nova em Pato Branco, e gostaríamos de apresentar o trabalho dela por aqui.

Se quiser conhecer melhor:
https://share.google/xcLbjrVJT5NDUfYWV
https://www.instagram.com/dradaianaferrazsc/

Será um prazer recebê-lo(a). Se preferir não receber outras mensagens, é só me avisar."
"0","patoBranco_PB","46","4691047813","Contato","","","","","","","","","","","patoBranco_PB_20261004.txt","","Olá! Tudo bem? Aqui é o Wesley, marido da Dra. Daiana Ferraz. Ela é nova em Pato Branco, e gostaríamos de apresentar o trabalho dela por aqui.

Se quiser conhecer melhor:
https://share.google/xcLbjrVJT5NDUfYWV
https://www.instagram.com/dradaianaferrazsc/

Será um prazer recebê-lo(a). Se preferir não receber outras mensagens, é só me avisar."
"0","patoBranco_PB","46","4691049659","Contato","","","","","","","","","","","patoBranco_PB_20261004.txt","","Olá! Tudo bem? Aqui é o Wesley, marido da Dra. Daiana Ferraz. Ela é nova em Pato Branco, e gostaríamos de apresentar o trabalho dela por aqui.

Se quiser conhecer melhor:
https://share.google/xcLbjrVJT5NDUfYWV
https://www.instagram.com/dradaianaferrazsc/

Será um prazer recebê-lo(a). Se preferir não receber outras mensagens, é só me avisar."
"0","patoBranco_PB","46","4691049767","Contato","","","","","","","","","","","patoBranco_PB_20261004.txt","","Olá! Tudo bem? Aqui é o Wesley, marido da Dra. Daiana Ferraz. Ela é nova em Pato Branco, e gostaríamos de apresentar o trabalho dela por aqui.

Se quiser conhecer melhor:
https://share.google/xcLbjrVJT5NDUfYWV
https://www.instagram.com/dradaianaferrazsc/

Será um prazer recebê-lo(a). Se preferir não receber outras mensagens, é só me avisar."
"0","patoBranco_PB","46","4691049956","Contato","","","","","","","","","","","patoBranco_PB_20261004.txt","","Olá! Tudo bem? Aqui é o Wesley, marido da Dra. Daiana Ferraz. Ela é nova em Pato Branco, e gostaríamos de apresentar o trabalho dela por aqui.

Se quiser conhecer melhor:
https://share.google/xcLbjrVJT5NDUfYWV
https://www.instagram.com/dradaianaferrazsc/

Será um prazer recebê-lo(a). Se preferir não receber outras mensagens, é só me avisar."
"0","patoBranco_PB","46","4691050802","Contato","","","","","","","","","","","patoBranco_PB_20261004.txt","","Olá! Tudo bem? Aqui é o Wesley, marido da Dra. Daiana Ferraz. Ela é nova em Pato Branco, e gostaríamos de apresentar o trabalho dela por aqui.

Se quiser conhecer melhor:
https://share.google/xcLbjrVJT5NDUfYWV
https://www.instagram.com/dradaianaferrazsc/

Será um prazer recebê-lo(a). Se preferir não receber outras mensagens, é só me avisar."
"0","patoBranco_PB","46","4691050955","Contato","","","","","","","","","","","patoBranco_PB_20261004.txt","","Olá! Tudo bem? Aqui é o Wesley, marido da Dra. Daiana Ferraz. Ela é nova em Pato Branco, e gostaríamos de apresentar o trabalho dela por aqui.

Se quiser conhecer melhor:
https://share.google/xcLbjrVJT5NDUfYWV
https://www.instagram.com/dradaianaferrazsc/

Será um prazer recebê-lo(a). Se preferir não receber outras mensagens, é só me avisar."
"0","patoBranco_PB","46","4691052507","Contato","","","","","","","","","","","patoBranco_PB_20261004.txt","","Olá! Tudo bem? Aqui é o Wesley, marido da Dra. Daiana Ferraz. Ela é nova em Pato Branco, e gostaríamos de apresentar o trabalho dela por aqui.

Se quiser conhecer melhor:
https://share.google/xcLbjrVJT5NDUfYWV
https://www.instagram.com/dradaianaferrazsc/

Será um prazer recebê-lo(a). Se preferir não receber outras mensagens, é só me avisar."
"0","patoBranco_PB","46","4691052832","Contato","","","","","","","","","","","patoBranco_PB_20261004.txt","","Olá! Tudo bem? Aqui é o Wesley, marido da Dra. Daiana Ferraz. Ela é nova em Pato Branco, e gostaríamos de apresentar o trabalho dela por aqui.

Se quiser conhecer melhor:
https://share.google/xcLbjrVJT5NDUfYWV
https://www.instagram.com/dradaianaferrazsc/

Será um prazer recebê-lo(a). Se preferir não receber outras mensagens, é só me avisar."
"0","patoBranco_PB","46","4691053906","Contato","","","","","","","","","","","patoBranco_PB_20261004.txt","","Olá! Tudo bem? Aqui é o Wesley, marido da Dra. Daiana Ferraz. Ela é nova em Pato Branco, e gostaríamos de apresentar o trabalho dela por aqui.

Se quiser conhecer melhor:
https://share.google/xcLbjrVJT5NDUfYWV
https://www.instagram.com/dradaianaferrazsc/

Será um prazer recebê-lo(a). Se preferir não receber outras mensagens, é só me avisar."
"0","patoBranco_PB","46","4691054001","Contato","","","","","","","","","","","patoBranco_PB_20261004.txt","","Olá! Tudo bem? Aqui é o Wesley, marido da Dra. Daiana Ferraz. Ela é nova em Pato Branco, e gostaríamos de apresentar o trabalho dela por aqui.

Se quiser conhecer melhor:
https://share.google/xcLbjrVJT5NDUfYWV
https://www.instagram.com/dradaianaferrazsc/

Será um prazer recebê-lo(a). Se preferir não receber outras mensagens, é só me avisar."
"0","patoBranco_PB","46","4691054480","Contato","","","","","","","","","","","patoBranco_PB_20261004.txt","","Olá! Tudo bem? Aqui é o Wesley, marido da Dra. Daiana Ferraz. Ela é nova em Pato Branco, e gostaríamos de apresentar o trabalho dela por aqui.

Se quiser conhecer melhor:
https://share.google/xcLbjrVJT5NDUfYWV
https://www.instagram.com/dradaianaferrazsc/

Será um prazer recebê-lo(a). Se preferir não receber outras mensagens, é só me avisar."
"0","patoBranco_PB","46","4691054985","Contato","","","","","","","","","","","patoBranco_PB_20261004.txt","","Olá! Tudo bem? Aqui é o Wesley, marido da Dra. Daiana Ferraz. Ela é nova em Pato Branco, e gostaríamos de apresentar o trabalho dela por aqui.

Se quiser conhecer melhor:
https://share.google/xcLbjrVJT5NDUfYWV
https://www.instagram.com/dradaianaferrazsc/

Será um prazer recebê-lo(a). Se preferir não receber outras mensagens, é só me avisar."
"0","patoBranco_PB","46","4691055555","Contato","","","","","","","","","","","patoBranco_PB_20261004.txt","","Olá! Tudo bem? Aqui é o Wesley, marido da Dra. Daiana Ferraz. Ela é nova em Pato Branco, e gostaríamos de apresentar o trabalho dela por aqui.

Se quiser conhecer melhor:
https://share.google/xcLbjrVJT5NDUfYWV
https://www.instagram.com/dradaianaferrazsc/

Será um prazer recebê-lo(a). Se preferir não receber outras mensagens, é só me avisar."
"0","patoBranco_PB","46","4691055689","Contato","","","","","","","","","","","patoBranco_PB_20261004.txt","","Olá! Tudo bem? Aqui é o Wesley, marido da Dra. Daiana Ferraz. Ela é nova em Pato Branco, e gostaríamos de apresentar o trabalho dela por aqui.

Se quiser conhecer melhor:
https://share.google/xcLbjrVJT5NDUfYWV
https://www.instagram.com/dradaianaferrazsc/

Será um prazer recebê-lo(a). Se preferir não receber outras mensagens, é só me avisar."
"0","patoBranco_PB","46","4691056044","Contato","","","","","","","","","","","patoBranco_PB_20261004.txt","","Olá! Tudo bem? Aqui é o Wesley, marido da Dra. Daiana Ferraz. Ela é nova em Pato Branco, e gostaríamos de apresentar o trabalho dela por aqui.

Se quiser conhecer melhor:
https://share.google/xcLbjrVJT5NDUfYWV
https://www.instagram.com/dradaianaferrazsc/

Será um prazer recebê-lo(a). Se preferir não receber outras mensagens, é só me avisar."
"0","patoBranco_PB","46","4691056342","Contato","","","","","","","","","","","patoBranco_PB_20261004.txt","","Olá! Tudo bem? Aqui é o Wesley, marido da Dra. Daiana Ferraz. Ela é nova em Pato Branco, e gostaríamos de apresentar o trabalho dela por aqui.

Se quiser conhecer melhor:
https://share.google/xcLbjrVJT5NDUfYWV
https://www.instagram.com/dradaianaferrazsc/

Será um prazer recebê-lo(a). Se preferir não receber outras mensagens, é só me avisar."
"0","patoBranco_PB","46","4691056350","Contato","","","","","","","","","","","patoBranco_PB_20261004.txt","","Olá! Tudo bem? Aqui é o Wesley, marido da Dra. Daiana Ferraz. Ela é nova em Pato Branco, e gostaríamos de apresentar o trabalho dela por aqui.

Se quiser conhecer melhor:
https://share.google/xcLbjrVJT5NDUfYWV
https://www.instagram.com/dradaianaferrazsc/

Será um prazer recebê-lo(a). Se preferir não receber outras mensagens, é só me avisar."
"0","patoBranco_PB","46","4691057348","Contato","","","","","","","","","","","patoBranco_PB_20261004.txt","","Olá! Tudo bem? Aqui é o Wesley, marido da Dra. Daiana Ferraz. Ela é nova em Pato Branco, e gostaríamos de apresentar o trabalho dela por aqui.

Se quiser conhecer melhor:
https://share.google/xcLbjrVJT5NDUfYWV
https://www.instagram.com/dradaianaferrazsc/

Será um prazer recebê-lo(a). Se preferir não receber outras mensagens, é só me avisar."
"0","patoBranco_PB","46","4691059200","Contato","","","","","","","","","","","patoBranco_PB_20261004.txt","","Olá! Tudo bem? Aqui é o Wesley, marido da Dra. Daiana Ferraz. Ela é nova em Pato Branco, e gostaríamos de apresentar o trabalho dela por aqui.

Se quiser conhecer melhor:
https://share.google/xcLbjrVJT5NDUfYWV
https://www.instagram.com/dradaianaferrazsc/

Será um prazer recebê-lo(a). Se preferir não receber outras mensagens, é só me avisar."
"0","patoBranco_PB","46","4691059277","Contato","","","","","","","","","","","patoBranco_PB_20261004.txt","","Olá! Tudo bem? Aqui é o Wesley, marido da Dra. Daiana Ferraz. Ela é nova em Pato Branco, e gostaríamos de apresentar o trabalho dela por aqui.

Se quiser conhecer melhor:
https://share.google/xcLbjrVJT5NDUfYWV
https://www.instagram.com/dradaianaferrazsc/

Será um prazer recebê-lo(a). Se preferir não receber outras mensagens, é só me avisar."
"0","patoBranco_PB","46","4691060174","Contato","","","","","","","","","","","patoBranco_PB_20261004.txt","","Olá! Tudo bem? Aqui é o Wesley, marido da Dra. Daiana Ferraz. Ela é nova em Pato Branco, e gostaríamos de apresentar o trabalho dela por aqui.

Se quiser conhecer melhor:
https://share.google/xcLbjrVJT5NDUfYWV
https://www.instagram.com/dradaianaferrazsc/

Será um prazer recebê-lo(a). Se preferir não receber outras mensagens, é só me avisar."
"0","patoBranco_PB","46","4691060217","Contato","","","","","","","","","","","patoBranco_PB_20261004.txt","","Olá! Tudo bem? Aqui é o Wesley, marido da Dra. Daiana Ferraz. Ela é nova em Pato Branco, e gostaríamos de apresentar o trabalho dela por aqui.

Se quiser conhecer melhor:
https://share.google/xcLbjrVJT5NDUfYWV
https://www.instagram.com/dradaianaferrazsc/

Será um prazer recebê-lo(a). Se preferir não receber outras mensagens, é só me avisar."
"0","patoBranco_PB","46","4691060566","Contato","","","","","","","","","","","patoBranco_PB_20261004.txt","","Olá! Tudo bem? Aqui é o Wesley, marido da Dra. Daiana Ferraz. Ela é nova em Pato Branco, e gostaríamos de apresentar o trabalho dela por aqui.

Se quiser conhecer melhor:
https://share.google/xcLbjrVJT5NDUfYWV
https://www.instagram.com/dradaianaferrazsc/

Será um prazer recebê-lo(a). Se preferir não receber outras mensagens, é só me avisar."
"0","patoBranco_PB","46","4691061203","Contato","","","","","","","","","","","patoBranco_PB_20261004.txt","","Olá! Tudo bem? Aqui é o Wesley, marido da Dra. Daiana Ferraz. Ela é nova em Pato Branco, e gostaríamos de apresentar o trabalho dela por aqui.

Se quiser conhecer melhor:
https://share.google/xcLbjrVJT5NDUfYWV
https://www.instagram.com/dradaianaferrazsc/

Será um prazer recebê-lo(a). Se preferir não receber outras mensagens, é só me avisar."
"0","patoBranco_PB","46","4691062469","Contato","","","","","","","","","","","patoBranco_PB_20261004.txt","","Olá! Tudo bem? Aqui é o Wesley, marido da Dra. Daiana Ferraz. Ela é nova em Pato Branco, e gostaríamos de apresentar o trabalho dela por aqui.

Se quiser conhecer melhor:
https://share.google/xcLbjrVJT5NDUfYWV
https://www.instagram.com/dradaianaferrazsc/

Será um prazer recebê-lo(a). Se preferir não receber outras mensagens, é só me avisar."
"0","patoBranco_PB","46","4691062608","Contato","","","","","","","","","","","patoBranco_PB_20261004.txt","","Olá! Tudo bem? Aqui é o Wesley, marido da Dra. Daiana Ferraz. Ela é nova em Pato Branco, e gostaríamos de apresentar o trabalho dela por aqui.

Se quiser conhecer melhor:
https://share.google/xcLbjrVJT5NDUfYWV
https://www.instagram.com/dradaianaferrazsc/

Será um prazer recebê-lo(a). Se preferir não receber outras mensagens, é só me avisar."
"0","patoBranco_PB","46","4691063051","Contato","","","","","","","","","","","patoBranco_PB_20261004.txt","","Olá! Tudo bem? Aqui é o Wesley, marido da Dra. Daiana Ferraz. Ela é nova em Pato Branco, e gostaríamos de apresentar o trabalho dela por aqui.

Se quiser conhecer melhor:
https://share.google/xcLbjrVJT5NDUfYWV
https://www.instagram.com/dradaianaferrazsc/

Será um prazer recebê-lo(a). Se preferir não receber outras mensagens, é só me avisar."
"0","patoBranco_PB","46","4691064100","Contato","","","","","","","","","","","patoBranco_PB_20261004.txt","","Olá! Tudo bem? Aqui é o Wesley, marido da Dra. Daiana Ferraz. Ela é nova em Pato Branco, e gostaríamos de apresentar o trabalho dela por aqui.

Se quiser conhecer melhor:
https://share.google/xcLbjrVJT5NDUfYWV
https://www.instagram.com/dradaianaferrazsc/

Será um prazer recebê-lo(a). Se preferir não receber outras mensagens, é só me avisar."
"0","patoBranco_PB","46","4691065993","Contato","","","","","","","","","","","patoBranco_PB_20261004.txt","","Olá! Tudo bem? Aqui é o Wesley, marido da Dra. Daiana Ferraz. Ela é nova em Pato Branco, e gostaríamos de apresentar o trabalho dela por aqui.

Se quiser conhecer melhor:
https://share.google/xcLbjrVJT5NDUfYWV
https://www.instagram.com/dradaianaferrazsc/

Será um prazer recebê-lo(a). Se preferir não receber outras mensagens, é só me avisar."
"0","patoBranco_PB","46","4691066607","Contato","","","","","","","","","","","patoBranco_PB_20261004.txt","","Olá! Tudo bem? Aqui é o Wesley, marido da Dra. Daiana Ferraz. Ela é nova em Pato Branco, e gostaríamos de apresentar o trabalho dela por aqui.

Se quiser conhecer melhor:
https://share.google/xcLbjrVJT5NDUfYWV
https://www.instagram.com/dradaianaferrazsc/

Será um prazer recebê-lo(a). Se preferir não receber outras mensagens, é só me avisar."
"0","patoBranco_PB","46","4691067870","Contato","","","","","","","","","","","patoBranco_PB_20261004.txt","","Olá! Tudo bem? Aqui é o Wesley, marido da Dra. Daiana Ferraz. Ela é nova em Pato Branco, e gostaríamos de apresentar o trabalho dela por aqui.

Se quiser conhecer melhor:
https://share.google/xcLbjrVJT5NDUfYWV
https://www.instagram.com/dradaianaferrazsc/

Será um prazer recebê-lo(a). Se preferir não receber outras mensagens, é só me avisar."
"0","patoBranco_PB","46","4691068260","Contato","","","","","","","","","","","patoBranco_PB_20261004.txt","","Olá! Tudo bem? Aqui é o Wesley, marido da Dra. Daiana Ferraz. Ela é nova em Pato Branco, e gostaríamos de apresentar o trabalho dela por aqui.

Se quiser conhecer melhor:
https://share.google/xcLbjrVJT5NDUfYWV
https://www.instagram.com/dradaianaferrazsc/

Será um prazer recebê-lo(a). Se preferir não receber outras mensagens, é só me avisar."
"0","patoBranco_PB","46","4691071206","Contato","","","","","","","","","","","patoBranco_PB_20261004.txt","","Olá! Tudo bem? Aqui é o Wesley, marido da Dra. Daiana Ferraz. Ela é nova em Pato Branco, e gostaríamos de apresentar o trabalho dela por aqui.

Se quiser conhecer melhor:
https://share.google/xcLbjrVJT5NDUfYWV
https://www.instagram.com/dradaianaferrazsc/

Será um prazer recebê-lo(a). Se preferir não receber outras mensagens, é só me avisar."
"0","patoBranco_PB","46","4691071521","Contato","","","","","","","","","","","patoBranco_PB_20261004.txt","","Olá! Tudo bem? Aqui é o Wesley, marido da Dra. Daiana Ferraz. Ela é nova em Pato Branco, e gostaríamos de apresentar o trabalho dela por aqui.

Se quiser conhecer melhor:
https://share.google/xcLbjrVJT5NDUfYWV
https://www.instagram.com/dradaianaferrazsc/

Será um prazer recebê-lo(a). Se preferir não receber outras mensagens, é só me avisar."
"0","patoBranco_PB","46","4691071795","Contato","","","","","","","","","","","patoBranco_PB_20261004.txt","","Olá! Tudo bem? Aqui é o Wesley, marido da Dra. Daiana Ferraz. Ela é nova em Pato Branco, e gostaríamos de apresentar o trabalho dela por aqui.

Se quiser conhecer melhor:
https://share.google/xcLbjrVJT5NDUfYWV
https://www.instagram.com/dradaianaferrazsc/

Será um prazer recebê-lo(a). Se preferir não receber outras mensagens, é só me avisar."
"0","patoBranco_PB","46","4691072967","Contato","","","","","","","","","","","patoBranco_PB_20261004.txt","","Olá! Tudo bem? Aqui é o Wesley, marido da Dra. Daiana Ferraz. Ela é nova em Pato Branco, e gostaríamos de apresentar o trabalho dela por aqui.

Se quiser conhecer melhor:
https://share.google/xcLbjrVJT5NDUfYWV
https://www.instagram.com/dradaianaferrazsc/

Será um prazer recebê-lo(a). Se preferir não receber outras mensagens, é só me avisar."
"0","patoBranco_PB","46","4691074573","Contato","","","","","","","","","","","patoBranco_PB_20261004.txt","","Olá! Tudo bem? Aqui é o Wesley, marido da Dra. Daiana Ferraz. Ela é nova em Pato Branco, e gostaríamos de apresentar o trabalho dela por aqui.

Se quiser conhecer melhor:
https://share.google/xcLbjrVJT5NDUfYWV
https://www.instagram.com/dradaianaferrazsc/

Será um prazer recebê-lo(a). Se preferir não receber outras mensagens, é só me avisar."
"0","patoBranco_PB","46","4691075314","Contato","","","","","","","","","","","patoBranco_PB_20261004.txt","","Olá! Tudo bem? Aqui é o Wesley, marido da Dra. Daiana Ferraz. Ela é nova em Pato Branco, e gostaríamos de apresentar o trabalho dela por aqui.

Se quiser conhecer melhor:
https://share.google/xcLbjrVJT5NDUfYWV
https://www.instagram.com/dradaianaferrazsc/

Será um prazer recebê-lo(a). Se preferir não receber outras mensagens, é só me avisar."
"0","patoBranco_PB","46","4691075492","Contato","","","","","","","","","","","patoBranco_PB_20261004.txt","","Olá! Tudo bem? Aqui é o Wesley, marido da Dra. Daiana Ferraz. Ela é nova em Pato Branco, e gostaríamos de apresentar o trabalho dela por aqui.

Se quiser conhecer melhor:
https://share.google/xcLbjrVJT5NDUfYWV
https://www.instagram.com/dradaianaferrazsc/

Será um prazer recebê-lo(a). Se preferir não receber outras mensagens, é só me avisar."
"0","patoBranco_PB","46","4691075674","Contato","","","","","","","","","","","patoBranco_PB_20261004.txt","","Olá! Tudo bem? Aqui é o Wesley, marido da Dra. Daiana Ferraz. Ela é nova em Pato Branco, e gostaríamos de apresentar o trabalho dela por aqui.

Se quiser conhecer melhor:
https://share.google/xcLbjrVJT5NDUfYWV
https://www.instagram.com/dradaianaferrazsc/

Será um prazer recebê-lo(a). Se preferir não receber outras mensagens, é só me avisar."
"0","patoBranco_PB","46","4691075999","Contato","","","","","","","","","","","patoBranco_PB_20261004.txt","","Olá! Tudo bem? Aqui é o Wesley, marido da Dra. Daiana Ferraz. Ela é nova em Pato Branco, e gostaríamos de apresentar o trabalho dela por aqui.

Se quiser conhecer melhor:
https://share.google/xcLbjrVJT5NDUfYWV
https://www.instagram.com/dradaianaferrazsc/

Será um prazer recebê-lo(a). Se preferir não receber outras mensagens, é só me avisar."
"0","patoBranco_PB","46","4691076093","Contato","","","","","","","","","","","patoBranco_PB_20261004.txt","","Olá! Tudo bem? Aqui é o Wesley, marido da Dra. Daiana Ferraz. Ela é nova em Pato Branco, e gostaríamos de apresentar o trabalho dela por aqui.

Se quiser conhecer melhor:
https://share.google/xcLbjrVJT5NDUfYWV
https://www.instagram.com/dradaianaferrazsc/

Será um prazer recebê-lo(a). Se preferir não receber outras mensagens, é só me avisar."
"0","patoBranco_PB","46","4691076301","Contato","","","","","","","","","","","patoBranco_PB_20261004.txt","","Olá! Tudo bem? Aqui é o Wesley, marido da Dra. Daiana Ferraz. Ela é nova em Pato Branco, e gostaríamos de apresentar o trabalho dela por aqui.

Se quiser conhecer melhor:
https://share.google/xcLbjrVJT5NDUfYWV
https://www.instagram.com/dradaianaferrazsc/

Será um prazer recebê-lo(a). Se preferir não receber outras mensagens, é só me avisar."
"0","patoBranco_PB","46","4691080039","Contato","","","","","","","","","","","patoBranco_PB_20261004.txt","","Olá! Tudo bem? Aqui é o Wesley, marido da Dra. Daiana Ferraz. Ela é nova em Pato Branco, e gostaríamos de apresentar o trabalho dela por aqui.

Se quiser conhecer melhor:
https://share.google/xcLbjrVJT5NDUfYWV
https://www.instagram.com/dradaianaferrazsc/

Será um prazer recebê-lo(a). Se preferir não receber outras mensagens, é só me avisar."
"0","patoBranco_PB","46","4691080224","Contato","","","","","","","","","","","patoBranco_PB_20261004.txt","","Olá! Tudo bem? Aqui é o Wesley, marido da Dra. Daiana Ferraz. Ela é nova em Pato Branco, e gostaríamos de apresentar o trabalho dela por aqui.

Se quiser conhecer melhor:
https://share.google/xcLbjrVJT5NDUfYWV
https://www.instagram.com/dradaianaferrazsc/

Será um prazer recebê-lo(a). Se preferir não receber outras mensagens, é só me avisar."
"0","patoBranco_PB","46","4691080263","Contato","","","","","","","","","","","patoBranco_PB_20261004.txt","","Olá! Tudo bem? Aqui é o Wesley, marido da Dra. Daiana Ferraz. Ela é nova em Pato Branco, e gostaríamos de apresentar o trabalho dela por aqui.

Se quiser conhecer melhor:
https://share.google/xcLbjrVJT5NDUfYWV
https://www.instagram.com/dradaianaferrazsc/

Será um prazer recebê-lo(a). Se preferir não receber outras mensagens, é só me avisar."
"0","patoBranco_PB","46","4691080588","Contato","","","","","","","","","","","patoBranco_PB_20261004.txt","","Olá! Tudo bem? Aqui é o Wesley, marido da Dra. Daiana Ferraz. Ela é nova em Pato Branco, e gostaríamos de apresentar o trabalho dela por aqui.

Se quiser conhecer melhor:
https://share.google/xcLbjrVJT5NDUfYWV
https://www.instagram.com/dradaianaferrazsc/

Será um prazer recebê-lo(a). Se preferir não receber outras mensagens, é só me avisar."
"0","patoBranco_PB","46","4691080659","Contato","","","","","","","","","","","patoBranco_PB_20261004.txt","","Olá! Tudo bem? Aqui é o Wesley, marido da Dra. Daiana Ferraz. Ela é nova em Pato Branco, e gostaríamos de apresentar o trabalho dela por aqui.

Se quiser conhecer melhor:
https://share.google/xcLbjrVJT5NDUfYWV
https://www.instagram.com/dradaianaferrazsc/

Será um prazer recebê-lo(a). Se preferir não receber outras mensagens, é só me avisar."
"0","patoBranco_PB","46","4691082510","Contato","","","","","","","","","","","patoBranco_PB_20261004.txt","","Olá! Tudo bem? Aqui é o Wesley, marido da Dra. Daiana Ferraz. Ela é nova em Pato Branco, e gostaríamos de apresentar o trabalho dela por aqui.

Se quiser conhecer melhor:
https://share.google/xcLbjrVJT5NDUfYWV
https://www.instagram.com/dradaianaferrazsc/

Será um prazer recebê-lo(a). Se preferir não receber outras mensagens, é só me avisar."
"0","patoBranco_PB","46","4691083755","Contato","","","","","","","","","","","patoBranco_PB_20261004.txt","","Olá! Tudo bem? Aqui é o Wesley, marido da Dra. Daiana Ferraz. Ela é nova em Pato Branco, e gostaríamos de apresentar o trabalho dela por aqui.

Se quiser conhecer melhor:
https://share.google/xcLbjrVJT5NDUfYWV
https://www.instagram.com/dradaianaferrazsc/

Será um prazer recebê-lo(a). Se preferir não receber outras mensagens, é só me avisar."
"0","patoBranco_PB","46","4691084088","Contato","","","","","","","","","","","patoBranco_PB_20261004.txt","","Olá! Tudo bem? Aqui é o Wesley, marido da Dra. Daiana Ferraz. Ela é nova em Pato Branco, e gostaríamos de apresentar o trabalho dela por aqui.

Se quiser conhecer melhor:
https://share.google/xcLbjrVJT5NDUfYWV
https://www.instagram.com/dradaianaferrazsc/

Será um prazer recebê-lo(a). Se preferir não receber outras mensagens, é só me avisar."
"0","patoBranco_PB","46","4691088522","Contato","","","","","","","","","","","patoBranco_PB_20261004.txt","","Olá! Tudo bem? Aqui é o Wesley, marido da Dra. Daiana Ferraz. Ela é nova em Pato Branco, e gostaríamos de apresentar o trabalho dela por aqui.

Se quiser conhecer melhor:
https://share.google/xcLbjrVJT5NDUfYWV
https://www.instagram.com/dradaianaferrazsc/

Será um prazer recebê-lo(a). Se preferir não receber outras mensagens, é só me avisar."
"0","patoBranco_PB","46","4691091858","Contato","","","","","","","","","","","patoBranco_PB_20261004.txt","","Olá! Tudo bem? Aqui é o Wesley, marido da Dra. Daiana Ferraz. Ela é nova em Pato Branco, e gostaríamos de apresentar o trabalho dela por aqui.

Se quiser conhecer melhor:
https://share.google/xcLbjrVJT5NDUfYWV
https://www.instagram.com/dradaianaferrazsc/

Será um prazer recebê-lo(a). Se preferir não receber outras mensagens, é só me avisar."
"0","patoBranco_PB","46","4691092296","Contato","","","","","","","","","","","patoBranco_PB_20261004.txt","","Olá! Tudo bem? Aqui é o Wesley, marido da Dra. Daiana Ferraz. Ela é nova em Pato Branco, e gostaríamos de apresentar o trabalho dela por aqui.

Se quiser conhecer melhor:
https://share.google/xcLbjrVJT5NDUfYWV
https://www.instagram.com/dradaianaferrazsc/

Será um prazer recebê-lo(a). Se preferir não receber outras mensagens, é só me avisar."
"0","patoBranco_PB","46","4691092954","Contato","","","","","","","","","","","patoBranco_PB_20261004.txt","","Olá! Tudo bem? Aqui é o Wesley, marido da Dra. Daiana Ferraz. Ela é nova em Pato Branco, e gostaríamos de apresentar o trabalho dela por aqui.

Se quiser conhecer melhor:
https://share.google/xcLbjrVJT5NDUfYWV
https://www.instagram.com/dradaianaferrazsc/

Será um prazer recebê-lo(a). Se preferir não receber outras mensagens, é só me avisar."
"0","patoBranco_PB","46","4691093536","Contato","","","","","","","","","","","patoBranco_PB_20261004.txt","","Olá! Tudo bem? Aqui é o Wesley, marido da Dra. Daiana Ferraz. Ela é nova em Pato Branco, e gostaríamos de apresentar o trabalho dela por aqui.

Se quiser conhecer melhor:
https://share.google/xcLbjrVJT5NDUfYWV
https://www.instagram.com/dradaianaferrazsc/

Será um prazer recebê-lo(a). Se preferir não receber outras mensagens, é só me avisar."
"0","patoBranco_PB","46","4691094066","Contato","","","","","","","","","","","patoBranco_PB_20261004.txt","","Olá! Tudo bem? Aqui é o Wesley, marido da Dra. Daiana Ferraz. Ela é nova em Pato Branco, e gostaríamos de apresentar o trabalho dela por aqui.

Se quiser conhecer melhor:
https://share.google/xcLbjrVJT5NDUfYWV
https://www.instagram.com/dradaianaferrazsc/

Será um prazer recebê-lo(a). Se preferir não receber outras mensagens, é só me avisar."
"0","patoBranco_PB","46","4691094079","Contato","","","","","","","","","","","patoBranco_PB_20261004.txt","","Olá! Tudo bem? Aqui é o Wesley, marido da Dra. Daiana Ferraz. Ela é nova em Pato Branco, e gostaríamos de apresentar o trabalho dela por aqui.

Se quiser conhecer melhor:
https://share.google/xcLbjrVJT5NDUfYWV
https://www.instagram.com/dradaianaferrazsc/

Será um prazer recebê-lo(a). Se preferir não receber outras mensagens, é só me avisar."
"0","patoBranco_PB","46","4691094448","Contato","","","","","","","","","","","patoBranco_PB_20261004.txt","","Olá! Tudo bem? Aqui é o Wesley, marido da Dra. Daiana Ferraz. Ela é nova em Pato Branco, e gostaríamos de apresentar o trabalho dela por aqui.

Se quiser conhecer melhor:
https://share.google/xcLbjrVJT5NDUfYWV
https://www.instagram.com/dradaianaferrazsc/

Será um prazer recebê-lo(a). Se preferir não receber outras mensagens, é só me avisar."
"0","patoBranco_PB","46","4691096213","Contato","","","","","","","","","","","patoBranco_PB_20261004.txt","","Olá! Tudo bem? Aqui é o Wesley, marido da Dra. Daiana Ferraz. Ela é nova em Pato Branco, e gostaríamos de apresentar o trabalho dela por aqui.

Se quiser conhecer melhor:
https://share.google/xcLbjrVJT5NDUfYWV
https://www.instagram.com/dradaianaferrazsc/

Será um prazer recebê-lo(a). Se preferir não receber outras mensagens, é só me avisar."
"0","patoBranco_PB","46","4691099236","Contato","","","","","","","","","","","patoBranco_PB_20261004.txt","","Olá! Tudo bem? Aqui é o Wesley, marido da Dra. Daiana Ferraz. Ela é nova em Pato Branco, e gostaríamos de apresentar o trabalho dela por aqui.

Se quiser conhecer melhor:
https://share.google/xcLbjrVJT5NDUfYWV
https://www.instagram.com/dradaianaferrazsc/

Será um prazer recebê-lo(a). Se preferir não receber outras mensagens, é só me avisar."
"0","patoBranco_PB","46","4691100063","Contato","","","","","","","","","","","patoBranco_PB_20261004.txt","","Olá! Tudo bem? Aqui é o Wesley, marido da Dra. Daiana Ferraz. Ela é nova em Pato Branco, e gostaríamos de apresentar o trabalho dela por aqui.

Se quiser conhecer melhor:
https://share.google/xcLbjrVJT5NDUfYWV
https://www.instagram.com/dradaianaferrazsc/

Será um prazer recebê-lo(a). Se preferir não receber outras mensagens, é só me avisar."
"0","patoBranco_PB","46","4691103075","Contato","","","","","","","","","","","patoBranco_PB_20261004.txt","","Olá! Tudo bem? Aqui é o Wesley, marido da Dra. Daiana Ferraz. Ela é nova em Pato Branco, e gostaríamos de apresentar o trabalho dela por aqui.

Se quiser conhecer melhor:
https://share.google/xcLbjrVJT5NDUfYWV
https://www.instagram.com/dradaianaferrazsc/

Será um prazer recebê-lo(a). Se preferir não receber outras mensagens, é só me avisar."
"0","patoBranco_PB","46","4691103463","Contato","","","","","","","","","","","patoBranco_PB_20261004.txt","","Olá! Tudo bem? Aqui é o Wesley, marido da Dra. Daiana Ferraz. Ela é nova em Pato Branco, e gostaríamos de apresentar o trabalho dela por aqui.

Se quiser conhecer melhor:
https://share.google/xcLbjrVJT5NDUfYWV
https://www.instagram.com/dradaianaferrazsc/

Será um prazer recebê-lo(a). Se preferir não receber outras mensagens, é só me avisar."
"0","patoBranco_PB","46","4691104015","Contato","","","","","","","","","","","patoBranco_PB_20261004.txt","","Olá! Tudo bem? Aqui é o Wesley, marido da Dra. Daiana Ferraz. Ela é nova em Pato Branco, e gostaríamos de apresentar o trabalho dela por aqui.

Se quiser conhecer melhor:
https://share.google/xcLbjrVJT5NDUfYWV
https://www.instagram.com/dradaianaferrazsc/

Será um prazer recebê-lo(a). Se preferir não receber outras mensagens, é só me avisar."
"0","patoBranco_PB","46","4691104606","Contato","","","","","","","","","","","patoBranco_PB_20261004.txt","","Olá! Tudo bem? Aqui é o Wesley, marido da Dra. Daiana Ferraz. Ela é nova em Pato Branco, e gostaríamos de apresentar o trabalho dela por aqui.

Se quiser conhecer melhor:
https://share.google/xcLbjrVJT5NDUfYWV
https://www.instagram.com/dradaianaferrazsc/

Será um prazer recebê-lo(a). Se preferir não receber outras mensagens, é só me avisar."
"0","patoBranco_PB","46","4691104607","Contato","","","","","","","","","","","patoBranco_PB_20261004.txt","","Olá! Tudo bem? Aqui é o Wesley, marido da Dra. Daiana Ferraz. Ela é nova em Pato Branco, e gostaríamos de apresentar o trabalho dela por aqui.

Se quiser conhecer melhor:
https://share.google/xcLbjrVJT5NDUfYWV
https://www.instagram.com/dradaianaferrazsc/

Será um prazer recebê-lo(a). Se preferir não receber outras mensagens, é só me avisar."
"0","patoBranco_PB","46","4691105063","Contato","","","","","","","","","","","patoBranco_PB_20261004.txt","","Olá! Tudo bem? Aqui é o Wesley, marido da Dra. Daiana Ferraz. Ela é nova em Pato Branco, e gostaríamos de apresentar o trabalho dela por aqui.

Se quiser conhecer melhor:
https://share.google/xcLbjrVJT5NDUfYWV
https://www.instagram.com/dradaianaferrazsc/

Será um prazer recebê-lo(a). Se preferir não receber outras mensagens, é só me avisar."
"0","patoBranco_PB","46","4691105251","Contato","","","","","","","","","","","patoBranco_PB_20261004.txt","","Olá! Tudo bem? Aqui é o Wesley, marido da Dra. Daiana Ferraz. Ela é nova em Pato Branco, e gostaríamos de apresentar o trabalho dela por aqui.

Se quiser conhecer melhor:
https://share.google/xcLbjrVJT5NDUfYWV
https://www.instagram.com/dradaianaferrazsc/

Será um prazer recebê-lo(a). Se preferir não receber outras mensagens, é só me avisar."
"0","patoBranco_PB","46","4691105254","Contato","","","","","","","","","","","patoBranco_PB_20261004.txt","","Olá! Tudo bem? Aqui é o Wesley, marido da Dra. Daiana Ferraz. Ela é nova em Pato Branco, e gostaríamos de apresentar o trabalho dela por aqui.

Se quiser conhecer melhor:
https://share.google/xcLbjrVJT5NDUfYWV
https://www.instagram.com/dradaianaferrazsc/

Será um prazer recebê-lo(a). Se preferir não receber outras mensagens, é só me avisar."
"0","patoBranco_PB","46","4691105545","Contato","","","","","","","","","","","patoBranco_PB_20261004.txt","","Olá! Tudo bem? Aqui é o Wesley, marido da Dra. Daiana Ferraz. Ela é nova em Pato Branco, e gostaríamos de apresentar o trabalho dela por aqui.

Se quiser conhecer melhor:
https://share.google/xcLbjrVJT5NDUfYWV
https://www.instagram.com/dradaianaferrazsc/

Será um prazer recebê-lo(a). Se preferir não receber outras mensagens, é só me avisar."
"0","patoBranco_PB","46","4691108080","Contato","","","","","","","","","","","patoBranco_PB_20261004.txt","","Olá! Tudo bem? Aqui é o Wesley, marido da Dra. Daiana Ferraz. Ela é nova em Pato Branco, e gostaríamos de apresentar o trabalho dela por aqui.

Se quiser conhecer melhor:
https://share.google/xcLbjrVJT5NDUfYWV
https://www.instagram.com/dradaianaferrazsc/

Será um prazer recebê-lo(a). Se preferir não receber outras mensagens, é só me avisar."
"0","patoBranco_PB","46","4691108506","Contato","","","","","","","","","","","patoBranco_PB_20261004.txt","","Olá! Tudo bem? Aqui é o Wesley, marido da Dra. Daiana Ferraz. Ela é nova em Pato Branco, e gostaríamos de apresentar o trabalho dela por aqui.

Se quiser conhecer melhor:
https://share.google/xcLbjrVJT5NDUfYWV
https://www.instagram.com/dradaianaferrazsc/

Será um prazer recebê-lo(a). Se preferir não receber outras mensagens, é só me avisar."
"0","patoBranco_PB","46","4691108880","Contato","","","","","","","","","","","patoBranco_PB_20261004.txt","","Olá! Tudo bem? Aqui é o Wesley, marido da Dra. Daiana Ferraz. Ela é nova em Pato Branco, e gostaríamos de apresentar o trabalho dela por aqui.

Se quiser conhecer melhor:
https://share.google/xcLbjrVJT5NDUfYWV
https://www.instagram.com/dradaianaferrazsc/

Será um prazer recebê-lo(a). Se preferir não receber outras mensagens, é só me avisar."
"0","patoBranco_PB","46","4691110242","Contato","","","","","","","","","","","patoBranco_PB_20261004.txt","","Olá! Tudo bem? Aqui é o Wesley, marido da Dra. Daiana Ferraz. Ela é nova em Pato Branco, e gostaríamos de apresentar o trabalho dela por aqui.

Se quiser conhecer melhor:
https://share.google/xcLbjrVJT5NDUfYWV
https://www.instagram.com/dradaianaferrazsc/

Será um prazer recebê-lo(a). Se preferir não receber outras mensagens, é só me avisar."
"0","patoBranco_PB","46","4691111777","Contato","","","","","","","","","","","patoBranco_PB_20261004.txt","","Olá! Tudo bem? Aqui é o Wesley, marido da Dra. Daiana Ferraz. Ela é nova em Pato Branco, e gostaríamos de apresentar o trabalho dela por aqui.

Se quiser conhecer melhor:
https://share.google/xcLbjrVJT5NDUfYWV
https://www.instagram.com/dradaianaferrazsc/

Será um prazer recebê-lo(a). Se preferir não receber outras mensagens, é só me avisar."
"0","patoBranco_PB","46","4691111948","Contato","","","","","","","","","","","patoBranco_PB_20261004.txt","","Olá! Tudo bem? Aqui é o Wesley, marido da Dra. Daiana Ferraz. Ela é nova em Pato Branco, e gostaríamos de apresentar o trabalho dela por aqui.

Se quiser conhecer melhor:
https://share.google/xcLbjrVJT5NDUfYWV
https://www.instagram.com/dradaianaferrazsc/

Será um prazer recebê-lo(a). Se preferir não receber outras mensagens, é só me avisar."
"0","patoBranco_PB","46","4691112085","Contato","","","","","","","","","","","patoBranco_PB_20261004.txt","","Olá! Tudo bem? Aqui é o Wesley, marido da Dra. Daiana Ferraz. Ela é nova em Pato Branco, e gostaríamos de apresentar o trabalho dela por aqui.

Se quiser conhecer melhor:
https://share.google/xcLbjrVJT5NDUfYWV
https://www.instagram.com/dradaianaferrazsc/

Será um prazer recebê-lo(a). Se preferir não receber outras mensagens, é só me avisar."
"0","patoBranco_PB","46","4691112206","Contato","","","","","","","","","","","patoBranco_PB_20261004.txt","","Olá! Tudo bem? Aqui é o Wesley, marido da Dra. Daiana Ferraz. Ela é nova em Pato Branco, e gostaríamos de apresentar o trabalho dela por aqui.

Se quiser conhecer melhor:
https://share.google/xcLbjrVJT5NDUfYWV
https://www.instagram.com/dradaianaferrazsc/

Será um prazer recebê-lo(a). Se preferir não receber outras mensagens, é só me avisar."
"0","patoBranco_PB","46","4691112399","Contato","","","","","","","","","","","patoBranco_PB_20261004.txt","","Olá! Tudo bem? Aqui é o Wesley, marido da Dra. Daiana Ferraz. Ela é nova em Pato Branco, e gostaríamos de apresentar o trabalho dela por aqui.

Se quiser conhecer melhor:
https://share.google/xcLbjrVJT5NDUfYWV
https://www.instagram.com/dradaianaferrazsc/

Será um prazer recebê-lo(a). Se preferir não receber outras mensagens, é só me avisar."
"0","patoBranco_PB","46","4691112636","Contato","","","","","","","","","","","patoBranco_PB_20261004.txt","","Olá! Tudo bem? Aqui é o Wesley, marido da Dra. Daiana Ferraz. Ela é nova em Pato Branco, e gostaríamos de apresentar o trabalho dela por aqui.

Se quiser conhecer melhor:
https://share.google/xcLbjrVJT5NDUfYWV
https://www.instagram.com/dradaianaferrazsc/

Será um prazer recebê-lo(a). Se preferir não receber outras mensagens, é só me avisar."
"0","patoBranco_PB","46","4691113061","Contato","","","","","","","","","","","patoBranco_PB_20261004.txt","","Olá! Tudo bem? Aqui é o Wesley, marido da Dra. Daiana Ferraz. Ela é nova em Pato Branco, e gostaríamos de apresentar o trabalho dela por aqui.

Se quiser conhecer melhor:
https://share.google/xcLbjrVJT5NDUfYWV
https://www.instagram.com/dradaianaferrazsc/

Será um prazer recebê-lo(a). Se preferir não receber outras mensagens, é só me avisar."
"0","patoBranco_PB","46","4691117162","Contato","","","","","","","","","","","patoBranco_PB_20261004.txt","","Olá! Tudo bem? Aqui é o Wesley, marido da Dra. Daiana Ferraz. Ela é nova em Pato Branco, e gostaríamos de apresentar o trabalho dela por aqui.

Se quiser conhecer melhor:
https://share.google/xcLbjrVJT5NDUfYWV
https://www.instagram.com/dradaianaferrazsc/

Será um prazer recebê-lo(a). Se preferir não receber outras mensagens, é só me avisar."
"0","patoBranco_PB","46","4691118271","Contato","","","","","","","","","","","patoBranco_PB_20261004.txt","","Olá! Tudo bem? Aqui é o Wesley, marido da Dra. Daiana Ferraz. Ela é nova em Pato Branco, e gostaríamos de apresentar o trabalho dela por aqui.

Se quiser conhecer melhor:
https://share.google/xcLbjrVJT5NDUfYWV
https://www.instagram.com/dradaianaferrazsc/

Será um prazer recebê-lo(a). Se preferir não receber outras mensagens, é só me avisar."
"0","patoBranco_PB","46","4691118592","Contato","","","","","","","","","","","patoBranco_PB_20261004.txt","","Olá! Tudo bem? Aqui é o Wesley, marido da Dra. Daiana Ferraz. Ela é nova em Pato Branco, e gostaríamos de apresentar o trabalho dela por aqui.

Se quiser conhecer melhor:
https://share.google/xcLbjrVJT5NDUfYWV
https://www.instagram.com/dradaianaferrazsc/

Será um prazer recebê-lo(a). Se preferir não receber outras mensagens, é só me avisar."
"0","patoBranco_PB","46","4691118744","Contato","","","","","","","","","","","patoBranco_PB_20261004.txt","","Olá! Tudo bem? Aqui é o Wesley, marido da Dra. Daiana Ferraz. Ela é nova em Pato Branco, e gostaríamos de apresentar o trabalho dela por aqui.

Se quiser conhecer melhor:
https://share.google/xcLbjrVJT5NDUfYWV
https://www.instagram.com/dradaianaferrazsc/

Será um prazer recebê-lo(a). Se preferir não receber outras mensagens, é só me avisar."
"0","patoBranco_PB","46","4691118770","Contato","","","","","","","","","","","patoBranco_PB_20261004.txt","","Olá! Tudo bem? Aqui é o Wesley, marido da Dra. Daiana Ferraz. Ela é nova em Pato Branco, e gostaríamos de apresentar o trabalho dela por aqui.

Se quiser conhecer melhor:
https://share.google/xcLbjrVJT5NDUfYWV
https://www.instagram.com/dradaianaferrazsc/

Será um prazer recebê-lo(a). Se preferir não receber outras mensagens, é só me avisar."
"0","patoBranco_PB","46","4691119352","Contato","","","","","","","","","","","patoBranco_PB_20261004.txt","","Olá! Tudo bem? Aqui é o Wesley, marido da Dra. Daiana Ferraz. Ela é nova em Pato Branco, e gostaríamos de apresentar o trabalho dela por aqui.

Se quiser conhecer melhor:
https://share.google/xcLbjrVJT5NDUfYWV
https://www.instagram.com/dradaianaferrazsc/

Será um prazer recebê-lo(a). Se preferir não receber outras mensagens, é só me avisar."
"0","patoBranco_PB","46","4691119933","Contato","","","","","","","","","","","patoBranco_PB_20261004.txt","","Olá! Tudo bem? Aqui é o Wesley, marido da Dra. Daiana Ferraz. Ela é nova em Pato Branco, e gostaríamos de apresentar o trabalho dela por aqui.

Se quiser conhecer melhor:
https://share.google/xcLbjrVJT5NDUfYWV
https://www.instagram.com/dradaianaferrazsc/

Será um prazer recebê-lo(a). Se preferir não receber outras mensagens, é só me avisar."
"0","patoBranco_PB","46","4691120625","Contato","","","","","","","","","","","patoBranco_PB_20261004.txt","","Olá! Tudo bem? Aqui é o Wesley, marido da Dra. Daiana Ferraz. Ela é nova em Pato Branco, e gostaríamos de apresentar o trabalho dela por aqui.

Se quiser conhecer melhor:
https://share.google/xcLbjrVJT5NDUfYWV
https://www.instagram.com/dradaianaferrazsc/

Será um prazer recebê-lo(a). Se preferir não receber outras mensagens, é só me avisar."
"0","patoBranco_PB","46","4691123078","Contato","","","","","","","","","","","patoBranco_PB_20261004.txt","","Olá! Tudo bem? Aqui é o Wesley, marido da Dra. Daiana Ferraz. Ela é nova em Pato Branco, e gostaríamos de apresentar o trabalho dela por aqui.

Se quiser conhecer melhor:
https://share.google/xcLbjrVJT5NDUfYWV
https://www.instagram.com/dradaianaferrazsc/

Será um prazer recebê-lo(a). Se preferir não receber outras mensagens, é só me avisar."
"0","patoBranco_PB","46","4691124229","Contato","","","","","","","","","","","patoBranco_PB_20261004.txt","","Olá! Tudo bem? Aqui é o Wesley, marido da Dra. Daiana Ferraz. Ela é nova em Pato Branco, e gostaríamos de apresentar o trabalho dela por aqui.

Se quiser conhecer melhor:
https://share.google/xcLbjrVJT5NDUfYWV
https://www.instagram.com/dradaianaferrazsc/

Será um prazer recebê-lo(a). Se preferir não receber outras mensagens, é só me avisar."
"0","patoBranco_PB","46","4691125034","Contato","","","","","","","","","","","patoBranco_PB_20261004.txt","","Olá! Tudo bem? Aqui é o Wesley, marido da Dra. Daiana Ferraz. Ela é nova em Pato Branco, e gostaríamos de apresentar o trabalho dela por aqui.

Se quiser conhecer melhor:
https://share.google/xcLbjrVJT5NDUfYWV
https://www.instagram.com/dradaianaferrazsc/

Será um prazer recebê-lo(a). Se preferir não receber outras mensagens, é só me avisar."
"0","patoBranco_PB","46","4691125453","Contato","","","","","","","","","","","patoBranco_PB_20261004.txt","","Olá! Tudo bem? Aqui é o Wesley, marido da Dra. Daiana Ferraz. Ela é nova em Pato Branco, e gostaríamos de apresentar o trabalho dela por aqui.

Se quiser conhecer melhor:
https://share.google/xcLbjrVJT5NDUfYWV
https://www.instagram.com/dradaianaferrazsc/

Será um prazer recebê-lo(a). Se preferir não receber outras mensagens, é só me avisar."
"0","patoBranco_PB","46","4691126516","Contato","","","","","","","","","","","patoBranco_PB_20261004.txt","","Olá! Tudo bem? Aqui é o Wesley, marido da Dra. Daiana Ferraz. Ela é nova em Pato Branco, e gostaríamos de apresentar o trabalho dela por aqui.

Se quiser conhecer melhor:
https://share.google/xcLbjrVJT5NDUfYWV
https://www.instagram.com/dradaianaferrazsc/

Será um prazer recebê-lo(a). Se preferir não receber outras mensagens, é só me avisar."
"0","patoBranco_PB","46","4691127995","Contato","","","","","","","","","","","patoBranco_PB_20261004.txt","","Olá! Tudo bem? Aqui é o Wesley, marido da Dra. Daiana Ferraz. Ela é nova em Pato Branco, e gostaríamos de apresentar o trabalho dela por aqui.

Se quiser conhecer melhor:
https://share.google/xcLbjrVJT5NDUfYWV
https://www.instagram.com/dradaianaferrazsc/

Será um prazer recebê-lo(a). Se preferir não receber outras mensagens, é só me avisar."
"0","patoBranco_PB","46","4691128230","Contato","","","","","","","","","","","patoBranco_PB_20261004.txt","","Olá! Tudo bem? Aqui é o Wesley, marido da Dra. Daiana Ferraz. Ela é nova em Pato Branco, e gostaríamos de apresentar o trabalho dela por aqui.

Se quiser conhecer melhor:
https://share.google/xcLbjrVJT5NDUfYWV
https://www.instagram.com/dradaianaferrazsc/

Será um prazer recebê-lo(a). Se preferir não receber outras mensagens, é só me avisar."
"0","patoBranco_PB","46","4691128479","Contato","","","","","","","","","","","patoBranco_PB_20261004.txt","","Olá! Tudo bem? Aqui é o Wesley, marido da Dra. Daiana Ferraz. Ela é nova em Pato Branco, e gostaríamos de apresentar o trabalho dela por aqui.

Se quiser conhecer melhor:
https://share.google/xcLbjrVJT5NDUfYWV
https://www.instagram.com/dradaianaferrazsc/

Será um prazer recebê-lo(a). Se preferir não receber outras mensagens, é só me avisar."
"0","patoBranco_PB","46","4691128782","Contato","","","","","","","","","","","patoBranco_PB_20261004.txt","","Olá! Tudo bem? Aqui é o Wesley, marido da Dra. Daiana Ferraz. Ela é nova em Pato Branco, e gostaríamos de apresentar o trabalho dela por aqui.

Se quiser conhecer melhor:
https://share.google/xcLbjrVJT5NDUfYWV
https://www.instagram.com/dradaianaferrazsc/

Será um prazer recebê-lo(a). Se preferir não receber outras mensagens, é só me avisar."
"0","patoBranco_PB","46","4691130668","Contato","","","","","","","","","","","patoBranco_PB_20261004.txt","","Olá! Tudo bem? Aqui é o Wesley, marido da Dra. Daiana Ferraz. Ela é nova em Pato Branco, e gostaríamos de apresentar o trabalho dela por aqui.

Se quiser conhecer melhor:
https://share.google/xcLbjrVJT5NDUfYWV
https://www.instagram.com/dradaianaferrazsc/

Será um prazer recebê-lo(a). Se preferir não receber outras mensagens, é só me avisar."
"0","patoBranco_PB","46","4691130988","Contato","","","","","","","","","","","patoBranco_PB_20261004.txt","","Olá! Tudo bem? Aqui é o Wesley, marido da Dra. Daiana Ferraz. Ela é nova em Pato Branco, e gostaríamos de apresentar o trabalho dela por aqui.

Se quiser conhecer melhor:
https://share.google/xcLbjrVJT5NDUfYWV
https://www.instagram.com/dradaianaferrazsc/

Será um prazer recebê-lo(a). Se preferir não receber outras mensagens, é só me avisar."
"0","patoBranco_PB","46","4691131101","Contato","","","","","","","","","","","patoBranco_PB_20261004.txt","","Olá! Tudo bem? Aqui é o Wesley, marido da Dra. Daiana Ferraz. Ela é nova em Pato Branco, e gostaríamos de apresentar o trabalho dela por aqui.

Se quiser conhecer melhor:
https://share.google/xcLbjrVJT5NDUfYWV
https://www.instagram.com/dradaianaferrazsc/

Será um prazer recebê-lo(a). Se preferir não receber outras mensagens, é só me avisar."
"0","patoBranco_PB","46","4691132305","Contato","","","","","","","","","","","patoBranco_PB_20261004.txt","","Olá! Tudo bem? Aqui é o Wesley, marido da Dra. Daiana Ferraz. Ela é nova em Pato Branco, e gostaríamos de apresentar o trabalho dela por aqui.

Se quiser conhecer melhor:
https://share.google/xcLbjrVJT5NDUfYWV
https://www.instagram.com/dradaianaferrazsc/

Será um prazer recebê-lo(a). Se preferir não receber outras mensagens, é só me avisar."
"0","patoBranco_PB","46","4691132578","Contato","","","","","","","","","","","patoBranco_PB_20261004.txt","","Olá! Tudo bem? Aqui é o Wesley, marido da Dra. Daiana Ferraz. Ela é nova em Pato Branco, e gostaríamos de apresentar o trabalho dela por aqui.

Se quiser conhecer melhor:
https://share.google/xcLbjrVJT5NDUfYWV
https://www.instagram.com/dradaianaferrazsc/

Será um prazer recebê-lo(a). Se preferir não receber outras mensagens, é só me avisar."
"0","patoBranco_PB","46","4691133327","Contato","","","","","","","","","","","patoBranco_PB_20261004.txt","","Olá! Tudo bem? Aqui é o Wesley, marido da Dra. Daiana Ferraz. Ela é nova em Pato Branco, e gostaríamos de apresentar o trabalho dela por aqui.

Se quiser conhecer melhor:
https://share.google/xcLbjrVJT5NDUfYWV
https://www.instagram.com/dradaianaferrazsc/

Será um prazer recebê-lo(a). Se preferir não receber outras mensagens, é só me avisar."
"0","patoBranco_PB","46","4691135257","Contato","","","","","","","","","","","patoBranco_PB_20261004.txt","","Olá! Tudo bem? Aqui é o Wesley, marido da Dra. Daiana Ferraz. Ela é nova em Pato Branco, e gostaríamos de apresentar o trabalho dela por aqui.

Se quiser conhecer melhor:
https://share.google/xcLbjrVJT5NDUfYWV
https://www.instagram.com/dradaianaferrazsc/

Será um prazer recebê-lo(a). Se preferir não receber outras mensagens, é só me avisar."
"0","patoBranco_PB","46","4691135503","Contato","","","","","","","","","","","patoBranco_PB_20261004.txt","","Olá! Tudo bem? Aqui é o Wesley, marido da Dra. Daiana Ferraz. Ela é nova em Pato Branco, e gostaríamos de apresentar o trabalho dela por aqui.

Se quiser conhecer melhor:
https://share.google/xcLbjrVJT5NDUfYWV
https://www.instagram.com/dradaianaferrazsc/

Será um prazer recebê-lo(a). Se preferir não receber outras mensagens, é só me avisar."
"0","patoBranco_PB","46","4691136360","Contato","","","","","","","","","","","patoBranco_PB_20261004.txt","","Olá! Tudo bem? Aqui é o Wesley, marido da Dra. Daiana Ferraz. Ela é nova em Pato Branco, e gostaríamos de apresentar o trabalho dela por aqui.

Se quiser conhecer melhor:
https://share.google/xcLbjrVJT5NDUfYWV
https://www.instagram.com/dradaianaferrazsc/

Será um prazer recebê-lo(a). Se preferir não receber outras mensagens, é só me avisar."
"0","patoBranco_PB","46","4691138030","Contato","","","","","","","","","","","patoBranco_PB_20261004.txt","","Olá! Tudo bem? Aqui é o Wesley, marido da Dra. Daiana Ferraz. Ela é nova em Pato Branco, e gostaríamos de apresentar o trabalho dela por aqui.

Se quiser conhecer melhor:
https://share.google/xcLbjrVJT5NDUfYWV
https://www.instagram.com/dradaianaferrazsc/

Será um prazer recebê-lo(a). Se preferir não receber outras mensagens, é só me avisar."
"0","patoBranco_PB","46","4691138526","Contato","","","","","","","","","","","patoBranco_PB_20261004.txt","","Olá! Tudo bem? Aqui é o Wesley, marido da Dra. Daiana Ferraz. Ela é nova em Pato Branco, e gostaríamos de apresentar o trabalho dela por aqui.

Se quiser conhecer melhor:
https://share.google/xcLbjrVJT5NDUfYWV
https://www.instagram.com/dradaianaferrazsc/

Será um prazer recebê-lo(a). Se preferir não receber outras mensagens, é só me avisar."
"0","patoBranco_PB","46","4691139848","Contato","","","","","","","","","","","patoBranco_PB_20261004.txt","","Olá! Tudo bem? Aqui é o Wesley, marido da Dra. Daiana Ferraz. Ela é nova em Pato Branco, e gostaríamos de apresentar o trabalho dela por aqui.

Se quiser conhecer melhor:
https://share.google/xcLbjrVJT5NDUfYWV
https://www.instagram.com/dradaianaferrazsc/

Será um prazer recebê-lo(a). Se preferir não receber outras mensagens, é só me avisar."
"0","patoBranco_PB","46","4691140392","Contato","","","","","","","","","","","patoBranco_PB_20261004.txt","","Olá! Tudo bem? Aqui é o Wesley, marido da Dra. Daiana Ferraz. Ela é nova em Pato Branco, e gostaríamos de apresentar o trabalho dela por aqui.

Se quiser conhecer melhor:
https://share.google/xcLbjrVJT5NDUfYWV
https://www.instagram.com/dradaianaferrazsc/

Será um prazer recebê-lo(a). Se preferir não receber outras mensagens, é só me avisar."
"0","patoBranco_PB","46","4691140894","Contato","","","","","","","","","","","patoBranco_PB_20261004.txt","","Olá! Tudo bem? Aqui é o Wesley, marido da Dra. Daiana Ferraz. Ela é nova em Pato Branco, e gostaríamos de apresentar o trabalho dela por aqui.

Se quiser conhecer melhor:
https://share.google/xcLbjrVJT5NDUfYWV
https://www.instagram.com/dradaianaferrazsc/

Será um prazer recebê-lo(a). Se preferir não receber outras mensagens, é só me avisar."
"0","patoBranco_PB","46","4691141210","Contato","","","","","","","","","","","patoBranco_PB_20261004.txt","","Olá! Tudo bem? Aqui é o Wesley, marido da Dra. Daiana Ferraz. Ela é nova em Pato Branco, e gostaríamos de apresentar o trabalho dela por aqui.

Se quiser conhecer melhor:
https://share.google/xcLbjrVJT5NDUfYWV
https://www.instagram.com/dradaianaferrazsc/

Será um prazer recebê-lo(a). Se preferir não receber outras mensagens, é só me avisar."
"0","patoBranco_PB","46","4691141883","Contato","","","","","","","","","","","patoBranco_PB_20261004.txt","","Olá! Tudo bem? Aqui é o Wesley, marido da Dra. Daiana Ferraz. Ela é nova em Pato Branco, e gostaríamos de apresentar o trabalho dela por aqui.

Se quiser conhecer melhor:
https://share.google/xcLbjrVJT5NDUfYWV
https://www.instagram.com/dradaianaferrazsc/

Será um prazer recebê-lo(a). Se preferir não receber outras mensagens, é só me avisar."
"0","patoBranco_PB","46","4691142573","Contato","","","","","","","","","","","patoBranco_PB_20261004.txt","","Olá! Tudo bem? Aqui é o Wesley, marido da Dra. Daiana Ferraz. Ela é nova em Pato Branco, e gostaríamos de apresentar o trabalho dela por aqui.

Se quiser conhecer melhor:
https://share.google/xcLbjrVJT5NDUfYWV
https://www.instagram.com/dradaianaferrazsc/

Será um prazer recebê-lo(a). Se preferir não receber outras mensagens, é só me avisar."
"0","patoBranco_PB","46","4691148594","Contato","","","","","","","","","","","patoBranco_PB_20261004.txt","","Olá! Tudo bem? Aqui é o Wesley, marido da Dra. Daiana Ferraz. Ela é nova em Pato Branco, e gostaríamos de apresentar o trabalho dela por aqui.

Se quiser conhecer melhor:
https://share.google/xcLbjrVJT5NDUfYWV
https://www.instagram.com/dradaianaferrazsc/

Será um prazer recebê-lo(a). Se preferir não receber outras mensagens, é só me avisar."
"0","patoBranco_PB","46","4691149020","Contato","","","","","","","","","","","patoBranco_PB_20261004.txt","","Olá! Tudo bem? Aqui é o Wesley, marido da Dra. Daiana Ferraz. Ela é nova em Pato Branco, e gostaríamos de apresentar o trabalho dela por aqui.

Se quiser conhecer melhor:
https://share.google/xcLbjrVJT5NDUfYWV
https://www.instagram.com/dradaianaferrazsc/

Será um prazer recebê-lo(a). Se preferir não receber outras mensagens, é só me avisar."
"0","patoBranco_PB","46","4691149059","Contato","","","","","","","","","","","patoBranco_PB_20261004.txt","","Olá! Tudo bem? Aqui é o Wesley, marido da Dra. Daiana Ferraz. Ela é nova em Pato Branco, e gostaríamos de apresentar o trabalho dela por aqui.

Se quiser conhecer melhor:
https://share.google/xcLbjrVJT5NDUfYWV
https://www.instagram.com/dradaianaferrazsc/

Será um prazer recebê-lo(a). Se preferir não receber outras mensagens, é só me avisar."
"0","patoBranco_PB","46","4691150403","Contato","","","","","","","","","","","patoBranco_PB_20261004.txt","","Olá! Tudo bem? Aqui é o Wesley, marido da Dra. Daiana Ferraz. Ela é nova em Pato Branco, e gostaríamos de apresentar o trabalho dela por aqui.

Se quiser conhecer melhor:
https://share.google/xcLbjrVJT5NDUfYWV
https://www.instagram.com/dradaianaferrazsc/

Será um prazer recebê-lo(a). Se preferir não receber outras mensagens, é só me avisar."
"0","patoBranco_PB","46","4691150586","Contato","","","","","","","","","","","patoBranco_PB_20261004.txt","","Olá! Tudo bem? Aqui é o Wesley, marido da Dra. Daiana Ferraz. Ela é nova em Pato Branco, e gostaríamos de apresentar o trabalho dela por aqui.

Se quiser conhecer melhor:
https://share.google/xcLbjrVJT5NDUfYWV
https://www.instagram.com/dradaianaferrazsc/

Será um prazer recebê-lo(a). Se preferir não receber outras mensagens, é só me avisar."
"0","patoBranco_PB","46","4691150726","Contato","","","","","","","","","","","patoBranco_PB_20261004.txt","","Olá! Tudo bem? Aqui é o Wesley, marido da Dra. Daiana Ferraz. Ela é nova em Pato Branco, e gostaríamos de apresentar o trabalho dela por aqui.

Se quiser conhecer melhor:
https://share.google/xcLbjrVJT5NDUfYWV
https://www.instagram.com/dradaianaferrazsc/

Será um prazer recebê-lo(a). Se preferir não receber outras mensagens, é só me avisar."
"0","patoBranco_PB","46","4691151300","Contato","","","","","","","","","","","patoBranco_PB_20261004.txt","","Olá! Tudo bem? Aqui é o Wesley, marido da Dra. Daiana Ferraz. Ela é nova em Pato Branco, e gostaríamos de apresentar o trabalho dela por aqui.

Se quiser conhecer melhor:
https://share.google/xcLbjrVJT5NDUfYWV
https://www.instagram.com/dradaianaferrazsc/

Será um prazer recebê-lo(a). Se preferir não receber outras mensagens, é só me avisar."
"0","patoBranco_PB","46","4691151421","Contato","","","","","","","","","","","patoBranco_PB_20261004.txt","","Olá! Tudo bem? Aqui é o Wesley, marido da Dra. Daiana Ferraz. Ela é nova em Pato Branco, e gostaríamos de apresentar o trabalho dela por aqui.

Se quiser conhecer melhor:
https://share.google/xcLbjrVJT5NDUfYWV
https://www.instagram.com/dradaianaferrazsc/

Será um prazer recebê-lo(a). Se preferir não receber outras mensagens, é só me avisar."
"0","patoBranco_PB","46","4691151509","Contato","","","","","","","","","","","patoBranco_PB_20261004.txt","","Olá! Tudo bem? Aqui é o Wesley, marido da Dra. Daiana Ferraz. Ela é nova em Pato Branco, e gostaríamos de apresentar o trabalho dela por aqui.

Se quiser conhecer melhor:
https://share.google/xcLbjrVJT5NDUfYWV
https://www.instagram.com/dradaianaferrazsc/

Será um prazer recebê-lo(a). Se preferir não receber outras mensagens, é só me avisar."
"0","patoBranco_PB","46","4691151991","Contato","","","","","","","","","","","patoBranco_PB_20261004.txt","","Olá! Tudo bem? Aqui é o Wesley, marido da Dra. Daiana Ferraz. Ela é nova em Pato Branco, e gostaríamos de apresentar o trabalho dela por aqui.

Se quiser conhecer melhor:
https://share.google/xcLbjrVJT5NDUfYWV
https://www.instagram.com/dradaianaferrazsc/

Será um prazer recebê-lo(a). Se preferir não receber outras mensagens, é só me avisar."
"0","patoBranco_PB","46","4691153722","Contato","","","","","","","","","","","patoBranco_PB_20261004.txt","","Olá! Tudo bem? Aqui é o Wesley, marido da Dra. Daiana Ferraz. Ela é nova em Pato Branco, e gostaríamos de apresentar o trabalho dela por aqui.

Se quiser conhecer melhor:
https://share.google/xcLbjrVJT5NDUfYWV
https://www.instagram.com/dradaianaferrazsc/

Será um prazer recebê-lo(a). Se preferir não receber outras mensagens, é só me avisar."
"0","patoBranco_PB","46","4691154441","Contato","","","","","","","","","","","patoBranco_PB_20261004.txt","","Olá! Tudo bem? Aqui é o Wesley, marido da Dra. Daiana Ferraz. Ela é nova em Pato Branco, e gostaríamos de apresentar o trabalho dela por aqui.

Se quiser conhecer melhor:
https://share.google/xcLbjrVJT5NDUfYWV
https://www.instagram.com/dradaianaferrazsc/

Será um prazer recebê-lo(a). Se preferir não receber outras mensagens, é só me avisar."
"0","patoBranco_PB","46","4691154734","Contato","","","","","","","","","","","patoBranco_PB_20261004.txt","","Olá! Tudo bem? Aqui é o Wesley, marido da Dra. Daiana Ferraz. Ela é nova em Pato Branco, e gostaríamos de apresentar o trabalho dela por aqui.

Se quiser conhecer melhor:
https://share.google/xcLbjrVJT5NDUfYWV
https://www.instagram.com/dradaianaferrazsc/

Será um prazer recebê-lo(a). Se preferir não receber outras mensagens, é só me avisar."
"0","patoBranco_PB","46","4691158067","Contato","","","","","","","","","","","patoBranco_PB_20261004.txt","","Olá! Tudo bem? Aqui é o Wesley, marido da Dra. Daiana Ferraz. Ela é nova em Pato Branco, e gostaríamos de apresentar o trabalho dela por aqui.

Se quiser conhecer melhor:
https://share.google/xcLbjrVJT5NDUfYWV
https://www.instagram.com/dradaianaferrazsc/

Será um prazer recebê-lo(a). Se preferir não receber outras mensagens, é só me avisar."
"0","patoBranco_PB","46","4691162059","Contato","","","","","","","","","","","patoBranco_PB_20261004.txt","","Olá! Tudo bem? Aqui é o Wesley, marido da Dra. Daiana Ferraz. Ela é nova em Pato Branco, e gostaríamos de apresentar o trabalho dela por aqui.

Se quiser conhecer melhor:
https://share.google/xcLbjrVJT5NDUfYWV
https://www.instagram.com/dradaianaferrazsc/

Será um prazer recebê-lo(a). Se preferir não receber outras mensagens, é só me avisar."
"0","patoBranco_PB","46","4691162336","Contato","","","","","","","","","","","patoBranco_PB_20261004.txt","","Olá! Tudo bem? Aqui é o Wesley, marido da Dra. Daiana Ferraz. Ela é nova em Pato Branco, e gostaríamos de apresentar o trabalho dela por aqui.

Se quiser conhecer melhor:
https://share.google/xcLbjrVJT5NDUfYWV
https://www.instagram.com/dradaianaferrazsc/

Será um prazer recebê-lo(a). Se preferir não receber outras mensagens, é só me avisar."
"0","patoBranco_PB","46","4691163766","Contato","","","","","","","","","","","patoBranco_PB_20261004.txt","","Olá! Tudo bem? Aqui é o Wesley, marido da Dra. Daiana Ferraz. Ela é nova em Pato Branco, e gostaríamos de apresentar o trabalho dela por aqui.

Se quiser conhecer melhor:
https://share.google/xcLbjrVJT5NDUfYWV
https://www.instagram.com/dradaianaferrazsc/

Será um prazer recebê-lo(a). Se preferir não receber outras mensagens, é só me avisar."
"0","patoBranco_PB","46","4691165255","Contato","","","","","","","","","","","patoBranco_PB_20261004.txt","","Olá! Tudo bem? Aqui é o Wesley, marido da Dra. Daiana Ferraz. Ela é nova em Pato Branco, e gostaríamos de apresentar o trabalho dela por aqui.

Se quiser conhecer melhor:
https://share.google/xcLbjrVJT5NDUfYWV
https://www.instagram.com/dradaianaferrazsc/

Será um prazer recebê-lo(a). Se preferir não receber outras mensagens, é só me avisar."
"0","patoBranco_PB","46","4691166499","Contato","","","","","","","","","","","patoBranco_PB_20261004.txt","","Olá! Tudo bem? Aqui é o Wesley, marido da Dra. Daiana Ferraz. Ela é nova em Pato Branco, e gostaríamos de apresentar o trabalho dela por aqui.

Se quiser conhecer melhor:
https://share.google/xcLbjrVJT5NDUfYWV
https://www.instagram.com/dradaianaferrazsc/

Será um prazer recebê-lo(a). Se preferir não receber outras mensagens, é só me avisar."
"0","patoBranco_PB","46","4691168914","Contato","","","","","","","","","","","patoBranco_PB_20261004.txt","","Olá! Tudo bem? Aqui é o Wesley, marido da Dra. Daiana Ferraz. Ela é nova em Pato Branco, e gostaríamos de apresentar o trabalho dela por aqui.

Se quiser conhecer melhor:
https://share.google/xcLbjrVJT5NDUfYWV
https://www.instagram.com/dradaianaferrazsc/

Será um prazer recebê-lo(a). Se preferir não receber outras mensagens, é só me avisar."
"0","patoBranco_PB","46","4691170315","Contato","","","","","","","","","","","patoBranco_PB_20261004.txt","","Olá! Tudo bem? Aqui é o Wesley, marido da Dra. Daiana Ferraz. Ela é nova em Pato Branco, e gostaríamos de apresentar o trabalho dela por aqui.

Se quiser conhecer melhor:
https://share.google/xcLbjrVJT5NDUfYWV
https://www.instagram.com/dradaianaferrazsc/

Será um prazer recebê-lo(a). Se preferir não receber outras mensagens, é só me avisar."
"0","patoBranco_PB","46","4691170327","Contato","","","","","","","","","","","patoBranco_PB_20261004.txt","","Olá! Tudo bem? Aqui é o Wesley, marido da Dra. Daiana Ferraz. Ela é nova em Pato Branco, e gostaríamos de apresentar o trabalho dela por aqui.

Se quiser conhecer melhor:
https://share.google/xcLbjrVJT5NDUfYWV
https://www.instagram.com/dradaianaferrazsc/

Será um prazer recebê-lo(a). Se preferir não receber outras mensagens, é só me avisar."
"0","patoBranco_PB","46","4691170957","Contato","","","","","","","","","","","patoBranco_PB_20261004.txt","","Olá! Tudo bem? Aqui é o Wesley, marido da Dra. Daiana Ferraz. Ela é nova em Pato Branco, e gostaríamos de apresentar o trabalho dela por aqui.

Se quiser conhecer melhor:
https://share.google/xcLbjrVJT5NDUfYWV
https://www.instagram.com/dradaianaferrazsc/

Será um prazer recebê-lo(a). Se preferir não receber outras mensagens, é só me avisar."
"0","patoBranco_PB","46","4691173397","Contato","","","","","","","","","","","patoBranco_PB_20261004.txt","","Olá! Tudo bem? Aqui é o Wesley, marido da Dra. Daiana Ferraz. Ela é nova em Pato Branco, e gostaríamos de apresentar o trabalho dela por aqui.

Se quiser conhecer melhor:
https://share.google/xcLbjrVJT5NDUfYWV
https://www.instagram.com/dradaianaferrazsc/

Será um prazer recebê-lo(a). Se preferir não receber outras mensagens, é só me avisar."
"0","patoBranco_PB","46","4691178001","Contato","","","","","","","","","","","patoBranco_PB_20261004.txt","","Olá! Tudo bem? Aqui é o Wesley, marido da Dra. Daiana Ferraz. Ela é nova em Pato Branco, e gostaríamos de apresentar o trabalho dela por aqui.

Se quiser conhecer melhor:
https://share.google/xcLbjrVJT5NDUfYWV
https://www.instagram.com/dradaianaferrazsc/

Será um prazer recebê-lo(a). Se preferir não receber outras mensagens, é só me avisar."
"0","patoBranco_PB","46","4691179333","Contato","","","","","","","","","","","patoBranco_PB_20261004.txt","","Olá! Tudo bem? Aqui é o Wesley, marido da Dra. Daiana Ferraz. Ela é nova em Pato Branco, e gostaríamos de apresentar o trabalho dela por aqui.

Se quiser conhecer melhor:
https://share.google/xcLbjrVJT5NDUfYWV
https://www.instagram.com/dradaianaferrazsc/

Será um prazer recebê-lo(a). Se preferir não receber outras mensagens, é só me avisar."
"0","patoBranco_PB","46","4691180099","Contato","","","","","","","","","","","patoBranco_PB_20261004.txt","","Olá! Tudo bem? Aqui é o Wesley, marido da Dra. Daiana Ferraz. Ela é nova em Pato Branco, e gostaríamos de apresentar o trabalho dela por aqui.

Se quiser conhecer melhor:
https://share.google/xcLbjrVJT5NDUfYWV
https://www.instagram.com/dradaianaferrazsc/

Será um prazer recebê-lo(a). Se preferir não receber outras mensagens, é só me avisar."
"0","patoBranco_PB","46","4691180207","Contato","","","","","","","","","","","patoBranco_PB_20261004.txt","","Olá! Tudo bem? Aqui é o Wesley, marido da Dra. Daiana Ferraz. Ela é nova em Pato Branco, e gostaríamos de apresentar o trabalho dela por aqui.

Se quiser conhecer melhor:
https://share.google/xcLbjrVJT5NDUfYWV
https://www.instagram.com/dradaianaferrazsc/

Será um prazer recebê-lo(a). Se preferir não receber outras mensagens, é só me avisar."
"0","patoBranco_PB","46","4691181053","Contato","","","","","","","","","","","patoBranco_PB_20261004.txt","","Olá! Tudo bem? Aqui é o Wesley, marido da Dra. Daiana Ferraz. Ela é nova em Pato Branco, e gostaríamos de apresentar o trabalho dela por aqui.

Se quiser conhecer melhor:
https://share.google/xcLbjrVJT5NDUfYWV
https://www.instagram.com/dradaianaferrazsc/

Será um prazer recebê-lo(a). Se preferir não receber outras mensagens, é só me avisar."
"0","patoBranco_PB","46","4691181965","Contato","","","","","","","","","","","patoBranco_PB_20261004.txt","","Olá! Tudo bem? Aqui é o Wesley, marido da Dra. Daiana Ferraz. Ela é nova em Pato Branco, e gostaríamos de apresentar o trabalho dela por aqui.

Se quiser conhecer melhor:
https://share.google/xcLbjrVJT5NDUfYWV
https://www.instagram.com/dradaianaferrazsc/

Será um prazer recebê-lo(a). Se preferir não receber outras mensagens, é só me avisar."
"0","patoBranco_PB","46","4691182526","Contato","","","","","","","","","","","patoBranco_PB_20261004.txt","","Olá! Tudo bem? Aqui é o Wesley, marido da Dra. Daiana Ferraz. Ela é nova em Pato Branco, e gostaríamos de apresentar o trabalho dela por aqui.

Se quiser conhecer melhor:
https://share.google/xcLbjrVJT5NDUfYWV
https://www.instagram.com/dradaianaferrazsc/

Será um prazer recebê-lo(a). Se preferir não receber outras mensagens, é só me avisar."
"0","patoBranco_PB","46","4691182775","Contato","","","","","","","","","","","patoBranco_PB_20261004.txt","","Olá! Tudo bem? Aqui é o Wesley, marido da Dra. Daiana Ferraz. Ela é nova em Pato Branco, e gostaríamos de apresentar o trabalho dela por aqui.

Se quiser conhecer melhor:
https://share.google/xcLbjrVJT5NDUfYWV
https://www.instagram.com/dradaianaferrazsc/

Será um prazer recebê-lo(a). Se preferir não receber outras mensagens, é só me avisar."
"0","patoBranco_PB","46","4691183678","Contato","","","","","","","","","","","patoBranco_PB_20261004.txt","","Olá! Tudo bem? Aqui é o Wesley, marido da Dra. Daiana Ferraz. Ela é nova em Pato Branco, e gostaríamos de apresentar o trabalho dela por aqui.

Se quiser conhecer melhor:
https://share.google/xcLbjrVJT5NDUfYWV
https://www.instagram.com/dradaianaferrazsc/

Será um prazer recebê-lo(a). Se preferir não receber outras mensagens, é só me avisar."
"0","patoBranco_PB","46","4691185758","Contato","","","","","","","","","","","patoBranco_PB_20261004.txt","","Olá! Tudo bem? Aqui é o Wesley, marido da Dra. Daiana Ferraz. Ela é nova em Pato Branco, e gostaríamos de apresentar o trabalho dela por aqui.

Se quiser conhecer melhor:
https://share.google/xcLbjrVJT5NDUfYWV
https://www.instagram.com/dradaianaferrazsc/

Será um prazer recebê-lo(a). Se preferir não receber outras mensagens, é só me avisar."
"0","patoBranco_PB","46","4691185797","Contato","","","","","","","","","","","patoBranco_PB_20261004.txt","","Olá! Tudo bem? Aqui é o Wesley, marido da Dra. Daiana Ferraz. Ela é nova em Pato Branco, e gostaríamos de apresentar o trabalho dela por aqui.

Se quiser conhecer melhor:
https://share.google/xcLbjrVJT5NDUfYWV
https://www.instagram.com/dradaianaferrazsc/

Será um prazer recebê-lo(a). Se preferir não receber outras mensagens, é só me avisar."
"0","patoBranco_PB","46","4691187750","Contato","","","","","","","","","","","patoBranco_PB_20261004.txt","","Olá! Tudo bem? Aqui é o Wesley, marido da Dra. Daiana Ferraz. Ela é nova em Pato Branco, e gostaríamos de apresentar o trabalho dela por aqui.

Se quiser conhecer melhor:
https://share.google/xcLbjrVJT5NDUfYWV
https://www.instagram.com/dradaianaferrazsc/

Será um prazer recebê-lo(a). Se preferir não receber outras mensagens, é só me avisar."
"0","patoBranco_PB","46","4691187927","Contato","","","","","","","","","","","patoBranco_PB_20261004.txt","","Olá! Tudo bem? Aqui é o Wesley, marido da Dra. Daiana Ferraz. Ela é nova em Pato Branco, e gostaríamos de apresentar o trabalho dela por aqui.

Se quiser conhecer melhor:
https://share.google/xcLbjrVJT5NDUfYWV
https://www.instagram.com/dradaianaferrazsc/

Será um prazer recebê-lo(a). Se preferir não receber outras mensagens, é só me avisar."
"0","patoBranco_PB","46","4691188283","Contato","","","","","","","","","","","patoBranco_PB_20261004.txt","","Olá! Tudo bem? Aqui é o Wesley, marido da Dra. Daiana Ferraz. Ela é nova em Pato Branco, e gostaríamos de apresentar o trabalho dela por aqui.

Se quiser conhecer melhor:
https://share.google/xcLbjrVJT5NDUfYWV
https://www.instagram.com/dradaianaferrazsc/

Será um prazer recebê-lo(a). Se preferir não receber outras mensagens, é só me avisar."
"0","patoBranco_PB","46","4691189460","Contato","","","","","","","","","","","patoBranco_PB_20261004.txt","","Olá! Tudo bem? Aqui é o Wesley, marido da Dra. Daiana Ferraz. Ela é nova em Pato Branco, e gostaríamos de apresentar o trabalho dela por aqui.

Se quiser conhecer melhor:
https://share.google/xcLbjrVJT5NDUfYWV
https://www.instagram.com/dradaianaferrazsc/

Será um prazer recebê-lo(a). Se preferir não receber outras mensagens, é só me avisar."
"0","patoBranco_PB","46","4691190065","Contato","","","","","","","","","","","patoBranco_PB_20261004.txt","","Olá! Tudo bem? Aqui é o Wesley, marido da Dra. Daiana Ferraz. Ela é nova em Pato Branco, e gostaríamos de apresentar o trabalho dela por aqui.

Se quiser conhecer melhor:
https://share.google/xcLbjrVJT5NDUfYWV
https://www.instagram.com/dradaianaferrazsc/

Será um prazer recebê-lo(a). Se preferir não receber outras mensagens, é só me avisar."
"0","patoBranco_PB","46","4691190575","Contato","","","","","","","","","","","patoBranco_PB_20261004.txt","","Olá! Tudo bem? Aqui é o Wesley, marido da Dra. Daiana Ferraz. Ela é nova em Pato Branco, e gostaríamos de apresentar o trabalho dela por aqui.

Se quiser conhecer melhor:
https://share.google/xcLbjrVJT5NDUfYWV
https://www.instagram.com/dradaianaferrazsc/

Será um prazer recebê-lo(a). Se preferir não receber outras mensagens, é só me avisar."
"0","patoBranco_PB","46","4691191871","Contato","","","","","","","","","","","patoBranco_PB_20261004.txt","","Olá! Tudo bem? Aqui é o Wesley, marido da Dra. Daiana Ferraz. Ela é nova em Pato Branco, e gostaríamos de apresentar o trabalho dela por aqui.

Se quiser conhecer melhor:
https://share.google/xcLbjrVJT5NDUfYWV
https://www.instagram.com/dradaianaferrazsc/

Será um prazer recebê-lo(a). Se preferir não receber outras mensagens, é só me avisar."
"0","patoBranco_PB","46","4691194687","Contato","","","","","","","","","","","patoBranco_PB_20261004.txt","","Olá! Tudo bem? Aqui é o Wesley, marido da Dra. Daiana Ferraz. Ela é nova em Pato Branco, e gostaríamos de apresentar o trabalho dela por aqui.

Se quiser conhecer melhor:
https://share.google/xcLbjrVJT5NDUfYWV
https://www.instagram.com/dradaianaferrazsc/

Será um prazer recebê-lo(a). Se preferir não receber outras mensagens, é só me avisar."
"0","patoBranco_PB","46","4691195980","Contato","","","","","","","","","","","patoBranco_PB_20261004.txt","","Olá! Tudo bem? Aqui é o Wesley, marido da Dra. Daiana Ferraz. Ela é nova em Pato Branco, e gostaríamos de apresentar o trabalho dela por aqui.

Se quiser conhecer melhor:
https://share.google/xcLbjrVJT5NDUfYWV
https://www.instagram.com/dradaianaferrazsc/

Será um prazer recebê-lo(a). Se preferir não receber outras mensagens, é só me avisar."
"0","patoBranco_PB","46","4691196386","Contato","","","","","","","","","","","patoBranco_PB_20261004.txt","","Olá! Tudo bem? Aqui é o Wesley, marido da Dra. Daiana Ferraz. Ela é nova em Pato Branco, e gostaríamos de apresentar o trabalho dela por aqui.

Se quiser conhecer melhor:
https://share.google/xcLbjrVJT5NDUfYWV
https://www.instagram.com/dradaianaferrazsc/

Será um prazer recebê-lo(a). Se preferir não receber outras mensagens, é só me avisar."
"0","patoBranco_PB","46","4691196556","Contato","","","","","","","","","","","patoBranco_PB_20261004.txt","","Olá! Tudo bem? Aqui é o Wesley, marido da Dra. Daiana Ferraz. Ela é nova em Pato Branco, e gostaríamos de apresentar o trabalho dela por aqui.

Se quiser conhecer melhor:
https://share.google/xcLbjrVJT5NDUfYWV
https://www.instagram.com/dradaianaferrazsc/

Será um prazer recebê-lo(a). Se preferir não receber outras mensagens, é só me avisar."
"0","patoBranco_PB","46","4691200203","Contato","","","","","","","","","","","patoBranco_PB_20261004.txt","","Olá! Tudo bem? Aqui é o Wesley, marido da Dra. Daiana Ferraz. Ela é nova em Pato Branco, e gostaríamos de apresentar o trabalho dela por aqui.

Se quiser conhecer melhor:
https://share.google/xcLbjrVJT5NDUfYWV
https://www.instagram.com/dradaianaferrazsc/

Será um prazer recebê-lo(a). Se preferir não receber outras mensagens, é só me avisar."
"0","patoBranco_PB","46","4691200515","Contato","","","","","","","","","","","patoBranco_PB_20261004.txt","","Olá! Tudo bem? Aqui é o Wesley, marido da Dra. Daiana Ferraz. Ela é nova em Pato Branco, e gostaríamos de apresentar o trabalho dela por aqui.

Se quiser conhecer melhor:
https://share.google/xcLbjrVJT5NDUfYWV
https://www.instagram.com/dradaianaferrazsc/

Será um prazer recebê-lo(a). Se preferir não receber outras mensagens, é só me avisar."
"0","patoBranco_PB","46","4691201110","Contato","","","","","","","","","","","patoBranco_PB_20261004.txt","","Olá! Tudo bem? Aqui é o Wesley, marido da Dra. Daiana Ferraz. Ela é nova em Pato Branco, e gostaríamos de apresentar o trabalho dela por aqui.

Se quiser conhecer melhor:
https://share.google/xcLbjrVJT5NDUfYWV
https://www.instagram.com/dradaianaferrazsc/

Será um prazer recebê-lo(a). Se preferir não receber outras mensagens, é só me avisar."
"0","patoBranco_PB","46","4691202016","Contato","","","","","","","","","","","patoBranco_PB_20261004.txt","","Olá! Tudo bem? Aqui é o Wesley, marido da Dra. Daiana Ferraz. Ela é nova em Pato Branco, e gostaríamos de apresentar o trabalho dela por aqui.

Se quiser conhecer melhor:
https://share.google/xcLbjrVJT5NDUfYWV
https://www.instagram.com/dradaianaferrazsc/

Será um prazer recebê-lo(a). Se preferir não receber outras mensagens, é só me avisar."
"0","patoBranco_PB","46","4691202867","Contato","","","","","","","","","","","patoBranco_PB_20261004.txt","","Olá! Tudo bem? Aqui é o Wesley, marido da Dra. Daiana Ferraz. Ela é nova em Pato Branco, e gostaríamos de apresentar o trabalho dela por aqui.

Se quiser conhecer melhor:
https://share.google/xcLbjrVJT5NDUfYWV
https://www.instagram.com/dradaianaferrazsc/

Será um prazer recebê-lo(a). Se preferir não receber outras mensagens, é só me avisar."
"0","patoBranco_PB","46","4691203311","Contato","","","","","","","","","","","patoBranco_PB_20261004.txt","","Olá! Tudo bem? Aqui é o Wesley, marido da Dra. Daiana Ferraz. Ela é nova em Pato Branco, e gostaríamos de apresentar o trabalho dela por aqui.

Se quiser conhecer melhor:
https://share.google/xcLbjrVJT5NDUfYWV
https://www.instagram.com/dradaianaferrazsc/

Será um prazer recebê-lo(a). Se preferir não receber outras mensagens, é só me avisar."
"0","patoBranco_PB","46","4691204495","Contato","","","","","","","","","","","patoBranco_PB_20261004.txt","","Olá! Tudo bem? Aqui é o Wesley, marido da Dra. Daiana Ferraz. Ela é nova em Pato Branco, e gostaríamos de apresentar o trabalho dela por aqui.

Se quiser conhecer melhor:
https://share.google/xcLbjrVJT5NDUfYWV
https://www.instagram.com/dradaianaferrazsc/

Será um prazer recebê-lo(a). Se preferir não receber outras mensagens, é só me avisar."
"0","patoBranco_PB","46","4691204876","Contato","","","","","","","","","","","patoBranco_PB_20261004.txt","","Olá! Tudo bem? Aqui é o Wesley, marido da Dra. Daiana Ferraz. Ela é nova em Pato Branco, e gostaríamos de apresentar o trabalho dela por aqui.

Se quiser conhecer melhor:
https://share.google/xcLbjrVJT5NDUfYWV
https://www.instagram.com/dradaianaferrazsc/

Será um prazer recebê-lo(a). Se preferir não receber outras mensagens, é só me avisar."
"0","patoBranco_PB","46","4691204930","Contato","","","","","","","","","","","patoBranco_PB_20261004.txt","","Olá! Tudo bem? Aqui é o Wesley, marido da Dra. Daiana Ferraz. Ela é nova em Pato Branco, e gostaríamos de apresentar o trabalho dela por aqui.

Se quiser conhecer melhor:
https://share.google/xcLbjrVJT5NDUfYWV
https://www.instagram.com/dradaianaferrazsc/

Será um prazer recebê-lo(a). Se preferir não receber outras mensagens, é só me avisar."
"0","patoBranco_PB","46","4691208085","Contato","","","","","","","","","","","patoBranco_PB_20261004.txt","","Olá! Tudo bem? Aqui é o Wesley, marido da Dra. Daiana Ferraz. Ela é nova em Pato Branco, e gostaríamos de apresentar o trabalho dela por aqui.

Se quiser conhecer melhor:
https://share.google/xcLbjrVJT5NDUfYWV
https://www.instagram.com/dradaianaferrazsc/

Será um prazer recebê-lo(a). Se preferir não receber outras mensagens, é só me avisar."
"0","patoBranco_PB","46","4691212609","Contato","","","","","","","","","","","patoBranco_PB_20261004.txt","","Olá! Tudo bem? Aqui é o Wesley, marido da Dra. Daiana Ferraz. Ela é nova em Pato Branco, e gostaríamos de apresentar o trabalho dela por aqui.

Se quiser conhecer melhor:
https://share.google/xcLbjrVJT5NDUfYWV
https://www.instagram.com/dradaianaferrazsc/

Será um prazer recebê-lo(a). Se preferir não receber outras mensagens, é só me avisar."
"0","patoBranco_PB","46","4691213122","Contato","","","","","","","","","","","patoBranco_PB_20261004.txt","","Olá! Tudo bem? Aqui é o Wesley, marido da Dra. Daiana Ferraz. Ela é nova em Pato Branco, e gostaríamos de apresentar o trabalho dela por aqui.

Se quiser conhecer melhor:
https://share.google/xcLbjrVJT5NDUfYWV
https://www.instagram.com/dradaianaferrazsc/

Será um prazer recebê-lo(a). Se preferir não receber outras mensagens, é só me avisar."
"0","patoBranco_PB","46","4691213589","Contato","","","","","","","","","","","patoBranco_PB_20261004.txt","","Olá! Tudo bem? Aqui é o Wesley, marido da Dra. Daiana Ferraz. Ela é nova em Pato Branco, e gostaríamos de apresentar o trabalho dela por aqui.

Se quiser conhecer melhor:
https://share.google/xcLbjrVJT5NDUfYWV
https://www.instagram.com/dradaianaferrazsc/

Será um prazer recebê-lo(a). Se preferir não receber outras mensagens, é só me avisar."
"0","patoBranco_PB","46","4691215694","Contato","","","","","","","","","","","patoBranco_PB_20261004.txt","","Olá! Tudo bem? Aqui é o Wesley, marido da Dra. Daiana Ferraz. Ela é nova em Pato Branco, e gostaríamos de apresentar o trabalho dela por aqui.

Se quiser conhecer melhor:
https://share.google/xcLbjrVJT5NDUfYWV
https://www.instagram.com/dradaianaferrazsc/

Será um prazer recebê-lo(a). Se preferir não receber outras mensagens, é só me avisar."
"0","patoBranco_PB","46","4691217067","Contato","","","","","","","","","","","patoBranco_PB_20261004.txt","","Olá! Tudo bem? Aqui é o Wesley, marido da Dra. Daiana Ferraz. Ela é nova em Pato Branco, e gostaríamos de apresentar o trabalho dela por aqui.

Se quiser conhecer melhor:
https://share.google/xcLbjrVJT5NDUfYWV
https://www.instagram.com/dradaianaferrazsc/

Será um prazer recebê-lo(a). Se preferir não receber outras mensagens, é só me avisar."
"0","patoBranco_PB","46","4691219073","Contato","","","","","","","","","","","patoBranco_PB_20261004.txt","","Olá! Tudo bem? Aqui é o Wesley, marido da Dra. Daiana Ferraz. Ela é nova em Pato Branco, e gostaríamos de apresentar o trabalho dela por aqui.

Se quiser conhecer melhor:
https://share.google/xcLbjrVJT5NDUfYWV
https://www.instagram.com/dradaianaferrazsc/

Será um prazer recebê-lo(a). Se preferir não receber outras mensagens, é só me avisar."
"0","patoBranco_PB","46","4691219299","Contato","","","","","","","","","","","patoBranco_PB_20261004.txt","","Olá! Tudo bem? Aqui é o Wesley, marido da Dra. Daiana Ferraz. Ela é nova em Pato Branco, e gostaríamos de apresentar o trabalho dela por aqui.

Se quiser conhecer melhor:
https://share.google/xcLbjrVJT5NDUfYWV
https://www.instagram.com/dradaianaferrazsc/

Será um prazer recebê-lo(a). Se preferir não receber outras mensagens, é só me avisar."
"0","patoBranco_PB","46","4691220053","Contato","","","","","","","","","","","patoBranco_PB_20261004.txt","","Olá! Tudo bem? Aqui é o Wesley, marido da Dra. Daiana Ferraz. Ela é nova em Pato Branco, e gostaríamos de apresentar o trabalho dela por aqui.

Se quiser conhecer melhor:
https://share.google/xcLbjrVJT5NDUfYWV
https://www.instagram.com/dradaianaferrazsc/

Será um prazer recebê-lo(a). Se preferir não receber outras mensagens, é só me avisar."
"0","patoBranco_PB","46","4691220880","Contato","","","","","","","","","","","patoBranco_PB_20261004.txt","","Olá! Tudo bem? Aqui é o Wesley, marido da Dra. Daiana Ferraz. Ela é nova em Pato Branco, e gostaríamos de apresentar o trabalho dela por aqui.

Se quiser conhecer melhor:
https://share.google/xcLbjrVJT5NDUfYWV
https://www.instagram.com/dradaianaferrazsc/

Será um prazer recebê-lo(a). Se preferir não receber outras mensagens, é só me avisar."
"0","patoBranco_PB","46","4691222804","Contato","","","","","","","","","","","patoBranco_PB_20261004.txt","","Olá! Tudo bem? Aqui é o Wesley, marido da Dra. Daiana Ferraz. Ela é nova em Pato Branco, e gostaríamos de apresentar o trabalho dela por aqui.

Se quiser conhecer melhor:
https://share.google/xcLbjrVJT5NDUfYWV
https://www.instagram.com/dradaianaferrazsc/

Será um prazer recebê-lo(a). Se preferir não receber outras mensagens, é só me avisar."
"0","patoBranco_PB","46","4691223048","Contato","","","","","","","","","","","patoBranco_PB_20261004.txt","","Olá! Tudo bem? Aqui é o Wesley, marido da Dra. Daiana Ferraz. Ela é nova em Pato Branco, e gostaríamos de apresentar o trabalho dela por aqui.

Se quiser conhecer melhor:
https://share.google/xcLbjrVJT5NDUfYWV
https://www.instagram.com/dradaianaferrazsc/

Será um prazer recebê-lo(a). Se preferir não receber outras mensagens, é só me avisar."
"0","patoBranco_PB","46","4691223708","Contato","","","","","","","","","","","patoBranco_PB_20261004.txt","","Olá! Tudo bem? Aqui é o Wesley, marido da Dra. Daiana Ferraz. Ela é nova em Pato Branco, e gostaríamos de apresentar o trabalho dela por aqui.

Se quiser conhecer melhor:
https://share.google/xcLbjrVJT5NDUfYWV
https://www.instagram.com/dradaianaferrazsc/

Será um prazer recebê-lo(a). Se preferir não receber outras mensagens, é só me avisar."
"0","patoBranco_PB","46","4691223941","Contato","","","","","","","","","","","patoBranco_PB_20261004.txt","","Olá! Tudo bem? Aqui é o Wesley, marido da Dra. Daiana Ferraz. Ela é nova em Pato Branco, e gostaríamos de apresentar o trabalho dela por aqui.

Se quiser conhecer melhor:
https://share.google/xcLbjrVJT5NDUfYWV
https://www.instagram.com/dradaianaferrazsc/

Será um prazer recebê-lo(a). Se preferir não receber outras mensagens, é só me avisar."
"0","patoBranco_PB","46","4691226704","Contato","","","","","","","","","","","patoBranco_PB_20261004.txt","","Olá! Tudo bem? Aqui é o Wesley, marido da Dra. Daiana Ferraz. Ela é nova em Pato Branco, e gostaríamos de apresentar o trabalho dela por aqui.

Se quiser conhecer melhor:
https://share.google/xcLbjrVJT5NDUfYWV
https://www.instagram.com/dradaianaferrazsc/

Será um prazer recebê-lo(a). Se preferir não receber outras mensagens, é só me avisar."
"0","patoBranco_PB","46","4691227559","Contato","","","","","","","","","","","patoBranco_PB_20261004.txt","","Olá! Tudo bem? Aqui é o Wesley, marido da Dra. Daiana Ferraz. Ela é nova em Pato Branco, e gostaríamos de apresentar o trabalho dela por aqui.

Se quiser conhecer melhor:
https://share.google/xcLbjrVJT5NDUfYWV
https://www.instagram.com/dradaianaferrazsc/

Será um prazer recebê-lo(a). Se preferir não receber outras mensagens, é só me avisar."
"0","patoBranco_PB","46","4691228205","Contato","","","","","","","","","","","patoBranco_PB_20261004.txt","","Olá! Tudo bem? Aqui é o Wesley, marido da Dra. Daiana Ferraz. Ela é nova em Pato Branco, e gostaríamos de apresentar o trabalho dela por aqui.

Se quiser conhecer melhor:
https://share.google/xcLbjrVJT5NDUfYWV
https://www.instagram.com/dradaianaferrazsc/

Será um prazer recebê-lo(a). Se preferir não receber outras mensagens, é só me avisar."
"0","patoBranco_PB","46","4691231204","Contato","","","","","","","","","","","patoBranco_PB_20261004.txt","","Olá! Tudo bem? Aqui é o Wesley, marido da Dra. Daiana Ferraz. Ela é nova em Pato Branco, e gostaríamos de apresentar o trabalho dela por aqui.

Se quiser conhecer melhor:
https://share.google/xcLbjrVJT5NDUfYWV
https://www.instagram.com/dradaianaferrazsc/

Será um prazer recebê-lo(a). Se preferir não receber outras mensagens, é só me avisar."
"0","patoBranco_PB","46","4691231989","Contato","","","","","","","","","","","patoBranco_PB_20261004.txt","","Olá! Tudo bem? Aqui é o Wesley, marido da Dra. Daiana Ferraz. Ela é nova em Pato Branco, e gostaríamos de apresentar o trabalho dela por aqui.

Se quiser conhecer melhor:
https://share.google/xcLbjrVJT5NDUfYWV
https://www.instagram.com/dradaianaferrazsc/

Será um prazer recebê-lo(a). Se preferir não receber outras mensagens, é só me avisar."
"0","patoBranco_PB","46","4691234172","Contato","","","","","","","","","","","patoBranco_PB_20261004.txt","","Olá! Tudo bem? Aqui é o Wesley, marido da Dra. Daiana Ferraz. Ela é nova em Pato Branco, e gostaríamos de apresentar o trabalho dela por aqui.

Se quiser conhecer melhor:
https://share.google/xcLbjrVJT5NDUfYWV
https://www.instagram.com/dradaianaferrazsc/

Será um prazer recebê-lo(a). Se preferir não receber outras mensagens, é só me avisar."
"0","patoBranco_PB","46","4691239021","Contato","","","","","","","","","","","patoBranco_PB_20261004.txt","","Olá! Tudo bem? Aqui é o Wesley, marido da Dra. Daiana Ferraz. Ela é nova em Pato Branco, e gostaríamos de apresentar o trabalho dela por aqui.

Se quiser conhecer melhor:
https://share.google/xcLbjrVJT5NDUfYWV
https://www.instagram.com/dradaianaferrazsc/

Será um prazer recebê-lo(a). Se preferir não receber outras mensagens, é só me avisar."
"0","patoBranco_PB","46","4691239076","Contato","","","","","","","","","","","patoBranco_PB_20261004.txt","","Olá! Tudo bem? Aqui é o Wesley, marido da Dra. Daiana Ferraz. Ela é nova em Pato Branco, e gostaríamos de apresentar o trabalho dela por aqui.

Se quiser conhecer melhor:
https://share.google/xcLbjrVJT5NDUfYWV
https://www.instagram.com/dradaianaferrazsc/

Será um prazer recebê-lo(a). Se preferir não receber outras mensagens, é só me avisar."
"0","patoBranco_PB","46","4691239407","Contato","","","","","","","","","","","patoBranco_PB_20261004.txt","","Olá! Tudo bem? Aqui é o Wesley, marido da Dra. Daiana Ferraz. Ela é nova em Pato Branco, e gostaríamos de apresentar o trabalho dela por aqui.

Se quiser conhecer melhor:
https://share.google/xcLbjrVJT5NDUfYWV
https://www.instagram.com/dradaianaferrazsc/

Será um prazer recebê-lo(a). Se preferir não receber outras mensagens, é só me avisar."
"0","patoBranco_PB","46","4691242221","Contato","","","","","","","","","","","patoBranco_PB_20261004.txt","","Olá! Tudo bem? Aqui é o Wesley, marido da Dra. Daiana Ferraz. Ela é nova em Pato Branco, e gostaríamos de apresentar o trabalho dela por aqui.

Se quiser conhecer melhor:
https://share.google/xcLbjrVJT5NDUfYWV
https://www.instagram.com/dradaianaferrazsc/

Será um prazer recebê-lo(a). Se preferir não receber outras mensagens, é só me avisar."
"0","patoBranco_PB","46","4691242832","Contato","","","","","","","","","","","patoBranco_PB_20261004.txt","","Olá! Tudo bem? Aqui é o Wesley, marido da Dra. Daiana Ferraz. Ela é nova em Pato Branco, e gostaríamos de apresentar o trabalho dela por aqui.

Se quiser conhecer melhor:
https://share.google/xcLbjrVJT5NDUfYWV
https://www.instagram.com/dradaianaferrazsc/

Será um prazer recebê-lo(a). Se preferir não receber outras mensagens, é só me avisar."
"0","patoBranco_PB","46","4691243944","Contato","","","","","","","","","","","patoBranco_PB_20261004.txt","","Olá! Tudo bem? Aqui é o Wesley, marido da Dra. Daiana Ferraz. Ela é nova em Pato Branco, e gostaríamos de apresentar o trabalho dela por aqui.

Se quiser conhecer melhor:
https://share.google/xcLbjrVJT5NDUfYWV
https://www.instagram.com/dradaianaferrazsc/

Será um prazer recebê-lo(a). Se preferir não receber outras mensagens, é só me avisar."
"0","patoBranco_PB","46","4691244171","Contato","","","","","","","","","","","patoBranco_PB_20261004.txt","","Olá! Tudo bem? Aqui é o Wesley, marido da Dra. Daiana Ferraz. Ela é nova em Pato Branco, e gostaríamos de apresentar o trabalho dela por aqui.

Se quiser conhecer melhor:
https://share.google/xcLbjrVJT5NDUfYWV
https://www.instagram.com/dradaianaferrazsc/

Será um prazer recebê-lo(a). Se preferir não receber outras mensagens, é só me avisar."
"0","patoBranco_PB","46","4691245412","Contato","","","","","","","","","","","patoBranco_PB_20261004.txt","","Olá! Tudo bem? Aqui é o Wesley, marido da Dra. Daiana Ferraz. Ela é nova em Pato Branco, e gostaríamos de apresentar o trabalho dela por aqui.

Se quiser conhecer melhor:
https://share.google/xcLbjrVJT5NDUfYWV
https://www.instagram.com/dradaianaferrazsc/

Será um prazer recebê-lo(a). Se preferir não receber outras mensagens, é só me avisar."
"0","patoBranco_PB","46","4691245808","Contato","","","","","","","","","","","patoBranco_PB_20261004.txt","","Olá! Tudo bem? Aqui é o Wesley, marido da Dra. Daiana Ferraz. Ela é nova em Pato Branco, e gostaríamos de apresentar o trabalho dela por aqui.

Se quiser conhecer melhor:
https://share.google/xcLbjrVJT5NDUfYWV
https://www.instagram.com/dradaianaferrazsc/

Será um prazer recebê-lo(a). Se preferir não receber outras mensagens, é só me avisar."
"0","patoBranco_PB","46","4691246681","Contato","","","","","","","","","","","patoBranco_PB_20261004.txt","","Olá! Tudo bem? Aqui é o Wesley, marido da Dra. Daiana Ferraz. Ela é nova em Pato Branco, e gostaríamos de apresentar o trabalho dela por aqui.

Se quiser conhecer melhor:
https://share.google/xcLbjrVJT5NDUfYWV
https://www.instagram.com/dradaianaferrazsc/

Será um prazer recebê-lo(a). Se preferir não receber outras mensagens, é só me avisar."
"0","patoBranco_PB","46","4691246782","Contato","","","","","","","","","","","patoBranco_PB_20261004.txt","","Olá! Tudo bem? Aqui é o Wesley, marido da Dra. Daiana Ferraz. Ela é nova em Pato Branco, e gostaríamos de apresentar o trabalho dela por aqui.

Se quiser conhecer melhor:
https://share.google/xcLbjrVJT5NDUfYWV
https://www.instagram.com/dradaianaferrazsc/

Será um prazer recebê-lo(a). Se preferir não receber outras mensagens, é só me avisar."
"0","patoBranco_PB","46","4691249157","Contato","","","","","","","","","","","patoBranco_PB_20261004.txt","","Olá! Tudo bem? Aqui é o Wesley, marido da Dra. Daiana Ferraz. Ela é nova em Pato Branco, e gostaríamos de apresentar o trabalho dela por aqui.

Se quiser conhecer melhor:
https://share.google/xcLbjrVJT5NDUfYWV
https://www.instagram.com/dradaianaferrazsc/

Será um prazer recebê-lo(a). Se preferir não receber outras mensagens, é só me avisar."
"0","patoBranco_PB","46","4691249375","Contato","","","","","","","","","","","patoBranco_PB_20261004.txt","","Olá! Tudo bem? Aqui é o Wesley, marido da Dra. Daiana Ferraz. Ela é nova em Pato Branco, e gostaríamos de apresentar o trabalho dela por aqui.

Se quiser conhecer melhor:
https://share.google/xcLbjrVJT5NDUfYWV
https://www.instagram.com/dradaianaferrazsc/

Será um prazer recebê-lo(a). Se preferir não receber outras mensagens, é só me avisar."
"0","patoBranco_PB","46","4691252010","Contato","","","","","","","","","","","patoBranco_PB_20261004.txt","","Olá! Tudo bem? Aqui é o Wesley, marido da Dra. Daiana Ferraz. Ela é nova em Pato Branco, e gostaríamos de apresentar o trabalho dela por aqui.

Se quiser conhecer melhor:
https://share.google/xcLbjrVJT5NDUfYWV
https://www.instagram.com/dradaianaferrazsc/

Será um prazer recebê-lo(a). Se preferir não receber outras mensagens, é só me avisar."
"0","patoBranco_PB","46","4691254431","Contato","","","","","","","","","","","patoBranco_PB_20261004.txt","","Olá! Tudo bem? Aqui é o Wesley, marido da Dra. Daiana Ferraz. Ela é nova em Pato Branco, e gostaríamos de apresentar o trabalho dela por aqui.

Se quiser conhecer melhor:
https://share.google/xcLbjrVJT5NDUfYWV
https://www.instagram.com/dradaianaferrazsc/

Será um prazer recebê-lo(a). Se preferir não receber outras mensagens, é só me avisar."
"0","patoBranco_PB","46","4691254458","Contato","","","","","","","","","","","patoBranco_PB_20261004.txt","","Olá! Tudo bem? Aqui é o Wesley, marido da Dra. Daiana Ferraz. Ela é nova em Pato Branco, e gostaríamos de apresentar o trabalho dela por aqui.

Se quiser conhecer melhor:
https://share.google/xcLbjrVJT5NDUfYWV
https://www.instagram.com/dradaianaferrazsc/

Será um prazer recebê-lo(a). Se preferir não receber outras mensagens, é só me avisar."
"0","patoBranco_PB","46","4691257759","Contato","","","","","","","","","","","patoBranco_PB_20261004.txt","","Olá! Tudo bem? Aqui é o Wesley, marido da Dra. Daiana Ferraz. Ela é nova em Pato Branco, e gostaríamos de apresentar o trabalho dela por aqui.

Se quiser conhecer melhor:
https://share.google/xcLbjrVJT5NDUfYWV
https://www.instagram.com/dradaianaferrazsc/

Será um prazer recebê-lo(a). Se preferir não receber outras mensagens, é só me avisar."
"0","patoBranco_PB","46","4691258722","Contato","","","","","","","","","","","patoBranco_PB_20261004.txt","","Olá! Tudo bem? Aqui é o Wesley, marido da Dra. Daiana Ferraz. Ela é nova em Pato Branco, e gostaríamos de apresentar o trabalho dela por aqui.

Se quiser conhecer melhor:
https://share.google/xcLbjrVJT5NDUfYWV
https://www.instagram.com/dradaianaferrazsc/

Será um prazer recebê-lo(a). Se preferir não receber outras mensagens, é só me avisar."
"0","patoBranco_PB","46","4691258781","Contato","","","","","","","","","","","patoBranco_PB_20261004.txt","","Olá! Tudo bem? Aqui é o Wesley, marido da Dra. Daiana Ferraz. Ela é nova em Pato Branco, e gostaríamos de apresentar o trabalho dela por aqui.

Se quiser conhecer melhor:
https://share.google/xcLbjrVJT5NDUfYWV
https://www.instagram.com/dradaianaferrazsc/

Será um prazer recebê-lo(a). Se preferir não receber outras mensagens, é só me avisar."
"0","patoBranco_PB","46","4691260105","Contato","","","","","","","","","","","patoBranco_PB_20261004.txt","","Olá! Tudo bem? Aqui é o Wesley, marido da Dra. Daiana Ferraz. Ela é nova em Pato Branco, e gostaríamos de apresentar o trabalho dela por aqui.

Se quiser conhecer melhor:
https://share.google/xcLbjrVJT5NDUfYWV
https://www.instagram.com/dradaianaferrazsc/

Será um prazer recebê-lo(a). Se preferir não receber outras mensagens, é só me avisar."
"0","patoBranco_PB","46","4691260131","Contato","","","","","","","","","","","patoBranco_PB_20261004.txt","","Olá! Tudo bem? Aqui é o Wesley, marido da Dra. Daiana Ferraz. Ela é nova em Pato Branco, e gostaríamos de apresentar o trabalho dela por aqui.

Se quiser conhecer melhor:
https://share.google/xcLbjrVJT5NDUfYWV
https://www.instagram.com/dradaianaferrazsc/

Será um prazer recebê-lo(a). Se preferir não receber outras mensagens, é só me avisar."
"0","patoBranco_PB","46","4691261201","Contato","","","","","","","","","","","patoBranco_PB_20261004.txt","","Olá! Tudo bem? Aqui é o Wesley, marido da Dra. Daiana Ferraz. Ela é nova em Pato Branco, e gostaríamos de apresentar o trabalho dela por aqui.

Se quiser conhecer melhor:
https://share.google/xcLbjrVJT5NDUfYWV
https://www.instagram.com/dradaianaferrazsc/

Será um prazer recebê-lo(a). Se preferir não receber outras mensagens, é só me avisar."
"0","patoBranco_PB","46","4691263098","Contato","","","","","","","","","","","patoBranco_PB_20261004.txt","","Olá! Tudo bem? Aqui é o Wesley, marido da Dra. Daiana Ferraz. Ela é nova em Pato Branco, e gostaríamos de apresentar o trabalho dela por aqui.

Se quiser conhecer melhor:
https://share.google/xcLbjrVJT5NDUfYWV
https://www.instagram.com/dradaianaferrazsc/

Será um prazer recebê-lo(a). Se preferir não receber outras mensagens, é só me avisar."
"0","patoBranco_PB","46","4691269902","Contato","","","","","","","","","","","patoBranco_PB_20261004.txt","","Olá! Tudo bem? Aqui é o Wesley, marido da Dra. Daiana Ferraz. Ela é nova em Pato Branco, e gostaríamos de apresentar o trabalho dela por aqui.

Se quiser conhecer melhor:
https://share.google/xcLbjrVJT5NDUfYWV
https://www.instagram.com/dradaianaferrazsc/

Será um prazer recebê-lo(a). Se preferir não receber outras mensagens, é só me avisar."
"0","patoBranco_PB","46","4691271762","Contato","","","","","","","","","","","patoBranco_PB_20261004.txt","","Olá! Tudo bem? Aqui é o Wesley, marido da Dra. Daiana Ferraz. Ela é nova em Pato Branco, e gostaríamos de apresentar o trabalho dela por aqui.

Se quiser conhecer melhor:
https://share.google/xcLbjrVJT5NDUfYWV
https://www.instagram.com/dradaianaferrazsc/

Será um prazer recebê-lo(a). Se preferir não receber outras mensagens, é só me avisar."
"0","patoBranco_PB","46","4691273841","Contato","","","","","","","","","","","patoBranco_PB_20261004.txt","","Olá! Tudo bem? Aqui é o Wesley, marido da Dra. Daiana Ferraz. Ela é nova em Pato Branco, e gostaríamos de apresentar o trabalho dela por aqui.

Se quiser conhecer melhor:
https://share.google/xcLbjrVJT5NDUfYWV
https://www.instagram.com/dradaianaferrazsc/

Será um prazer recebê-lo(a). Se preferir não receber outras mensagens, é só me avisar."
"0","patoBranco_PB","46","4691274393","Contato","","","","","","","","","","","patoBranco_PB_20261004.txt","","Olá! Tudo bem? Aqui é o Wesley, marido da Dra. Daiana Ferraz. Ela é nova em Pato Branco, e gostaríamos de apresentar o trabalho dela por aqui.

Se quiser conhecer melhor:
https://share.google/xcLbjrVJT5NDUfYWV
https://www.instagram.com/dradaianaferrazsc/

Será um prazer recebê-lo(a). Se preferir não receber outras mensagens, é só me avisar."
"0","patoBranco_PB","46","4691274956","Contato","","","","","","","","","","","patoBranco_PB_20261004.txt","","Olá! Tudo bem? Aqui é o Wesley, marido da Dra. Daiana Ferraz. Ela é nova em Pato Branco, e gostaríamos de apresentar o trabalho dela por aqui.

Se quiser conhecer melhor:
https://share.google/xcLbjrVJT5NDUfYWV
https://www.instagram.com/dradaianaferrazsc/

Será um prazer recebê-lo(a). Se preferir não receber outras mensagens, é só me avisar."
"0","patoBranco_PB","46","4691277557","Contato","","","","","","","","","","","patoBranco_PB_20261004.txt","","Olá! Tudo bem? Aqui é o Wesley, marido da Dra. Daiana Ferraz. Ela é nova em Pato Branco, e gostaríamos de apresentar o trabalho dela por aqui.

Se quiser conhecer melhor:
https://share.google/xcLbjrVJT5NDUfYWV
https://www.instagram.com/dradaianaferrazsc/

Será um prazer recebê-lo(a). Se preferir não receber outras mensagens, é só me avisar."
"0","patoBranco_PB","46","4691277630","Contato","","","","","","","","","","","patoBranco_PB_20261004.txt","","Olá! Tudo bem? Aqui é o Wesley, marido da Dra. Daiana Ferraz. Ela é nova em Pato Branco, e gostaríamos de apresentar o trabalho dela por aqui.

Se quiser conhecer melhor:
https://share.google/xcLbjrVJT5NDUfYWV
https://www.instagram.com/dradaianaferrazsc/

Será um prazer recebê-lo(a). Se preferir não receber outras mensagens, é só me avisar."
"0","patoBranco_PB","46","4691278374","Contato","","","","","","","","","","","patoBranco_PB_20261004.txt","","Olá! Tudo bem? Aqui é o Wesley, marido da Dra. Daiana Ferraz. Ela é nova em Pato Branco, e gostaríamos de apresentar o trabalho dela por aqui.

Se quiser conhecer melhor:
https://share.google/xcLbjrVJT5NDUfYWV
https://www.instagram.com/dradaianaferrazsc/

Será um prazer recebê-lo(a). Se preferir não receber outras mensagens, é só me avisar."
"0","patoBranco_PB","46","4691279868","Contato","","","","","","","","","","","patoBranco_PB_20261004.txt","","Olá! Tudo bem? Aqui é o Wesley, marido da Dra. Daiana Ferraz. Ela é nova em Pato Branco, e gostaríamos de apresentar o trabalho dela por aqui.

Se quiser conhecer melhor:
https://share.google/xcLbjrVJT5NDUfYWV
https://www.instagram.com/dradaianaferrazsc/

Será um prazer recebê-lo(a). Se preferir não receber outras mensagens, é só me avisar."
"0","patoBranco_PB","46","4691281466","Contato","","","","","","","","","","","patoBranco_PB_20261004.txt","","Olá! Tudo bem? Aqui é o Wesley, marido da Dra. Daiana Ferraz. Ela é nova em Pato Branco, e gostaríamos de apresentar o trabalho dela por aqui.

Se quiser conhecer melhor:
https://share.google/xcLbjrVJT5NDUfYWV
https://www.instagram.com/dradaianaferrazsc/

Será um prazer recebê-lo(a). Se preferir não receber outras mensagens, é só me avisar."
"0","patoBranco_PB","46","4691285967","Contato","","","","","","","","","","","patoBranco_PB_20261004.txt","","Olá! Tudo bem? Aqui é o Wesley, marido da Dra. Daiana Ferraz. Ela é nova em Pato Branco, e gostaríamos de apresentar o trabalho dela por aqui.

Se quiser conhecer melhor:
https://share.google/xcLbjrVJT5NDUfYWV
https://www.instagram.com/dradaianaferrazsc/

Será um prazer recebê-lo(a). Se preferir não receber outras mensagens, é só me avisar."
"0","patoBranco_PB","46","4691286028","Contato","","","","","","","","","","","patoBranco_PB_20261004.txt","","Olá! Tudo bem? Aqui é o Wesley, marido da Dra. Daiana Ferraz. Ela é nova em Pato Branco, e gostaríamos de apresentar o trabalho dela por aqui.

Se quiser conhecer melhor:
https://share.google/xcLbjrVJT5NDUfYWV
https://www.instagram.com/dradaianaferrazsc/

Será um prazer recebê-lo(a). Se preferir não receber outras mensagens, é só me avisar."
"0","patoBranco_PB","46","4691286819","Contato","","","","","","","","","","","patoBranco_PB_20261004.txt","","Olá! Tudo bem? Aqui é o Wesley, marido da Dra. Daiana Ferraz. Ela é nova em Pato Branco, e gostaríamos de apresentar o trabalho dela por aqui.

Se quiser conhecer melhor:
https://share.google/xcLbjrVJT5NDUfYWV
https://www.instagram.com/dradaianaferrazsc/

Será um prazer recebê-lo(a). Se preferir não receber outras mensagens, é só me avisar."
"0","patoBranco_PB","46","4691288357","Contato","","","","","","","","","","","patoBranco_PB_20261004.txt","","Olá! Tudo bem? Aqui é o Wesley, marido da Dra. Daiana Ferraz. Ela é nova em Pato Branco, e gostaríamos de apresentar o trabalho dela por aqui.

Se quiser conhecer melhor:
https://share.google/xcLbjrVJT5NDUfYWV
https://www.instagram.com/dradaianaferrazsc/

Será um prazer recebê-lo(a). Se preferir não receber outras mensagens, é só me avisar."
"0","patoBranco_PB","46","4691288877","Contato","","","","","","","","","","","patoBranco_PB_20261004.txt","","Olá! Tudo bem? Aqui é o Wesley, marido da Dra. Daiana Ferraz. Ela é nova em Pato Branco, e gostaríamos de apresentar o trabalho dela por aqui.

Se quiser conhecer melhor:
https://share.google/xcLbjrVJT5NDUfYWV
https://www.instagram.com/dradaianaferrazsc/

Será um prazer recebê-lo(a). Se preferir não receber outras mensagens, é só me avisar."
"0","patoBranco_PB","46","4691289431","Contato","","","","","","","","","","","patoBranco_PB_20261004.txt","","Olá! Tudo bem? Aqui é o Wesley, marido da Dra. Daiana Ferraz. Ela é nova em Pato Branco, e gostaríamos de apresentar o trabalho dela por aqui.

Se quiser conhecer melhor:
https://share.google/xcLbjrVJT5NDUfYWV
https://www.instagram.com/dradaianaferrazsc/

Será um prazer recebê-lo(a). Se preferir não receber outras mensagens, é só me avisar."
"0","patoBranco_PB","46","4691289472","Contato","","","","","","","","","","","patoBranco_PB_20261004.txt","","Olá! Tudo bem? Aqui é o Wesley, marido da Dra. Daiana Ferraz. Ela é nova em Pato Branco, e gostaríamos de apresentar o trabalho dela por aqui.

Se quiser conhecer melhor:
https://share.google/xcLbjrVJT5NDUfYWV
https://www.instagram.com/dradaianaferrazsc/

Será um prazer recebê-lo(a). Se preferir não receber outras mensagens, é só me avisar."
"0","patoBranco_PB","46","4691291448","Contato","","","","","","","","","","","patoBranco_PB_20261004.txt","","Olá! Tudo bem? Aqui é o Wesley, marido da Dra. Daiana Ferraz. Ela é nova em Pato Branco, e gostaríamos de apresentar o trabalho dela por aqui.

Se quiser conhecer melhor:
https://share.google/xcLbjrVJT5NDUfYWV
https://www.instagram.com/dradaianaferrazsc/

Será um prazer recebê-lo(a). Se preferir não receber outras mensagens, é só me avisar."
"0","patoBranco_PB","46","4691294101","Contato","","","","","","","","","","","patoBranco_PB_20261004.txt","","Olá! Tudo bem? Aqui é o Wesley, marido da Dra. Daiana Ferraz. Ela é nova em Pato Branco, e gostaríamos de apresentar o trabalho dela por aqui.

Se quiser conhecer melhor:
https://share.google/xcLbjrVJT5NDUfYWV
https://www.instagram.com/dradaianaferrazsc/

Será um prazer recebê-lo(a). Se preferir não receber outras mensagens, é só me avisar."
"0","patoBranco_PB","46","4691295935","Contato","","","","","","","","","","","patoBranco_PB_20261004.txt","","Olá! Tudo bem? Aqui é o Wesley, marido da Dra. Daiana Ferraz. Ela é nova em Pato Branco, e gostaríamos de apresentar o trabalho dela por aqui.

Se quiser conhecer melhor:
https://share.google/xcLbjrVJT5NDUfYWV
https://www.instagram.com/dradaianaferrazsc/

Será um prazer recebê-lo(a). Se preferir não receber outras mensagens, é só me avisar."
"0","patoBranco_PB","46","4691297501","Contato","","","","","","","","","","","patoBranco_PB_20261004.txt","","Olá! Tudo bem? Aqui é o Wesley, marido da Dra. Daiana Ferraz. Ela é nova em Pato Branco, e gostaríamos de apresentar o trabalho dela por aqui.

Se quiser conhecer melhor:
https://share.google/xcLbjrVJT5NDUfYWV
https://www.instagram.com/dradaianaferrazsc/

Será um prazer recebê-lo(a). Se preferir não receber outras mensagens, é só me avisar."
"0","patoBranco_PB","46","4691298308","Contato","","","","","","","","","","","patoBranco_PB_20261004.txt","","Olá! Tudo bem? Aqui é o Wesley, marido da Dra. Daiana Ferraz. Ela é nova em Pato Branco, e gostaríamos de apresentar o trabalho dela por aqui.

Se quiser conhecer melhor:
https://share.google/xcLbjrVJT5NDUfYWV
https://www.instagram.com/dradaianaferrazsc/

Será um prazer recebê-lo(a). Se preferir não receber outras mensagens, é só me avisar."
"0","patoBranco_PB","46","4691298959","Contato","","","","","","","","","","","patoBranco_PB_20261004.txt","","Olá! Tudo bem? Aqui é o Wesley, marido da Dra. Daiana Ferraz. Ela é nova em Pato Branco, e gostaríamos de apresentar o trabalho dela por aqui.

Se quiser conhecer melhor:
https://share.google/xcLbjrVJT5NDUfYWV
https://www.instagram.com/dradaianaferrazsc/

Será um prazer recebê-lo(a). Se preferir não receber outras mensagens, é só me avisar."
"0","patoBranco_PB","46","4691299486","Contato","","","","","","","","","","","patoBranco_PB_20261004.txt","","Olá! Tudo bem? Aqui é o Wesley, marido da Dra. Daiana Ferraz. Ela é nova em Pato Branco, e gostaríamos de apresentar o trabalho dela por aqui.

Se quiser conhecer melhor:
https://share.google/xcLbjrVJT5NDUfYWV
https://www.instagram.com/dradaianaferrazsc/

Será um prazer recebê-lo(a). Se preferir não receber outras mensagens, é só me avisar."
"0","patoBranco_PB","46","4691300342","Contato","","","","","","","","","","","patoBranco_PB_20261004.txt","","Olá! Tudo bem? Aqui é o Wesley, marido da Dra. Daiana Ferraz. Ela é nova em Pato Branco, e gostaríamos de apresentar o trabalho dela por aqui.

Se quiser conhecer melhor:
https://share.google/xcLbjrVJT5NDUfYWV
https://www.instagram.com/dradaianaferrazsc/

Será um prazer recebê-lo(a). Se preferir não receber outras mensagens, é só me avisar."
"0","patoBranco_PB","46","4691300703","Contato","","","","","","","","","","","patoBranco_PB_20261004.txt","","Olá! Tudo bem? Aqui é o Wesley, marido da Dra. Daiana Ferraz. Ela é nova em Pato Branco, e gostaríamos de apresentar o trabalho dela por aqui.

Se quiser conhecer melhor:
https://share.google/xcLbjrVJT5NDUfYWV
https://www.instagram.com/dradaianaferrazsc/

Será um prazer recebê-lo(a). Se preferir não receber outras mensagens, é só me avisar."
"0","patoBranco_PB","46","4691301986","Contato","","","","","","","","","","","patoBranco_PB_20261004.txt","","Olá! Tudo bem? Aqui é o Wesley, marido da Dra. Daiana Ferraz. Ela é nova em Pato Branco, e gostaríamos de apresentar o trabalho dela por aqui.

Se quiser conhecer melhor:
https://share.google/xcLbjrVJT5NDUfYWV
https://www.instagram.com/dradaianaferrazsc/

Será um prazer recebê-lo(a). Se preferir não receber outras mensagens, é só me avisar."
"0","patoBranco_PB","46","4691303862","Contato","","","","","","","","","","","patoBranco_PB_20261004.txt","","Olá! Tudo bem? Aqui é o Wesley, marido da Dra. Daiana Ferraz. Ela é nova em Pato Branco, e gostaríamos de apresentar o trabalho dela por aqui.

Se quiser conhecer melhor:
https://share.google/xcLbjrVJT5NDUfYWV
https://www.instagram.com/dradaianaferrazsc/

Será um prazer recebê-lo(a). Se preferir não receber outras mensagens, é só me avisar."
"0","patoBranco_PB","46","4691305162","Contato","","","","","","","","","","","patoBranco_PB_20261004.txt","","Olá! Tudo bem? Aqui é o Wesley, marido da Dra. Daiana Ferraz. Ela é nova em Pato Branco, e gostaríamos de apresentar o trabalho dela por aqui.

Se quiser conhecer melhor:
https://share.google/xcLbjrVJT5NDUfYWV
https://www.instagram.com/dradaianaferrazsc/

Será um prazer recebê-lo(a). Se preferir não receber outras mensagens, é só me avisar."
"0","patoBranco_PB","46","4691305900","Contato","","","","","","","","","","","patoBranco_PB_20261004.txt","","Olá! Tudo bem? Aqui é o Wesley, marido da Dra. Daiana Ferraz. Ela é nova em Pato Branco, e gostaríamos de apresentar o trabalho dela por aqui.

Se quiser conhecer melhor:
https://share.google/xcLbjrVJT5NDUfYWV
https://www.instagram.com/dradaianaferrazsc/

Será um prazer recebê-lo(a). Se preferir não receber outras mensagens, é só me avisar."
"0","patoBranco_PB","46","4691306762","Contato","","","","","","","","","","","patoBranco_PB_20261004.txt","","Olá! Tudo bem? Aqui é o Wesley, marido da Dra. Daiana Ferraz. Ela é nova em Pato Branco, e gostaríamos de apresentar o trabalho dela por aqui.

Se quiser conhecer melhor:
https://share.google/xcLbjrVJT5NDUfYWV
https://www.instagram.com/dradaianaferrazsc/

Será um prazer recebê-lo(a). Se preferir não receber outras mensagens, é só me avisar."
"0","patoBranco_PB","46","4691307154","Contato","","","","","","","","","","","patoBranco_PB_20261004.txt","","Olá! Tudo bem? Aqui é o Wesley, marido da Dra. Daiana Ferraz. Ela é nova em Pato Branco, e gostaríamos de apresentar o trabalho dela por aqui.

Se quiser conhecer melhor:
https://share.google/xcLbjrVJT5NDUfYWV
https://www.instagram.com/dradaianaferrazsc/

Será um prazer recebê-lo(a). Se preferir não receber outras mensagens, é só me avisar."
"0","patoBranco_PB","46","4691309848","Contato","","","","","","","","","","","patoBranco_PB_20261004.txt","","Olá! Tudo bem? Aqui é o Wesley, marido da Dra. Daiana Ferraz. Ela é nova em Pato Branco, e gostaríamos de apresentar o trabalho dela por aqui.

Se quiser conhecer melhor:
https://share.google/xcLbjrVJT5NDUfYWV
https://www.instagram.com/dradaianaferrazsc/

Será um prazer recebê-lo(a). Se preferir não receber outras mensagens, é só me avisar."
"0","patoBranco_PB","46","4691309959","Contato","","","","","","","","","","","patoBranco_PB_20261004.txt","","Olá! Tudo bem? Aqui é o Wesley, marido da Dra. Daiana Ferraz. Ela é nova em Pato Branco, e gostaríamos de apresentar o trabalho dela por aqui.

Se quiser conhecer melhor:
https://share.google/xcLbjrVJT5NDUfYWV
https://www.instagram.com/dradaianaferrazsc/

Será um prazer recebê-lo(a). Se preferir não receber outras mensagens, é só me avisar."
"0","patoBranco_PB","46","4691311339","Contato","","","","","","","","","","","patoBranco_PB_20261004.txt","","Olá! Tudo bem? Aqui é o Wesley, marido da Dra. Daiana Ferraz. Ela é nova em Pato Branco, e gostaríamos de apresentar o trabalho dela por aqui.

Se quiser conhecer melhor:
https://share.google/xcLbjrVJT5NDUfYWV
https://www.instagram.com/dradaianaferrazsc/

Será um prazer recebê-lo(a). Se preferir não receber outras mensagens, é só me avisar."
"0","patoBranco_PB","46","4691313334","Contato","","","","","","","","","","","patoBranco_PB_20261004.txt","","Olá! Tudo bem? Aqui é o Wesley, marido da Dra. Daiana Ferraz. Ela é nova em Pato Branco, e gostaríamos de apresentar o trabalho dela por aqui.

Se quiser conhecer melhor:
https://share.google/xcLbjrVJT5NDUfYWV
https://www.instagram.com/dradaianaferrazsc/

Será um prazer recebê-lo(a). Se preferir não receber outras mensagens, é só me avisar."
"0","patoBranco_PB","46","4691316387","Contato","","","","","","","","","","","patoBranco_PB_20261004.txt","","Olá! Tudo bem? Aqui é o Wesley, marido da Dra. Daiana Ferraz. Ela é nova em Pato Branco, e gostaríamos de apresentar o trabalho dela por aqui.

Se quiser conhecer melhor:
https://share.google/xcLbjrVJT5NDUfYWV
https://www.instagram.com/dradaianaferrazsc/

Será um prazer recebê-lo(a). Se preferir não receber outras mensagens, é só me avisar."
"0","patoBranco_PB","46","4691317701","Contato","","","","","","","","","","","patoBranco_PB_20261004.txt","","Olá! Tudo bem? Aqui é o Wesley, marido da Dra. Daiana Ferraz. Ela é nova em Pato Branco, e gostaríamos de apresentar o trabalho dela por aqui.

Se quiser conhecer melhor:
https://share.google/xcLbjrVJT5NDUfYWV
https://www.instagram.com/dradaianaferrazsc/

Será um prazer recebê-lo(a). Se preferir não receber outras mensagens, é só me avisar."
"0","patoBranco_PB","46","4691317704","Contato","","","","","","","","","","","patoBranco_PB_20261004.txt","","Olá! Tudo bem? Aqui é o Wesley, marido da Dra. Daiana Ferraz. Ela é nova em Pato Branco, e gostaríamos de apresentar o trabalho dela por aqui.

Se quiser conhecer melhor:
https://share.google/xcLbjrVJT5NDUfYWV
https://www.instagram.com/dradaianaferrazsc/

Será um prazer recebê-lo(a). Se preferir não receber outras mensagens, é só me avisar."
"0","patoBranco_PB","46","4691319918","Contato","","","","","","","","","","","patoBranco_PB_20261004.txt","","Olá! Tudo bem? Aqui é o Wesley, marido da Dra. Daiana Ferraz. Ela é nova em Pato Branco, e gostaríamos de apresentar o trabalho dela por aqui.

Se quiser conhecer melhor:
https://share.google/xcLbjrVJT5NDUfYWV
https://www.instagram.com/dradaianaferrazsc/

Será um prazer recebê-lo(a). Se preferir não receber outras mensagens, é só me avisar."
"0","patoBranco_PB","46","4691319922","Contato","","","","","","","","","","","patoBranco_PB_20261004.txt","","Olá! Tudo bem? Aqui é o Wesley, marido da Dra. Daiana Ferraz. Ela é nova em Pato Branco, e gostaríamos de apresentar o trabalho dela por aqui.

Se quiser conhecer melhor:
https://share.google/xcLbjrVJT5NDUfYWV
https://www.instagram.com/dradaianaferrazsc/

Será um prazer recebê-lo(a). Se preferir não receber outras mensagens, é só me avisar."
"0","patoBranco_PB","46","4691322234","Contato","","","","","","","","","","","patoBranco_PB_20261004.txt","","Olá! Tudo bem? Aqui é o Wesley, marido da Dra. Daiana Ferraz. Ela é nova em Pato Branco, e gostaríamos de apresentar o trabalho dela por aqui.

Se quiser conhecer melhor:
https://share.google/xcLbjrVJT5NDUfYWV
https://www.instagram.com/dradaianaferrazsc/

Será um prazer recebê-lo(a). Se preferir não receber outras mensagens, é só me avisar."
"0","patoBranco_PB","46","4691325472","Contato","","","","","","","","","","","patoBranco_PB_20261004.txt","","Olá! Tudo bem? Aqui é o Wesley, marido da Dra. Daiana Ferraz. Ela é nova em Pato Branco, e gostaríamos de apresentar o trabalho dela por aqui.

Se quiser conhecer melhor:
https://share.google/xcLbjrVJT5NDUfYWV
https://www.instagram.com/dradaianaferrazsc/

Será um prazer recebê-lo(a). Se preferir não receber outras mensagens, é só me avisar."
"0","patoBranco_PB","46","4691325659","Contato","","","","","","","","","","","patoBranco_PB_20261004.txt","","Olá! Tudo bem? Aqui é o Wesley, marido da Dra. Daiana Ferraz. Ela é nova em Pato Branco, e gostaríamos de apresentar o trabalho dela por aqui.

Se quiser conhecer melhor:
https://share.google/xcLbjrVJT5NDUfYWV
https://www.instagram.com/dradaianaferrazsc/

Será um prazer recebê-lo(a). Se preferir não receber outras mensagens, é só me avisar."
"0","patoBranco_PB","46","4691327699","Contato","","","","","","","","","","","patoBranco_PB_20261004.txt","","Olá! Tudo bem? Aqui é o Wesley, marido da Dra. Daiana Ferraz. Ela é nova em Pato Branco, e gostaríamos de apresentar o trabalho dela por aqui.

Se quiser conhecer melhor:
https://share.google/xcLbjrVJT5NDUfYWV
https://www.instagram.com/dradaianaferrazsc/

Será um prazer recebê-lo(a). Se preferir não receber outras mensagens, é só me avisar."
"0","patoBranco_PB","46","4691327785","Contato","","","","","","","","","","","patoBranco_PB_20261004.txt","","Olá! Tudo bem? Aqui é o Wesley, marido da Dra. Daiana Ferraz. Ela é nova em Pato Branco, e gostaríamos de apresentar o trabalho dela por aqui.

Se quiser conhecer melhor:
https://share.google/xcLbjrVJT5NDUfYWV
https://www.instagram.com/dradaianaferrazsc/

Será um prazer recebê-lo(a). Se preferir não receber outras mensagens, é só me avisar."
"0","patoBranco_PB","46","4691330087","Contato","","","","","","","","","","","patoBranco_PB_20261004.txt","","Olá! Tudo bem? Aqui é o Wesley, marido da Dra. Daiana Ferraz. Ela é nova em Pato Branco, e gostaríamos de apresentar o trabalho dela por aqui.

Se quiser conhecer melhor:
https://share.google/xcLbjrVJT5NDUfYWV
https://www.instagram.com/dradaianaferrazsc/

Será um prazer recebê-lo(a). Se preferir não receber outras mensagens, é só me avisar."
"0","patoBranco_PB","46","4691330106","Contato","","","","","","","","","","","patoBranco_PB_20261004.txt","","Olá! Tudo bem? Aqui é o Wesley, marido da Dra. Daiana Ferraz. Ela é nova em Pato Branco, e gostaríamos de apresentar o trabalho dela por aqui.

Se quiser conhecer melhor:
https://share.google/xcLbjrVJT5NDUfYWV
https://www.instagram.com/dradaianaferrazsc/

Será um prazer recebê-lo(a). Se preferir não receber outras mensagens, é só me avisar."
"0","patoBranco_PB","46","4691331030","Contato","","","","","","","","","","","patoBranco_PB_20261004.txt","","Olá! Tudo bem? Aqui é o Wesley, marido da Dra. Daiana Ferraz. Ela é nova em Pato Branco, e gostaríamos de apresentar o trabalho dela por aqui.

Se quiser conhecer melhor:
https://share.google/xcLbjrVJT5NDUfYWV
https://www.instagram.com/dradaianaferrazsc/

Será um prazer recebê-lo(a). Se preferir não receber outras mensagens, é só me avisar."
"0","patoBranco_PB","46","4691331523","Contato","","","","","","","","","","","patoBranco_PB_20261004.txt","","Olá! Tudo bem? Aqui é o Wesley, marido da Dra. Daiana Ferraz. Ela é nova em Pato Branco, e gostaríamos de apresentar o trabalho dela por aqui.

Se quiser conhecer melhor:
https://share.google/xcLbjrVJT5NDUfYWV
https://www.instagram.com/dradaianaferrazsc/

Será um prazer recebê-lo(a). Se preferir não receber outras mensagens, é só me avisar."
"0","patoBranco_PB","46","4691331675","Contato","","","","","","","","","","","patoBranco_PB_20261004.txt","","Olá! Tudo bem? Aqui é o Wesley, marido da Dra. Daiana Ferraz. Ela é nova em Pato Branco, e gostaríamos de apresentar o trabalho dela por aqui.

Se quiser conhecer melhor:
https://share.google/xcLbjrVJT5NDUfYWV
https://www.instagram.com/dradaianaferrazsc/

Será um prazer recebê-lo(a). Se preferir não receber outras mensagens, é só me avisar."
"0","patoBranco_PB","46","4691332001","Contato","","","","","","","","","","","patoBranco_PB_20261004.txt","","Olá! Tudo bem? Aqui é o Wesley, marido da Dra. Daiana Ferraz. Ela é nova em Pato Branco, e gostaríamos de apresentar o trabalho dela por aqui.

Se quiser conhecer melhor:
https://share.google/xcLbjrVJT5NDUfYWV
https://www.instagram.com/dradaianaferrazsc/

Será um prazer recebê-lo(a). Se preferir não receber outras mensagens, é só me avisar."
"0","patoBranco_PB","46","4691332506","Contato","","","","","","","","","","","patoBranco_PB_20261004.txt","","Olá! Tudo bem? Aqui é o Wesley, marido da Dra. Daiana Ferraz. Ela é nova em Pato Branco, e gostaríamos de apresentar o trabalho dela por aqui.

Se quiser conhecer melhor:
https://share.google/xcLbjrVJT5NDUfYWV
https://www.instagram.com/dradaianaferrazsc/

Será um prazer recebê-lo(a). Se preferir não receber outras mensagens, é só me avisar."
"0","patoBranco_PB","46","4691332663","Contato","","","","","","","","","","","patoBranco_PB_20261004.txt","","Olá! Tudo bem? Aqui é o Wesley, marido da Dra. Daiana Ferraz. Ela é nova em Pato Branco, e gostaríamos de apresentar o trabalho dela por aqui.

Se quiser conhecer melhor:
https://share.google/xcLbjrVJT5NDUfYWV
https://www.instagram.com/dradaianaferrazsc/

Será um prazer recebê-lo(a). Se preferir não receber outras mensagens, é só me avisar."
"0","patoBranco_PB","46","4691333651","Contato","","","","","","","","","","","patoBranco_PB_20261004.txt","","Olá! Tudo bem? Aqui é o Wesley, marido da Dra. Daiana Ferraz. Ela é nova em Pato Branco, e gostaríamos de apresentar o trabalho dela por aqui.

Se quiser conhecer melhor:
https://share.google/xcLbjrVJT5NDUfYWV
https://www.instagram.com/dradaianaferrazsc/

Será um prazer recebê-lo(a). Se preferir não receber outras mensagens, é só me avisar."
"0","patoBranco_PB","46","4691335539","Contato","","","","","","","","","","","patoBranco_PB_20261004.txt","","Olá! Tudo bem? Aqui é o Wesley, marido da Dra. Daiana Ferraz. Ela é nova em Pato Branco, e gostaríamos de apresentar o trabalho dela por aqui.

Se quiser conhecer melhor:
https://share.google/xcLbjrVJT5NDUfYWV
https://www.instagram.com/dradaianaferrazsc/

Será um prazer recebê-lo(a). Se preferir não receber outras mensagens, é só me avisar."
"0","patoBranco_PB","46","4691336773","Contato","","","","","","","","","","","patoBranco_PB_20261004.txt","","Olá! Tudo bem? Aqui é o Wesley, marido da Dra. Daiana Ferraz. Ela é nova em Pato Branco, e gostaríamos de apresentar o trabalho dela por aqui.

Se quiser conhecer melhor:
https://share.google/xcLbjrVJT5NDUfYWV
https://www.instagram.com/dradaianaferrazsc/

Será um prazer recebê-lo(a). Se preferir não receber outras mensagens, é só me avisar."
"0","patoBranco_PB","46","4691336959","Contato","","","","","","","","","","","patoBranco_PB_20261004.txt","","Olá! Tudo bem? Aqui é o Wesley, marido da Dra. Daiana Ferraz. Ela é nova em Pato Branco, e gostaríamos de apresentar o trabalho dela por aqui.

Se quiser conhecer melhor:
https://share.google/xcLbjrVJT5NDUfYWV
https://www.instagram.com/dradaianaferrazsc/

Será um prazer recebê-lo(a). Se preferir não receber outras mensagens, é só me avisar."
"0","patoBranco_PB","46","4691338452","Contato","","","","","","","","","","","patoBranco_PB_20261004.txt","","Olá! Tudo bem? Aqui é o Wesley, marido da Dra. Daiana Ferraz. Ela é nova em Pato Branco, e gostaríamos de apresentar o trabalho dela por aqui.

Se quiser conhecer melhor:
https://share.google/xcLbjrVJT5NDUfYWV
https://www.instagram.com/dradaianaferrazsc/

Será um prazer recebê-lo(a). Se preferir não receber outras mensagens, é só me avisar."
"0","patoBranco_PB","46","4691339359","Contato","","","","","","","","","","","patoBranco_PB_20261004.txt","","Olá! Tudo bem? Aqui é o Wesley, marido da Dra. Daiana Ferraz. Ela é nova em Pato Branco, e gostaríamos de apresentar o trabalho dela por aqui.

Se quiser conhecer melhor:
https://share.google/xcLbjrVJT5NDUfYWV
https://www.instagram.com/dradaianaferrazsc/

Será um prazer recebê-lo(a). Se preferir não receber outras mensagens, é só me avisar."
"0","patoBranco_PB","46","4691341545","Contato","","","","","","","","","","","patoBranco_PB_20261004.txt","","Olá! Tudo bem? Aqui é o Wesley, marido da Dra. Daiana Ferraz. Ela é nova em Pato Branco, e gostaríamos de apresentar o trabalho dela por aqui.

Se quiser conhecer melhor:
https://share.google/xcLbjrVJT5NDUfYWV
https://www.instagram.com/dradaianaferrazsc/

Será um prazer recebê-lo(a). Se preferir não receber outras mensagens, é só me avisar."
"0","patoBranco_PB","46","4691342990","Contato","","","","","","","","","","","patoBranco_PB_20261004.txt","","Olá! Tudo bem? Aqui é o Wesley, marido da Dra. Daiana Ferraz. Ela é nova em Pato Branco, e gostaríamos de apresentar o trabalho dela por aqui.

Se quiser conhecer melhor:
https://share.google/xcLbjrVJT5NDUfYWV
https://www.instagram.com/dradaianaferrazsc/

Será um prazer recebê-lo(a). Se preferir não receber outras mensagens, é só me avisar."
"0","patoBranco_PB","46","4691343358","Contato","","","","","","","","","","","patoBranco_PB_20261004.txt","","Olá! Tudo bem? Aqui é o Wesley, marido da Dra. Daiana Ferraz. Ela é nova em Pato Branco, e gostaríamos de apresentar o trabalho dela por aqui.

Se quiser conhecer melhor:
https://share.google/xcLbjrVJT5NDUfYWV
https://www.instagram.com/dradaianaferrazsc/

Será um prazer recebê-lo(a). Se preferir não receber outras mensagens, é só me avisar."
"0","patoBranco_PB","46","4691343590","Contato","","","","","","","","","","","patoBranco_PB_20261004.txt","","Olá! Tudo bem? Aqui é o Wesley, marido da Dra. Daiana Ferraz. Ela é nova em Pato Branco, e gostaríamos de apresentar o trabalho dela por aqui.

Se quiser conhecer melhor:
https://share.google/xcLbjrVJT5NDUfYWV
https://www.instagram.com/dradaianaferrazsc/

Será um prazer recebê-lo(a). Se preferir não receber outras mensagens, é só me avisar."
"0","patoBranco_PB","46","4691344431","Contato","","","","","","","","","","","patoBranco_PB_20261004.txt","","Olá! Tudo bem? Aqui é o Wesley, marido da Dra. Daiana Ferraz. Ela é nova em Pato Branco, e gostaríamos de apresentar o trabalho dela por aqui.

Se quiser conhecer melhor:
https://share.google/xcLbjrVJT5NDUfYWV
https://www.instagram.com/dradaianaferrazsc/

Será um prazer recebê-lo(a). Se preferir não receber outras mensagens, é só me avisar."
"0","patoBranco_PB","46","4691346138","Contato","","","","","","","","","","","patoBranco_PB_20261004.txt","","Olá! Tudo bem? Aqui é o Wesley, marido da Dra. Daiana Ferraz. Ela é nova em Pato Branco, e gostaríamos de apresentar o trabalho dela por aqui.

Se quiser conhecer melhor:
https://share.google/xcLbjrVJT5NDUfYWV
https://www.instagram.com/dradaianaferrazsc/

Será um prazer recebê-lo(a). Se preferir não receber outras mensagens, é só me avisar."
"0","patoBranco_PB","46","4691346767","Contato","","","","","","","","","","","patoBranco_PB_20261004.txt","","Olá! Tudo bem? Aqui é o Wesley, marido da Dra. Daiana Ferraz. Ela é nova em Pato Branco, e gostaríamos de apresentar o trabalho dela por aqui.

Se quiser conhecer melhor:
https://share.google/xcLbjrVJT5NDUfYWV
https://www.instagram.com/dradaianaferrazsc/

Será um prazer recebê-lo(a). Se preferir não receber outras mensagens, é só me avisar."
"0","patoBranco_PB","46","4691347086","Contato","","","","","","","","","","","patoBranco_PB_20261004.txt","","Olá! Tudo bem? Aqui é o Wesley, marido da Dra. Daiana Ferraz. Ela é nova em Pato Branco, e gostaríamos de apresentar o trabalho dela por aqui.

Se quiser conhecer melhor:
https://share.google/xcLbjrVJT5NDUfYWV
https://www.instagram.com/dradaianaferrazsc/

Será um prazer recebê-lo(a). Se preferir não receber outras mensagens, é só me avisar."
"0","patoBranco_PB","46","4691347222","Contato","","","","","","","","","","","patoBranco_PB_20261004.txt","","Olá! Tudo bem? Aqui é o Wesley, marido da Dra. Daiana Ferraz. Ela é nova em Pato Branco, e gostaríamos de apresentar o trabalho dela por aqui.

Se quiser conhecer melhor:
https://share.google/xcLbjrVJT5NDUfYWV
https://www.instagram.com/dradaianaferrazsc/

Será um prazer recebê-lo(a). Se preferir não receber outras mensagens, é só me avisar."
"0","patoBranco_PB","46","4691347591","Contato","","","","","","","","","","","patoBranco_PB_20261004.txt","","Olá! Tudo bem? Aqui é o Wesley, marido da Dra. Daiana Ferraz. Ela é nova em Pato Branco, e gostaríamos de apresentar o trabalho dela por aqui.

Se quiser conhecer melhor:
https://share.google/xcLbjrVJT5NDUfYWV
https://www.instagram.com/dradaianaferrazsc/

Será um prazer recebê-lo(a). Se preferir não receber outras mensagens, é só me avisar."
"0","patoBranco_PB","46","4691350361","Contato","","","","","","","","","","","patoBranco_PB_20261004.txt","","Olá! Tudo bem? Aqui é o Wesley, marido da Dra. Daiana Ferraz. Ela é nova em Pato Branco, e gostaríamos de apresentar o trabalho dela por aqui.

Se quiser conhecer melhor:
https://share.google/xcLbjrVJT5NDUfYWV
https://www.instagram.com/dradaianaferrazsc/

Será um prazer recebê-lo(a). Se preferir não receber outras mensagens, é só me avisar."
"0","patoBranco_PB","46","4691351001","Contato","","","","","","","","","","","patoBranco_PB_20261004.txt","","Olá! Tudo bem? Aqui é o Wesley, marido da Dra. Daiana Ferraz. Ela é nova em Pato Branco, e gostaríamos de apresentar o trabalho dela por aqui.

Se quiser conhecer melhor:
https://share.google/xcLbjrVJT5NDUfYWV
https://www.instagram.com/dradaianaferrazsc/

Será um prazer recebê-lo(a). Se preferir não receber outras mensagens, é só me avisar."
"0","patoBranco_PB","46","4691351215","Contato","","","","","","","","","","","patoBranco_PB_20261004.txt","","Olá! Tudo bem? Aqui é o Wesley, marido da Dra. Daiana Ferraz. Ela é nova em Pato Branco, e gostaríamos de apresentar o trabalho dela por aqui.

Se quiser conhecer melhor:
https://share.google/xcLbjrVJT5NDUfYWV
https://www.instagram.com/dradaianaferrazsc/

Será um prazer recebê-lo(a). Se preferir não receber outras mensagens, é só me avisar."
"0","patoBranco_PB","46","4691351320","Contato","","","","","","","","","","","patoBranco_PB_20261004.txt","","Olá! Tudo bem? Aqui é o Wesley, marido da Dra. Daiana Ferraz. Ela é nova em Pato Branco, e gostaríamos de apresentar o trabalho dela por aqui.

Se quiser conhecer melhor:
https://share.google/xcLbjrVJT5NDUfYWV
https://www.instagram.com/dradaianaferrazsc/

Será um prazer recebê-lo(a). Se preferir não receber outras mensagens, é só me avisar."
"0","patoBranco_PB","46","4691353352","Contato","","","","","","","","","","","patoBranco_PB_20261004.txt","","Olá! Tudo bem? Aqui é o Wesley, marido da Dra. Daiana Ferraz. Ela é nova em Pato Branco, e gostaríamos de apresentar o trabalho dela por aqui.

Se quiser conhecer melhor:
https://share.google/xcLbjrVJT5NDUfYWV
https://www.instagram.com/dradaianaferrazsc/

Será um prazer recebê-lo(a). Se preferir não receber outras mensagens, é só me avisar."
"0","patoBranco_PB","46","4691355305","Contato","","","","","","","","","","","patoBranco_PB_20261004.txt","","Olá! Tudo bem? Aqui é o Wesley, marido da Dra. Daiana Ferraz. Ela é nova em Pato Branco, e gostaríamos de apresentar o trabalho dela por aqui.

Se quiser conhecer melhor:
https://share.google/xcLbjrVJT5NDUfYWV
https://www.instagram.com/dradaianaferrazsc/

Será um prazer recebê-lo(a). Se preferir não receber outras mensagens, é só me avisar."
"0","patoBranco_PB","46","4691357919","Contato","","","","","","","","","","","patoBranco_PB_20261004.txt","","Olá! Tudo bem? Aqui é o Wesley, marido da Dra. Daiana Ferraz. Ela é nova em Pato Branco, e gostaríamos de apresentar o trabalho dela por aqui.

Se quiser conhecer melhor:
https://share.google/xcLbjrVJT5NDUfYWV
https://www.instagram.com/dradaianaferrazsc/

Será um prazer recebê-lo(a). Se preferir não receber outras mensagens, é só me avisar."
"0","patoBranco_PB","46","4691358868","Contato","","","","","","","","","","","patoBranco_PB_20261004.txt","","Olá! Tudo bem? Aqui é o Wesley, marido da Dra. Daiana Ferraz. Ela é nova em Pato Branco, e gostaríamos de apresentar o trabalho dela por aqui.

Se quiser conhecer melhor:
https://share.google/xcLbjrVJT5NDUfYWV
https://www.instagram.com/dradaianaferrazsc/

Será um prazer recebê-lo(a). Se preferir não receber outras mensagens, é só me avisar."
"0","patoBranco_PB","46","4691362081","Contato","","","","","","","","","","","patoBranco_PB_20261004.txt","","Olá! Tudo bem? Aqui é o Wesley, marido da Dra. Daiana Ferraz. Ela é nova em Pato Branco, e gostaríamos de apresentar o trabalho dela por aqui.

Se quiser conhecer melhor:
https://share.google/xcLbjrVJT5NDUfYWV
https://www.instagram.com/dradaianaferrazsc/

Será um prazer recebê-lo(a). Se preferir não receber outras mensagens, é só me avisar."
"0","patoBranco_PB","46","4691362580","Contato","","","","","","","","","","","patoBranco_PB_20261004.txt","","Olá! Tudo bem? Aqui é o Wesley, marido da Dra. Daiana Ferraz. Ela é nova em Pato Branco, e gostaríamos de apresentar o trabalho dela por aqui.

Se quiser conhecer melhor:
https://share.google/xcLbjrVJT5NDUfYWV
https://www.instagram.com/dradaianaferrazsc/

Será um prazer recebê-lo(a). Se preferir não receber outras mensagens, é só me avisar."
"0","patoBranco_PB","46","4691363144","Contato","","","","","","","","","","","patoBranco_PB_20261004.txt","","Olá! Tudo bem? Aqui é o Wesley, marido da Dra. Daiana Ferraz. Ela é nova em Pato Branco, e gostaríamos de apresentar o trabalho dela por aqui.

Se quiser conhecer melhor:
https://share.google/xcLbjrVJT5NDUfYWV
https://www.instagram.com/dradaianaferrazsc/

Será um prazer recebê-lo(a). Se preferir não receber outras mensagens, é só me avisar."
"0","patoBranco_PB","46","4691363900","Contato","","","","","","","","","","","patoBranco_PB_20261004.txt","","Olá! Tudo bem? Aqui é o Wesley, marido da Dra. Daiana Ferraz. Ela é nova em Pato Branco, e gostaríamos de apresentar o trabalho dela por aqui.

Se quiser conhecer melhor:
https://share.google/xcLbjrVJT5NDUfYWV
https://www.instagram.com/dradaianaferrazsc/

Será um prazer recebê-lo(a). Se preferir não receber outras mensagens, é só me avisar."
"0","patoBranco_PB","46","4691364050","Contato","","","","","","","","","","","patoBranco_PB_20261004.txt","","Olá! Tudo bem? Aqui é o Wesley, marido da Dra. Daiana Ferraz. Ela é nova em Pato Branco, e gostaríamos de apresentar o trabalho dela por aqui.

Se quiser conhecer melhor:
https://share.google/xcLbjrVJT5NDUfYWV
https://www.instagram.com/dradaianaferrazsc/

Será um prazer recebê-lo(a). Se preferir não receber outras mensagens, é só me avisar."
"0","patoBranco_PB","46","4691365356","Contato","","","","","","","","","","","patoBranco_PB_20261004.txt","","Olá! Tudo bem? Aqui é o Wesley, marido da Dra. Daiana Ferraz. Ela é nova em Pato Branco, e gostaríamos de apresentar o trabalho dela por aqui.

Se quiser conhecer melhor:
https://share.google/xcLbjrVJT5NDUfYWV
https://www.instagram.com/dradaianaferrazsc/

Será um prazer recebê-lo(a). Se preferir não receber outras mensagens, é só me avisar."
"0","patoBranco_PB","46","4691365412","Contato","","","","","","","","","","","patoBranco_PB_20261004.txt","","Olá! Tudo bem? Aqui é o Wesley, marido da Dra. Daiana Ferraz. Ela é nova em Pato Branco, e gostaríamos de apresentar o trabalho dela por aqui.

Se quiser conhecer melhor:
https://share.google/xcLbjrVJT5NDUfYWV
https://www.instagram.com/dradaianaferrazsc/

Será um prazer recebê-lo(a). Se preferir não receber outras mensagens, é só me avisar."
"0","patoBranco_PB","46","4691366139","Contato","","","","","","","","","","","patoBranco_PB_20261004.txt","","Olá! Tudo bem? Aqui é o Wesley, marido da Dra. Daiana Ferraz. Ela é nova em Pato Branco, e gostaríamos de apresentar o trabalho dela por aqui.

Se quiser conhecer melhor:
https://share.google/xcLbjrVJT5NDUfYWV
https://www.instagram.com/dradaianaferrazsc/

Será um prazer recebê-lo(a). Se preferir não receber outras mensagens, é só me avisar."
"0","patoBranco_PB","46","4691367575","Contato","","","","","","","","","","","patoBranco_PB_20261004.txt","","Olá! Tudo bem? Aqui é o Wesley, marido da Dra. Daiana Ferraz. Ela é nova em Pato Branco, e gostaríamos de apresentar o trabalho dela por aqui.

Se quiser conhecer melhor:
https://share.google/xcLbjrVJT5NDUfYWV
https://www.instagram.com/dradaianaferrazsc/

Será um prazer recebê-lo(a). Se preferir não receber outras mensagens, é só me avisar."
"0","patoBranco_PB","46","4691369746","Contato","","","","","","","","","","","patoBranco_PB_20261004.txt","","Olá! Tudo bem? Aqui é o Wesley, marido da Dra. Daiana Ferraz. Ela é nova em Pato Branco, e gostaríamos de apresentar o trabalho dela por aqui.

Se quiser conhecer melhor:
https://share.google/xcLbjrVJT5NDUfYWV
https://www.instagram.com/dradaianaferrazsc/

Será um prazer recebê-lo(a). Se preferir não receber outras mensagens, é só me avisar."
"0","patoBranco_PB","46","4691371800","Contato","","","","","","","","","","","patoBranco_PB_20261004.txt","","Olá! Tudo bem? Aqui é o Wesley, marido da Dra. Daiana Ferraz. Ela é nova em Pato Branco, e gostaríamos de apresentar o trabalho dela por aqui.

Se quiser conhecer melhor:
https://share.google/xcLbjrVJT5NDUfYWV
https://www.instagram.com/dradaianaferrazsc/

Será um prazer recebê-lo(a). Se preferir não receber outras mensagens, é só me avisar."
"0","patoBranco_PB","46","4691372147","Contato","","","","","","","","","","","patoBranco_PB_20261004.txt","","Olá! Tudo bem? Aqui é o Wesley, marido da Dra. Daiana Ferraz. Ela é nova em Pato Branco, e gostaríamos de apresentar o trabalho dela por aqui.

Se quiser conhecer melhor:
https://share.google/xcLbjrVJT5NDUfYWV
https://www.instagram.com/dradaianaferrazsc/

Será um prazer recebê-lo(a). Se preferir não receber outras mensagens, é só me avisar."
"0","patoBranco_PB","46","4691372217","Contato","","","","","","","","","","","patoBranco_PB_20261004.txt","","Olá! Tudo bem? Aqui é o Wesley, marido da Dra. Daiana Ferraz. Ela é nova em Pato Branco, e gostaríamos de apresentar o trabalho dela por aqui.

Se quiser conhecer melhor:
https://share.google/xcLbjrVJT5NDUfYWV
https://www.instagram.com/dradaianaferrazsc/

Será um prazer recebê-lo(a). Se preferir não receber outras mensagens, é só me avisar."
"0","patoBranco_PB","46","4691376216","Contato","","","","","","","","","","","patoBranco_PB_20261004.txt","","Olá! Tudo bem? Aqui é o Wesley, marido da Dra. Daiana Ferraz. Ela é nova em Pato Branco, e gostaríamos de apresentar o trabalho dela por aqui.

Se quiser conhecer melhor:
https://share.google/xcLbjrVJT5NDUfYWV
https://www.instagram.com/dradaianaferrazsc/

Será um prazer recebê-lo(a). Se preferir não receber outras mensagens, é só me avisar."
"0","patoBranco_PB","46","4691376442","Contato","","","","","","","","","","","patoBranco_PB_20261004.txt","","Olá! Tudo bem? Aqui é o Wesley, marido da Dra. Daiana Ferraz. Ela é nova em Pato Branco, e gostaríamos de apresentar o trabalho dela por aqui.

Se quiser conhecer melhor:
https://share.google/xcLbjrVJT5NDUfYWV
https://www.instagram.com/dradaianaferrazsc/

Será um prazer recebê-lo(a). Se preferir não receber outras mensagens, é só me avisar."
"0","patoBranco_PB","46","4691376858","Contato","","","","","","","","","","","patoBranco_PB_20261004.txt","","Olá! Tudo bem? Aqui é o Wesley, marido da Dra. Daiana Ferraz. Ela é nova em Pato Branco, e gostaríamos de apresentar o trabalho dela por aqui.

Se quiser conhecer melhor:
https://share.google/xcLbjrVJT5NDUfYWV
https://www.instagram.com/dradaianaferrazsc/

Será um prazer recebê-lo(a). Se preferir não receber outras mensagens, é só me avisar."
"0","patoBranco_PB","46","4691378057","Contato","","","","","","","","","","","patoBranco_PB_20261004.txt","","Olá! Tudo bem? Aqui é o Wesley, marido da Dra. Daiana Ferraz. Ela é nova em Pato Branco, e gostaríamos de apresentar o trabalho dela por aqui.

Se quiser conhecer melhor:
https://share.google/xcLbjrVJT5NDUfYWV
https://www.instagram.com/dradaianaferrazsc/

Será um prazer recebê-lo(a). Se preferir não receber outras mensagens, é só me avisar."
"0","patoBranco_PB","46","4691378568","Contato","","","","","","","","","","","patoBranco_PB_20261004.txt","","Olá! Tudo bem? Aqui é o Wesley, marido da Dra. Daiana Ferraz. Ela é nova em Pato Branco, e gostaríamos de apresentar o trabalho dela por aqui.

Se quiser conhecer melhor:
https://share.google/xcLbjrVJT5NDUfYWV
https://www.instagram.com/dradaianaferrazsc/

Será um prazer recebê-lo(a). Se preferir não receber outras mensagens, é só me avisar."
"0","patoBranco_PB","46","4691380619","Contato","","","","","","","","","","","patoBranco_PB_20261004.txt","","Olá! Tudo bem? Aqui é o Wesley, marido da Dra. Daiana Ferraz. Ela é nova em Pato Branco, e gostaríamos de apresentar o trabalho dela por aqui.

Se quiser conhecer melhor:
https://share.google/xcLbjrVJT5NDUfYWV
https://www.instagram.com/dradaianaferrazsc/

Será um prazer recebê-lo(a). Se preferir não receber outras mensagens, é só me avisar."
"0","patoBranco_PB","46","4691380950","Contato","","","","","","","","","","","patoBranco_PB_20261004.txt","","Olá! Tudo bem? Aqui é o Wesley, marido da Dra. Daiana Ferraz. Ela é nova em Pato Branco, e gostaríamos de apresentar o trabalho dela por aqui.

Se quiser conhecer melhor:
https://share.google/xcLbjrVJT5NDUfYWV
https://www.instagram.com/dradaianaferrazsc/

Será um prazer recebê-lo(a). Se preferir não receber outras mensagens, é só me avisar."
"0","patoBranco_PB","46","4691382983","Contato","","","","","","","","","","","patoBranco_PB_20261004.txt","","Olá! Tudo bem? Aqui é o Wesley, marido da Dra. Daiana Ferraz. Ela é nova em Pato Branco, e gostaríamos de apresentar o trabalho dela por aqui.

Se quiser conhecer melhor:
https://share.google/xcLbjrVJT5NDUfYWV
https://www.instagram.com/dradaianaferrazsc/

Será um prazer recebê-lo(a). Se preferir não receber outras mensagens, é só me avisar."
"0","patoBranco_PB","46","4691385235","Contato","","","","","","","","","","","patoBranco_PB_20261004.txt","","Olá! Tudo bem? Aqui é o Wesley, marido da Dra. Daiana Ferraz. Ela é nova em Pato Branco, e gostaríamos de apresentar o trabalho dela por aqui.

Se quiser conhecer melhor:
https://share.google/xcLbjrVJT5NDUfYWV
https://www.instagram.com/dradaianaferrazsc/

Será um prazer recebê-lo(a). Se preferir não receber outras mensagens, é só me avisar."
"0","patoBranco_PB","46","4691385999","Contato","","","","","","","","","","","patoBranco_PB_20261004.txt","","Olá! Tudo bem? Aqui é o Wesley, marido da Dra. Daiana Ferraz. Ela é nova em Pato Branco, e gostaríamos de apresentar o trabalho dela por aqui.

Se quiser conhecer melhor:
https://share.google/xcLbjrVJT5NDUfYWV
https://www.instagram.com/dradaianaferrazsc/

Será um prazer recebê-lo(a). Se preferir não receber outras mensagens, é só me avisar."
"0","patoBranco_PB","46","4691386242","Contato","","","","","","","","","","","patoBranco_PB_20261004.txt","","Olá! Tudo bem? Aqui é o Wesley, marido da Dra. Daiana Ferraz. Ela é nova em Pato Branco, e gostaríamos de apresentar o trabalho dela por aqui.

Se quiser conhecer melhor:
https://share.google/xcLbjrVJT5NDUfYWV
https://www.instagram.com/dradaianaferrazsc/

Será um prazer recebê-lo(a). Se preferir não receber outras mensagens, é só me avisar."
"0","patoBranco_PB","46","4691386279","Contato","","","","","","","","","","","patoBranco_PB_20261004.txt","","Olá! Tudo bem? Aqui é o Wesley, marido da Dra. Daiana Ferraz. Ela é nova em Pato Branco, e gostaríamos de apresentar o trabalho dela por aqui.

Se quiser conhecer melhor:
https://share.google/xcLbjrVJT5NDUfYWV
https://www.instagram.com/dradaianaferrazsc/

Será um prazer recebê-lo(a). Se preferir não receber outras mensagens, é só me avisar."
"0","patoBranco_PB","46","4691389085","Contato","","","","","","","","","","","patoBranco_PB_20261004.txt","","Olá! Tudo bem? Aqui é o Wesley, marido da Dra. Daiana Ferraz. Ela é nova em Pato Branco, e gostaríamos de apresentar o trabalho dela por aqui.

Se quiser conhecer melhor:
https://share.google/xcLbjrVJT5NDUfYWV
https://www.instagram.com/dradaianaferrazsc/

Será um prazer recebê-lo(a). Se preferir não receber outras mensagens, é só me avisar."
"0","patoBranco_PB","46","4691390944","Contato","","","","","","","","","","","patoBranco_PB_20261004.txt","","Olá! Tudo bem? Aqui é o Wesley, marido da Dra. Daiana Ferraz. Ela é nova em Pato Branco, e gostaríamos de apresentar o trabalho dela por aqui.

Se quiser conhecer melhor:
https://share.google/xcLbjrVJT5NDUfYWV
https://www.instagram.com/dradaianaferrazsc/

Será um prazer recebê-lo(a). Se preferir não receber outras mensagens, é só me avisar."
"0","patoBranco_PB","46","4691393338","Contato","","","","","","","","","","","patoBranco_PB_20261004.txt","","Olá! Tudo bem? Aqui é o Wesley, marido da Dra. Daiana Ferraz. Ela é nova em Pato Branco, e gostaríamos de apresentar o trabalho dela por aqui.

Se quiser conhecer melhor:
https://share.google/xcLbjrVJT5NDUfYWV
https://www.instagram.com/dradaianaferrazsc/

Será um prazer recebê-lo(a). Se preferir não receber outras mensagens, é só me avisar."
"0","patoBranco_PB","46","4691395115","Contato","","","","","","","","","","","patoBranco_PB_20261004.txt","","Olá! Tudo bem? Aqui é o Wesley, marido da Dra. Daiana Ferraz. Ela é nova em Pato Branco, e gostaríamos de apresentar o trabalho dela por aqui.

Se quiser conhecer melhor:
https://share.google/xcLbjrVJT5NDUfYWV
https://www.instagram.com/dradaianaferrazsc/

Será um prazer recebê-lo(a). Se preferir não receber outras mensagens, é só me avisar."
"0","patoBranco_PB","46","4691395357","Contato","","","","","","","","","","","patoBranco_PB_20261004.txt","","Olá! Tudo bem? Aqui é o Wesley, marido da Dra. Daiana Ferraz. Ela é nova em Pato Branco, e gostaríamos de apresentar o trabalho dela por aqui.

Se quiser conhecer melhor:
https://share.google/xcLbjrVJT5NDUfYWV
https://www.instagram.com/dradaianaferrazsc/

Será um prazer recebê-lo(a). Se preferir não receber outras mensagens, é só me avisar."
"0","patoBranco_PB","46","4691395704","Contato","","","","","","","","","","","patoBranco_PB_20261004.txt","","Olá! Tudo bem? Aqui é o Wesley, marido da Dra. Daiana Ferraz. Ela é nova em Pato Branco, e gostaríamos de apresentar o trabalho dela por aqui.

Se quiser conhecer melhor:
https://share.google/xcLbjrVJT5NDUfYWV
https://www.instagram.com/dradaianaferrazsc/

Será um prazer recebê-lo(a). Se preferir não receber outras mensagens, é só me avisar."
"0","patoBranco_PB","46","4691400811","Contato","","","","","","","","","","","patoBranco_PB_20261004.txt","","Olá! Tudo bem? Aqui é o Wesley, marido da Dra. Daiana Ferraz. Ela é nova em Pato Branco, e gostaríamos de apresentar o trabalho dela por aqui.

Se quiser conhecer melhor:
https://share.google/xcLbjrVJT5NDUfYWV
https://www.instagram.com/dradaianaferrazsc/

Será um prazer recebê-lo(a). Se preferir não receber outras mensagens, é só me avisar."
"0","patoBranco_PB","46","4691401608","Contato","","","","","","","","","","","patoBranco_PB_20261004.txt","","Olá! Tudo bem? Aqui é o Wesley, marido da Dra. Daiana Ferraz. Ela é nova em Pato Branco, e gostaríamos de apresentar o trabalho dela por aqui.

Se quiser conhecer melhor:
https://share.google/xcLbjrVJT5NDUfYWV
https://www.instagram.com/dradaianaferrazsc/

Será um prazer recebê-lo(a). Se preferir não receber outras mensagens, é só me avisar."
"0","patoBranco_PB","46","4691402030","Contato","","","","","","","","","","","patoBranco_PB_20261004.txt","","Olá! Tudo bem? Aqui é o Wesley, marido da Dra. Daiana Ferraz. Ela é nova em Pato Branco, e gostaríamos de apresentar o trabalho dela por aqui.

Se quiser conhecer melhor:
https://share.google/xcLbjrVJT5NDUfYWV
https://www.instagram.com/dradaianaferrazsc/

Será um prazer recebê-lo(a). Se preferir não receber outras mensagens, é só me avisar."
"0","patoBranco_PB","46","4691402909","Contato","","","","","","","","","","","patoBranco_PB_20261004.txt","","Olá! Tudo bem? Aqui é o Wesley, marido da Dra. Daiana Ferraz. Ela é nova em Pato Branco, e gostaríamos de apresentar o trabalho dela por aqui.

Se quiser conhecer melhor:
https://share.google/xcLbjrVJT5NDUfYWV
https://www.instagram.com/dradaianaferrazsc/

Será um prazer recebê-lo(a). Se preferir não receber outras mensagens, é só me avisar."
"0","patoBranco_PB","46","4691403072","Contato","","","","","","","","","","","patoBranco_PB_20261004.txt","","Olá! Tudo bem? Aqui é o Wesley, marido da Dra. Daiana Ferraz. Ela é nova em Pato Branco, e gostaríamos de apresentar o trabalho dela por aqui.

Se quiser conhecer melhor:
https://share.google/xcLbjrVJT5NDUfYWV
https://www.instagram.com/dradaianaferrazsc/

Será um prazer recebê-lo(a). Se preferir não receber outras mensagens, é só me avisar."
"0","patoBranco_PB","46","4691406191","Contato","","","","","","","","","","","patoBranco_PB_20261004.txt","","Olá! Tudo bem? Aqui é o Wesley, marido da Dra. Daiana Ferraz. Ela é nova em Pato Branco, e gostaríamos de apresentar o trabalho dela por aqui.

Se quiser conhecer melhor:
https://share.google/xcLbjrVJT5NDUfYWV
https://www.instagram.com/dradaianaferrazsc/

Será um prazer recebê-lo(a). Se preferir não receber outras mensagens, é só me avisar."
"0","patoBranco_PB","46","4691407155","Contato","","","","","","","","","","","patoBranco_PB_20261004.txt","","Olá! Tudo bem? Aqui é o Wesley, marido da Dra. Daiana Ferraz. Ela é nova em Pato Branco, e gostaríamos de apresentar o trabalho dela por aqui.

Se quiser conhecer melhor:
https://share.google/xcLbjrVJT5NDUfYWV
https://www.instagram.com/dradaianaferrazsc/

Será um prazer recebê-lo(a). Se preferir não receber outras mensagens, é só me avisar."
"0","patoBranco_PB","46","4691407249","Contato","","","","","","","","","","","patoBranco_PB_20261004.txt","","Olá! Tudo bem? Aqui é o Wesley, marido da Dra. Daiana Ferraz. Ela é nova em Pato Branco, e gostaríamos de apresentar o trabalho dela por aqui.

Se quiser conhecer melhor:
https://share.google/xcLbjrVJT5NDUfYWV
https://www.instagram.com/dradaianaferrazsc/

Será um prazer recebê-lo(a). Se preferir não receber outras mensagens, é só me avisar."
"0","patoBranco_PB","46","4691414440","Contato","","","","","","","","","","","patoBranco_PB_20261004.txt","","Olá! Tudo bem? Aqui é o Wesley, marido da Dra. Daiana Ferraz. Ela é nova em Pato Branco, e gostaríamos de apresentar o trabalho dela por aqui.

Se quiser conhecer melhor:
https://share.google/xcLbjrVJT5NDUfYWV
https://www.instagram.com/dradaianaferrazsc/

Será um prazer recebê-lo(a). Se preferir não receber outras mensagens, é só me avisar."
"0","patoBranco_PB","46","4691414475","Contato","","","","","","","","","","","patoBranco_PB_20261004.txt","","Olá! Tudo bem? Aqui é o Wesley, marido da Dra. Daiana Ferraz. Ela é nova em Pato Branco, e gostaríamos de apresentar o trabalho dela por aqui.

Se quiser conhecer melhor:
https://share.google/xcLbjrVJT5NDUfYWV
https://www.instagram.com/dradaianaferrazsc/

Será um prazer recebê-lo(a). Se preferir não receber outras mensagens, é só me avisar."
"0","patoBranco_PB","46","4691415084","Contato","","","","","","","","","","","patoBranco_PB_20261004.txt","","Olá! Tudo bem? Aqui é o Wesley, marido da Dra. Daiana Ferraz. Ela é nova em Pato Branco, e gostaríamos de apresentar o trabalho dela por aqui.

Se quiser conhecer melhor:
https://share.google/xcLbjrVJT5NDUfYWV
https://www.instagram.com/dradaianaferrazsc/

Será um prazer recebê-lo(a). Se preferir não receber outras mensagens, é só me avisar."
"0","patoBranco_PB","46","4691415945","Contato","","","","","","","","","","","patoBranco_PB_20261004.txt","","Olá! Tudo bem? Aqui é o Wesley, marido da Dra. Daiana Ferraz. Ela é nova em Pato Branco, e gostaríamos de apresentar o trabalho dela por aqui.

Se quiser conhecer melhor:
https://share.google/xcLbjrVJT5NDUfYWV
https://www.instagram.com/dradaianaferrazsc/

Será um prazer recebê-lo(a). Se preferir não receber outras mensagens, é só me avisar."
"0","patoBranco_PB","46","4691416819","Contato","","","","","","","","","","","patoBranco_PB_20261004.txt","","Olá! Tudo bem? Aqui é o Wesley, marido da Dra. Daiana Ferraz. Ela é nova em Pato Branco, e gostaríamos de apresentar o trabalho dela por aqui.

Se quiser conhecer melhor:
https://share.google/xcLbjrVJT5NDUfYWV
https://www.instagram.com/dradaianaferrazsc/

Será um prazer recebê-lo(a). Se preferir não receber outras mensagens, é só me avisar."
"0","patoBranco_PB","46","4691419104","Contato","","","","","","","","","","","patoBranco_PB_20261004.txt","","Olá! Tudo bem? Aqui é o Wesley, marido da Dra. Daiana Ferraz. Ela é nova em Pato Branco, e gostaríamos de apresentar o trabalho dela por aqui.

Se quiser conhecer melhor:
https://share.google/xcLbjrVJT5NDUfYWV
https://www.instagram.com/dradaianaferrazsc/

Será um prazer recebê-lo(a). Se preferir não receber outras mensagens, é só me avisar."
"0","patoBranco_PB","46","4691419296","Contato","","","","","","","","","","","patoBranco_PB_20261004.txt","","Olá! Tudo bem? Aqui é o Wesley, marido da Dra. Daiana Ferraz. Ela é nova em Pato Branco, e gostaríamos de apresentar o trabalho dela por aqui.

Se quiser conhecer melhor:
https://share.google/xcLbjrVJT5NDUfYWV
https://www.instagram.com/dradaianaferrazsc/

Será um prazer recebê-lo(a). Se preferir não receber outras mensagens, é só me avisar."
"0","patoBranco_PB","46","46920002792","Contato","","","","","","","","","","","patoBranco_PB_20261004.txt","","Olá! Tudo bem? Aqui é o Wesley, marido da Dra. Daiana Ferraz. Ela é nova em Pato Branco, e gostaríamos de apresentar o trabalho dela por aqui.

Se quiser conhecer melhor:
https://share.google/xcLbjrVJT5NDUfYWV
https://www.instagram.com/dradaianaferrazsc/

Será um prazer recebê-lo(a). Se preferir não receber outras mensagens, é só me avisar."
"0","patoBranco_PB","46","46920003852","Contato","","","","","","","","","","","patoBranco_PB_20261004.txt","","Olá! Tudo bem? Aqui é o Wesley, marido da Dra. Daiana Ferraz. Ela é nova em Pato Branco, e gostaríamos de apresentar o trabalho dela por aqui.

Se quiser conhecer melhor:
https://share.google/xcLbjrVJT5NDUfYWV
https://www.instagram.com/dradaianaferrazsc/

Será um prazer recebê-lo(a). Se preferir não receber outras mensagens, é só me avisar."
"0","patoBranco_PB","46","46920003858","Contato","","","","","","","","","","","patoBranco_PB_20261004.txt","","Olá! Tudo bem? Aqui é o Wesley, marido da Dra. Daiana Ferraz. Ela é nova em Pato Branco, e gostaríamos de apresentar o trabalho dela por aqui.

Se quiser conhecer melhor:
https://share.google/xcLbjrVJT5NDUfYWV
https://www.instagram.com/dradaianaferrazsc/

Será um prazer recebê-lo(a). Se preferir não receber outras mensagens, é só me avisar."
"0","patoBranco_PB","46","46920005262","Contato","","","","","","","","","","","patoBranco_PB_20261004.txt","","Olá! Tudo bem? Aqui é o Wesley, marido da Dra. Daiana Ferraz. Ela é nova em Pato Branco, e gostaríamos de apresentar o trabalho dela por aqui.

Se quiser conhecer melhor:
https://share.google/xcLbjrVJT5NDUfYWV
https://www.instagram.com/dradaianaferrazsc/

Será um prazer recebê-lo(a). Se preferir não receber outras mensagens, é só me avisar."
"0","patoBranco_PB","46","46920007153","Contato","","","","","","","","","","","patoBranco_PB_20261004.txt","","Olá! Tudo bem? Aqui é o Wesley, marido da Dra. Daiana Ferraz. Ela é nova em Pato Branco, e gostaríamos de apresentar o trabalho dela por aqui.

Se quiser conhecer melhor:
https://share.google/xcLbjrVJT5NDUfYWV
https://www.instagram.com/dradaianaferrazsc/

Será um prazer recebê-lo(a). Se preferir não receber outras mensagens, é só me avisar."
"0","patoBranco_PB","46","46920010184","Contato","","","","","","","","","","","patoBranco_PB_20261004.txt","","Olá! Tudo bem? Aqui é o Wesley, marido da Dra. Daiana Ferraz. Ela é nova em Pato Branco, e gostaríamos de apresentar o trabalho dela por aqui.

Se quiser conhecer melhor:
https://share.google/xcLbjrVJT5NDUfYWV
https://www.instagram.com/dradaianaferrazsc/

Será um prazer recebê-lo(a). Se preferir não receber outras mensagens, é só me avisar."
"0","patoBranco_PB","46","46920011392","Contato","","","","","","","","","","","patoBranco_PB_20261004.txt","","Olá! Tudo bem? Aqui é o Wesley, marido da Dra. Daiana Ferraz. Ela é nova em Pato Branco, e gostaríamos de apresentar o trabalho dela por aqui.

Se quiser conhecer melhor:
https://share.google/xcLbjrVJT5NDUfYWV
https://www.instagram.com/dradaianaferrazsc/

Será um prazer recebê-lo(a). Se preferir não receber outras mensagens, é só me avisar."
"0","patoBranco_PB","46","46920011931","Contato","","","","","","","","","","","patoBranco_PB_20261004.txt","","Olá! Tudo bem? Aqui é o Wesley, marido da Dra. Daiana Ferraz. Ela é nova em Pato Branco, e gostaríamos de apresentar o trabalho dela por aqui.

Se quiser conhecer melhor:
https://share.google/xcLbjrVJT5NDUfYWV
https://www.instagram.com/dradaianaferrazsc/

Será um prazer recebê-lo(a). Se preferir não receber outras mensagens, é só me avisar."
"0","patoBranco_PB","46","46920012453","Contato","","","","","","","","","","","patoBranco_PB_20261004.txt","","Olá! Tudo bem? Aqui é o Wesley, marido da Dra. Daiana Ferraz. Ela é nova em Pato Branco, e gostaríamos de apresentar o trabalho dela por aqui.

Se quiser conhecer melhor:
https://share.google/xcLbjrVJT5NDUfYWV
https://www.instagram.com/dradaianaferrazsc/

Será um prazer recebê-lo(a). Se preferir não receber outras mensagens, é só me avisar."
"0","patoBranco_PB","46","46920012990","Contato","","","","","","","","","","","patoBranco_PB_20261004.txt","","Olá! Tudo bem? Aqui é o Wesley, marido da Dra. Daiana Ferraz. Ela é nova em Pato Branco, e gostaríamos de apresentar o trabalho dela por aqui.

Se quiser conhecer melhor:
https://share.google/xcLbjrVJT5NDUfYWV
https://www.instagram.com/dradaianaferrazsc/

Será um prazer recebê-lo(a). Se preferir não receber outras mensagens, é só me avisar."
"0","patoBranco_PB","46","46920017193","Contato","","","","","","","","","","","patoBranco_PB_20261004.txt","","Olá! Tudo bem? Aqui é o Wesley, marido da Dra. Daiana Ferraz. Ela é nova em Pato Branco, e gostaríamos de apresentar o trabalho dela por aqui.

Se quiser conhecer melhor:
https://share.google/xcLbjrVJT5NDUfYWV
https://www.instagram.com/dradaianaferrazsc/

Será um prazer recebê-lo(a). Se preferir não receber outras mensagens, é só me avisar."
"0","patoBranco_PB","46","46920017275","Contato","","","","","","","","","","","patoBranco_PB_20261004.txt","","Olá! Tudo bem? Aqui é o Wesley, marido da Dra. Daiana Ferraz. Ela é nova em Pato Branco, e gostaríamos de apresentar o trabalho dela por aqui.

Se quiser conhecer melhor:
https://share.google/xcLbjrVJT5NDUfYWV
https://www.instagram.com/dradaianaferrazsc/

Será um prazer recebê-lo(a). Se preferir não receber outras mensagens, é só me avisar."
"0","patoBranco_PB","46","46920017375","Contato","","","","","","","","","","","patoBranco_PB_20261004.txt","","Olá! Tudo bem? Aqui é o Wesley, marido da Dra. Daiana Ferraz. Ela é nova em Pato Branco, e gostaríamos de apresentar o trabalho dela por aqui.

Se quiser conhecer melhor:
https://share.google/xcLbjrVJT5NDUfYWV
https://www.instagram.com/dradaianaferrazsc/

Será um prazer recebê-lo(a). Se preferir não receber outras mensagens, é só me avisar."
"0","patoBranco_PB","46","46933001463","Contato","","","","","","","","","","","patoBranco_PB_20261004.txt","","Olá! Tudo bem? Aqui é o Wesley, marido da Dra. Daiana Ferraz. Ela é nova em Pato Branco, e gostaríamos de apresentar o trabalho dela por aqui.

Se quiser conhecer melhor:
https://share.google/xcLbjrVJT5NDUfYWV
https://www.instagram.com/dradaianaferrazsc/

Será um prazer recebê-lo(a). Se preferir não receber outras mensagens, é só me avisar."
"0","patoBranco_PB","46","46933004505","Contato","","","","","","","","","","","patoBranco_PB_20261004.txt","","Olá! Tudo bem? Aqui é o Wesley, marido da Dra. Daiana Ferraz. Ela é nova em Pato Branco, e gostaríamos de apresentar o trabalho dela por aqui.

Se quiser conhecer melhor:
https://share.google/xcLbjrVJT5NDUfYWV
https://www.instagram.com/dradaianaferrazsc/

Será um prazer recebê-lo(a). Se preferir não receber outras mensagens, é só me avisar."
"0","patoBranco_PB","46","46933004764","Contato","","","","","","","","","","","patoBranco_PB_20261004.txt","","Olá! Tudo bem? Aqui é o Wesley, marido da Dra. Daiana Ferraz. Ela é nova em Pato Branco, e gostaríamos de apresentar o trabalho dela por aqui.

Se quiser conhecer melhor:
https://share.google/xcLbjrVJT5NDUfYWV
https://www.instagram.com/dradaianaferrazsc/

Será um prazer recebê-lo(a). Se preferir não receber outras mensagens, é só me avisar."
"0","patoBranco_PB","46","46933008530","Contato","","","","","","","","","","","patoBranco_PB_20261004.txt","","Olá! Tudo bem? Aqui é o Wesley, marido da Dra. Daiana Ferraz. Ela é nova em Pato Branco, e gostaríamos de apresentar o trabalho dela por aqui.

Se quiser conhecer melhor:
https://share.google/xcLbjrVJT5NDUfYWV
https://www.instagram.com/dradaianaferrazsc/

Será um prazer recebê-lo(a). Se preferir não receber outras mensagens, é só me avisar."
"0","patoBranco_PB","46","46933008943","Contato","","","","","","","","","","","patoBranco_PB_20261004.txt","","Olá! Tudo bem? Aqui é o Wesley, marido da Dra. Daiana Ferraz. Ela é nova em Pato Branco, e gostaríamos de apresentar o trabalho dela por aqui.

Se quiser conhecer melhor:
https://share.google/xcLbjrVJT5NDUfYWV
https://www.instagram.com/dradaianaferrazsc/

Será um prazer recebê-lo(a). Se preferir não receber outras mensagens, é só me avisar."
"0","patoBranco_PB","46","46935051053","Contato","","","","","","","","","","","patoBranco_PB_20261004.txt","","Olá! Tudo bem? Aqui é o Wesley, marido da Dra. Daiana Ferraz. Ela é nova em Pato Branco, e gostaríamos de apresentar o trabalho dela por aqui.

Se quiser conhecer melhor:
https://share.google/xcLbjrVJT5NDUfYWV
https://www.instagram.com/dradaianaferrazsc/

Será um prazer recebê-lo(a). Se preferir não receber outras mensagens, é só me avisar."
"0","patoBranco_PB","46","46935051200","Contato","","","","","","","","","","","patoBranco_PB_20261004.txt","","Olá! Tudo bem? Aqui é o Wesley, marido da Dra. Daiana Ferraz. Ela é nova em Pato Branco, e gostaríamos de apresentar o trabalho dela por aqui.

Se quiser conhecer melhor:
https://share.google/xcLbjrVJT5NDUfYWV
https://www.instagram.com/dradaianaferrazsc/

Será um prazer recebê-lo(a). Se preferir não receber outras mensagens, é só me avisar."
"0","patoBranco_PB","46","46935051856","Contato","","","","","","","","","","","patoBranco_PB_20261004.txt","","Olá! Tudo bem? Aqui é o Wesley, marido da Dra. Daiana Ferraz. Ela é nova em Pato Branco, e gostaríamos de apresentar o trabalho dela por aqui.

Se quiser conhecer melhor:
https://share.google/xcLbjrVJT5NDUfYWV
https://www.instagram.com/dradaianaferrazsc/

Será um prazer recebê-lo(a). Se preferir não receber outras mensagens, é só me avisar."
"0","patoBranco_PB","46","4699000550","Contato","","","","","","","","","","","patoBranco_PB_20261004.txt","","Olá! Tudo bem? Aqui é o Wesley, marido da Dra. Daiana Ferraz. Ela é nova em Pato Branco, e gostaríamos de apresentar o trabalho dela por aqui.

Se quiser conhecer melhor:
https://share.google/xcLbjrVJT5NDUfYWV
https://www.instagram.com/dradaianaferrazsc/

Será um prazer recebê-lo(a). Se preferir não receber outras mensagens, é só me avisar."
"0","patoBranco_PB","46","4699000668","Contato","","","","","","","","","","","patoBranco_PB_20261004.txt","","Olá! Tudo bem? Aqui é o Wesley, marido da Dra. Daiana Ferraz. Ela é nova em Pato Branco, e gostaríamos de apresentar o trabalho dela por aqui.

Se quiser conhecer melhor:
https://share.google/xcLbjrVJT5NDUfYWV
https://www.instagram.com/dradaianaferrazsc/

Será um prazer recebê-lo(a). Se preferir não receber outras mensagens, é só me avisar."
"0","patoBranco_PB","46","4699000858","Contato","","","","","","","","","","","patoBranco_PB_20261004.txt","","Olá! Tudo bem? Aqui é o Wesley, marido da Dra. Daiana Ferraz. Ela é nova em Pato Branco, e gostaríamos de apresentar o trabalho dela por aqui.

Se quiser conhecer melhor:
https://share.google/xcLbjrVJT5NDUfYWV
https://www.instagram.com/dradaianaferrazsc/

Será um prazer recebê-lo(a). Se preferir não receber outras mensagens, é só me avisar."
"0","patoBranco_PB","46","4699001472","Contato","","","","","","","","","","","patoBranco_PB_20261004.txt","","Olá! Tudo bem? Aqui é o Wesley, marido da Dra. Daiana Ferraz. Ela é nova em Pato Branco, e gostaríamos de apresentar o trabalho dela por aqui.

Se quiser conhecer melhor:
https://share.google/xcLbjrVJT5NDUfYWV
https://www.instagram.com/dradaianaferrazsc/

Será um prazer recebê-lo(a). Se preferir não receber outras mensagens, é só me avisar."
"0","patoBranco_PB","46","4699001532","Contato","","","","","","","","","","","patoBranco_PB_20261004.txt","","Olá! Tudo bem? Aqui é o Wesley, marido da Dra. Daiana Ferraz. Ela é nova em Pato Branco, e gostaríamos de apresentar o trabalho dela por aqui.

Se quiser conhecer melhor:
https://share.google/xcLbjrVJT5NDUfYWV
https://www.instagram.com/dradaianaferrazsc/

Será um prazer recebê-lo(a). Se preferir não receber outras mensagens, é só me avisar."
"0","patoBranco_PB","46","4699001584","Contato","","","","","","","","","","","patoBranco_PB_20261004.txt","","Olá! Tudo bem? Aqui é o Wesley, marido da Dra. Daiana Ferraz. Ela é nova em Pato Branco, e gostaríamos de apresentar o trabalho dela por aqui.

Se quiser conhecer melhor:
https://share.google/xcLbjrVJT5NDUfYWV
https://www.instagram.com/dradaianaferrazsc/

Será um prazer recebê-lo(a). Se preferir não receber outras mensagens, é só me avisar."
"0","patoBranco_PB","46","4699004213","Contato","","","","","","","","","","","patoBranco_PB_20261004.txt","","Olá! Tudo bem? Aqui é o Wesley, marido da Dra. Daiana Ferraz. Ela é nova em Pato Branco, e gostaríamos de apresentar o trabalho dela por aqui.

Se quiser conhecer melhor:
https://share.google/xcLbjrVJT5NDUfYWV
https://www.instagram.com/dradaianaferrazsc/

Será um prazer recebê-lo(a). Se preferir não receber outras mensagens, é só me avisar."
"0","patoBranco_PB","46","4699007067","Contato","","","","","","","","","","","patoBranco_PB_20261004.txt","","Olá! Tudo bem? Aqui é o Wesley, marido da Dra. Daiana Ferraz. Ela é nova em Pato Branco, e gostaríamos de apresentar o trabalho dela por aqui.

Se quiser conhecer melhor:
https://share.google/xcLbjrVJT5NDUfYWV
https://www.instagram.com/dradaianaferrazsc/

Será um prazer recebê-lo(a). Se preferir não receber outras mensagens, é só me avisar."
"0","patoBranco_PB","46","4699009162","Contato","","","","","","","","","","","patoBranco_PB_20261004.txt","","Olá! Tudo bem? Aqui é o Wesley, marido da Dra. Daiana Ferraz. Ela é nova em Pato Branco, e gostaríamos de apresentar o trabalho dela por aqui.

Se quiser conhecer melhor:
https://share.google/xcLbjrVJT5NDUfYWV
https://www.instagram.com/dradaianaferrazsc/

Será um prazer recebê-lo(a). Se preferir não receber outras mensagens, é só me avisar."
"0","patoBranco_PB","46","4699010062","Contato","","","","","","","","","","","patoBranco_PB_20261004.txt","","Olá! Tudo bem? Aqui é o Wesley, marido da Dra. Daiana Ferraz. Ela é nova em Pato Branco, e gostaríamos de apresentar o trabalho dela por aqui.

Se quiser conhecer melhor:
https://share.google/xcLbjrVJT5NDUfYWV
https://www.instagram.com/dradaianaferrazsc/

Será um prazer recebê-lo(a). Se preferir não receber outras mensagens, é só me avisar."
"0","patoBranco_PB","46","4699011696","Contato","","","","","","","","","","","patoBranco_PB_20261004.txt","","Olá! Tudo bem? Aqui é o Wesley, marido da Dra. Daiana Ferraz. Ela é nova em Pato Branco, e gostaríamos de apresentar o trabalho dela por aqui.

Se quiser conhecer melhor:
https://share.google/xcLbjrVJT5NDUfYWV
https://www.instagram.com/dradaianaferrazsc/

Será um prazer recebê-lo(a). Se preferir não receber outras mensagens, é só me avisar."
"0","patoBranco_PB","46","4699011818","Contato","","","","","","","","","","","patoBranco_PB_20261004.txt","","Olá! Tudo bem? Aqui é o Wesley, marido da Dra. Daiana Ferraz. Ela é nova em Pato Branco, e gostaríamos de apresentar o trabalho dela por aqui.

Se quiser conhecer melhor:
https://share.google/xcLbjrVJT5NDUfYWV
https://www.instagram.com/dradaianaferrazsc/

Será um prazer recebê-lo(a). Se preferir não receber outras mensagens, é só me avisar."
"0","patoBranco_PB","46","4699011944","Contato","","","","","","","","","","","patoBranco_PB_20261004.txt","","Olá! Tudo bem? Aqui é o Wesley, marido da Dra. Daiana Ferraz. Ela é nova em Pato Branco, e gostaríamos de apresentar o trabalho dela por aqui.

Se quiser conhecer melhor:
https://share.google/xcLbjrVJT5NDUfYWV
https://www.instagram.com/dradaianaferrazsc/

Será um prazer recebê-lo(a). Se preferir não receber outras mensagens, é só me avisar."
"0","patoBranco_PB","46","4699012169","Contato","","","","","","","","","","","patoBranco_PB_20261004.txt","","Olá! Tudo bem? Aqui é o Wesley, marido da Dra. Daiana Ferraz. Ela é nova em Pato Branco, e gostaríamos de apresentar o trabalho dela por aqui.

Se quiser conhecer melhor:
https://share.google/xcLbjrVJT5NDUfYWV
https://www.instagram.com/dradaianaferrazsc/

Será um prazer recebê-lo(a). Se preferir não receber outras mensagens, é só me avisar."
"0","patoBranco_PB","46","4699013535","Contato","","","","","","","","","","","patoBranco_PB_20261004.txt","","Olá! Tudo bem? Aqui é o Wesley, marido da Dra. Daiana Ferraz. Ela é nova em Pato Branco, e gostaríamos de apresentar o trabalho dela por aqui.

Se quiser conhecer melhor:
https://share.google/xcLbjrVJT5NDUfYWV
https://www.instagram.com/dradaianaferrazsc/

Será um prazer recebê-lo(a). Se preferir não receber outras mensagens, é só me avisar."
"0","patoBranco_PB","46","4699014754","Contato","","","","","","","","","","","patoBranco_PB_20261004.txt","","Olá! Tudo bem? Aqui é o Wesley, marido da Dra. Daiana Ferraz. Ela é nova em Pato Branco, e gostaríamos de apresentar o trabalho dela por aqui.

Se quiser conhecer melhor:
https://share.google/xcLbjrVJT5NDUfYWV
https://www.instagram.com/dradaianaferrazsc/

Será um prazer recebê-lo(a). Se preferir não receber outras mensagens, é só me avisar."
"0","patoBranco_PB","46","4699014900","Contato","","","","","","","","","","","patoBranco_PB_20261004.txt","","Olá! Tudo bem? Aqui é o Wesley, marido da Dra. Daiana Ferraz. Ela é nova em Pato Branco, e gostaríamos de apresentar o trabalho dela por aqui.

Se quiser conhecer melhor:
https://share.google/xcLbjrVJT5NDUfYWV
https://www.instagram.com/dradaianaferrazsc/

Será um prazer recebê-lo(a). Se preferir não receber outras mensagens, é só me avisar."
"0","patoBranco_PB","46","4699017654","Contato","","","","","","","","","","","patoBranco_PB_20261004.txt","","Olá! Tudo bem? Aqui é o Wesley, marido da Dra. Daiana Ferraz. Ela é nova em Pato Branco, e gostaríamos de apresentar o trabalho dela por aqui.

Se quiser conhecer melhor:
https://share.google/xcLbjrVJT5NDUfYWV
https://www.instagram.com/dradaianaferrazsc/

Será um prazer recebê-lo(a). Se preferir não receber outras mensagens, é só me avisar."
"0","patoBranco_PB","46","4699019282","Contato","","","","","","","","","","","patoBranco_PB_20261004.txt","","Olá! Tudo bem? Aqui é o Wesley, marido da Dra. Daiana Ferraz. Ela é nova em Pato Branco, e gostaríamos de apresentar o trabalho dela por aqui.

Se quiser conhecer melhor:
https://share.google/xcLbjrVJT5NDUfYWV
https://www.instagram.com/dradaianaferrazsc/

Será um prazer recebê-lo(a). Se preferir não receber outras mensagens, é só me avisar."
"0","patoBranco_PB","46","4699019457","Contato","","","","","","","","","","","patoBranco_PB_20261004.txt","","Olá! Tudo bem? Aqui é o Wesley, marido da Dra. Daiana Ferraz. Ela é nova em Pato Branco, e gostaríamos de apresentar o trabalho dela por aqui.

Se quiser conhecer melhor:
https://share.google/xcLbjrVJT5NDUfYWV
https://www.instagram.com/dradaianaferrazsc/

Será um prazer recebê-lo(a). Se preferir não receber outras mensagens, é só me avisar."
"0","patoBranco_PB","46","4699019841","Contato","","","","","","","","","","","patoBranco_PB_20261004.txt","","Olá! Tudo bem? Aqui é o Wesley, marido da Dra. Daiana Ferraz. Ela é nova em Pato Branco, e gostaríamos de apresentar o trabalho dela por aqui.

Se quiser conhecer melhor:
https://share.google/xcLbjrVJT5NDUfYWV
https://www.instagram.com/dradaianaferrazsc/

Será um prazer recebê-lo(a). Se preferir não receber outras mensagens, é só me avisar."
"0","patoBranco_PB","46","4699020666","Contato","","","","","","","","","","","patoBranco_PB_20261004.txt","","Olá! Tudo bem? Aqui é o Wesley, marido da Dra. Daiana Ferraz. Ela é nova em Pato Branco, e gostaríamos de apresentar o trabalho dela por aqui.

Se quiser conhecer melhor:
https://share.google/xcLbjrVJT5NDUfYWV
https://www.instagram.com/dradaianaferrazsc/

Será um prazer recebê-lo(a). Se preferir não receber outras mensagens, é só me avisar."
"0","patoBranco_PB","46","4699021202","Contato","","","","","","","","","","","patoBranco_PB_20261004.txt","","Olá! Tudo bem? Aqui é o Wesley, marido da Dra. Daiana Ferraz. Ela é nova em Pato Branco, e gostaríamos de apresentar o trabalho dela por aqui.

Se quiser conhecer melhor:
https://share.google/xcLbjrVJT5NDUfYWV
https://www.instagram.com/dradaianaferrazsc/

Será um prazer recebê-lo(a). Se preferir não receber outras mensagens, é só me avisar."
"0","patoBranco_PB","46","4699022263","Contato","","","","","","","","","","","patoBranco_PB_20261004.txt","","Olá! Tudo bem? Aqui é o Wesley, marido da Dra. Daiana Ferraz. Ela é nova em Pato Branco, e gostaríamos de apresentar o trabalho dela por aqui.

Se quiser conhecer melhor:
https://share.google/xcLbjrVJT5NDUfYWV
https://www.instagram.com/dradaianaferrazsc/

Será um prazer recebê-lo(a). Se preferir não receber outras mensagens, é só me avisar."
"0","patoBranco_PB","46","4699024064","Contato","","","","","","","","","","","patoBranco_PB_20261004.txt","","Olá! Tudo bem? Aqui é o Wesley, marido da Dra. Daiana Ferraz. Ela é nova em Pato Branco, e gostaríamos de apresentar o trabalho dela por aqui.

Se quiser conhecer melhor:
https://share.google/xcLbjrVJT5NDUfYWV
https://www.instagram.com/dradaianaferrazsc/

Será um prazer recebê-lo(a). Se preferir não receber outras mensagens, é só me avisar."
"0","patoBranco_PB","46","4699024893","Contato","","","","","","","","","","","patoBranco_PB_20261004.txt","","Olá! Tudo bem? Aqui é o Wesley, marido da Dra. Daiana Ferraz. Ela é nova em Pato Branco, e gostaríamos de apresentar o trabalho dela por aqui.

Se quiser conhecer melhor:
https://share.google/xcLbjrVJT5NDUfYWV
https://www.instagram.com/dradaianaferrazsc/

Será um prazer recebê-lo(a). Se preferir não receber outras mensagens, é só me avisar."
"0","patoBranco_PB","46","4699027036","Contato","","","","","","","","","","","patoBranco_PB_20261004.txt","","Olá! Tudo bem? Aqui é o Wesley, marido da Dra. Daiana Ferraz. Ela é nova em Pato Branco, e gostaríamos de apresentar o trabalho dela por aqui.

Se quiser conhecer melhor:
https://share.google/xcLbjrVJT5NDUfYWV
https://www.instagram.com/dradaianaferrazsc/

Será um prazer recebê-lo(a). Se preferir não receber outras mensagens, é só me avisar."
"0","patoBranco_PB","46","4699027860","Contato","","","","","","","","","","","patoBranco_PB_20261004.txt","","Olá! Tudo bem? Aqui é o Wesley, marido da Dra. Daiana Ferraz. Ela é nova em Pato Branco, e gostaríamos de apresentar o trabalho dela por aqui.

Se quiser conhecer melhor:
https://share.google/xcLbjrVJT5NDUfYWV
https://www.instagram.com/dradaianaferrazsc/

Será um prazer recebê-lo(a). Se preferir não receber outras mensagens, é só me avisar."
"0","patoBranco_PB","46","4699028921","Contato","","","","","","","","","","","patoBranco_PB_20261004.txt","","Olá! Tudo bem? Aqui é o Wesley, marido da Dra. Daiana Ferraz. Ela é nova em Pato Branco, e gostaríamos de apresentar o trabalho dela por aqui.

Se quiser conhecer melhor:
https://share.google/xcLbjrVJT5NDUfYWV
https://www.instagram.com/dradaianaferrazsc/

Será um prazer recebê-lo(a). Se preferir não receber outras mensagens, é só me avisar."
"0","patoBranco_PB","46","4699031433","Contato","","","","","","","","","","","patoBranco_PB_20261004.txt","","Olá! Tudo bem? Aqui é o Wesley, marido da Dra. Daiana Ferraz. Ela é nova em Pato Branco, e gostaríamos de apresentar o trabalho dela por aqui.

Se quiser conhecer melhor:
https://share.google/xcLbjrVJT5NDUfYWV
https://www.instagram.com/dradaianaferrazsc/

Será um prazer recebê-lo(a). Se preferir não receber outras mensagens, é só me avisar."
"0","patoBranco_PB","46","4699032204","Contato","","","","","","","","","","","patoBranco_PB_20261004.txt","","Olá! Tudo bem? Aqui é o Wesley, marido da Dra. Daiana Ferraz. Ela é nova em Pato Branco, e gostaríamos de apresentar o trabalho dela por aqui.

Se quiser conhecer melhor:
https://share.google/xcLbjrVJT5NDUfYWV
https://www.instagram.com/dradaianaferrazsc/

Será um prazer recebê-lo(a). Se preferir não receber outras mensagens, é só me avisar."
"0","patoBranco_PB","46","4699032968","Contato","","","","","","","","","","","patoBranco_PB_20261004.txt","","Olá! Tudo bem? Aqui é o Wesley, marido da Dra. Daiana Ferraz. Ela é nova em Pato Branco, e gostaríamos de apresentar o trabalho dela por aqui.

Se quiser conhecer melhor:
https://share.google/xcLbjrVJT5NDUfYWV
https://www.instagram.com/dradaianaferrazsc/

Será um prazer recebê-lo(a). Se preferir não receber outras mensagens, é só me avisar."
"0","patoBranco_PB","46","4699033462","Contato","","","","","","","","","","","patoBranco_PB_20261004.txt","","Olá! Tudo bem? Aqui é o Wesley, marido da Dra. Daiana Ferraz. Ela é nova em Pato Branco, e gostaríamos de apresentar o trabalho dela por aqui.

Se quiser conhecer melhor:
https://share.google/xcLbjrVJT5NDUfYWV
https://www.instagram.com/dradaianaferrazsc/

Será um prazer recebê-lo(a). Se preferir não receber outras mensagens, é só me avisar."
"0","patoBranco_PB","46","4699035479","Contato","","","","","","","","","","","patoBranco_PB_20261004.txt","","Olá! Tudo bem? Aqui é o Wesley, marido da Dra. Daiana Ferraz. Ela é nova em Pato Branco, e gostaríamos de apresentar o trabalho dela por aqui.

Se quiser conhecer melhor:
https://share.google/xcLbjrVJT5NDUfYWV
https://www.instagram.com/dradaianaferrazsc/

Será um prazer recebê-lo(a). Se preferir não receber outras mensagens, é só me avisar."
"0","patoBranco_PB","46","4699037962","Contato","","","","","","","","","","","patoBranco_PB_20261004.txt","","Olá! Tudo bem? Aqui é o Wesley, marido da Dra. Daiana Ferraz. Ela é nova em Pato Branco, e gostaríamos de apresentar o trabalho dela por aqui.

Se quiser conhecer melhor:
https://share.google/xcLbjrVJT5NDUfYWV
https://www.instagram.com/dradaianaferrazsc/

Será um prazer recebê-lo(a). Se preferir não receber outras mensagens, é só me avisar."
"0","patoBranco_PB","46","4699039412","Contato","","","","","","","","","","","patoBranco_PB_20261004.txt","","Olá! Tudo bem? Aqui é o Wesley, marido da Dra. Daiana Ferraz. Ela é nova em Pato Branco, e gostaríamos de apresentar o trabalho dela por aqui.

Se quiser conhecer melhor:
https://share.google/xcLbjrVJT5NDUfYWV
https://www.instagram.com/dradaianaferrazsc/

Será um prazer recebê-lo(a). Se preferir não receber outras mensagens, é só me avisar."
"0","patoBranco_PB","46","4699039874","Contato","","","","","","","","","","","patoBranco_PB_20261004.txt","","Olá! Tudo bem? Aqui é o Wesley, marido da Dra. Daiana Ferraz. Ela é nova em Pato Branco, e gostaríamos de apresentar o trabalho dela por aqui.

Se quiser conhecer melhor:
https://share.google/xcLbjrVJT5NDUfYWV
https://www.instagram.com/dradaianaferrazsc/

Será um prazer recebê-lo(a). Se preferir não receber outras mensagens, é só me avisar."
"0","patoBranco_PB","46","4699040032","Contato","","","","","","","","","","","patoBranco_PB_20261004.txt","","Olá! Tudo bem? Aqui é o Wesley, marido da Dra. Daiana Ferraz. Ela é nova em Pato Branco, e gostaríamos de apresentar o trabalho dela por aqui.

Se quiser conhecer melhor:
https://share.google/xcLbjrVJT5NDUfYWV
https://www.instagram.com/dradaianaferrazsc/

Será um prazer recebê-lo(a). Se preferir não receber outras mensagens, é só me avisar."
"0","patoBranco_PB","46","4699040800","Contato","","","","","","","","","","","patoBranco_PB_20261004.txt","","Olá! Tudo bem? Aqui é o Wesley, marido da Dra. Daiana Ferraz. Ela é nova em Pato Branco, e gostaríamos de apresentar o trabalho dela por aqui.

Se quiser conhecer melhor:
https://share.google/xcLbjrVJT5NDUfYWV
https://www.instagram.com/dradaianaferrazsc/

Será um prazer recebê-lo(a). Se preferir não receber outras mensagens, é só me avisar."
"0","patoBranco_PB","46","4699041791","Contato","","","","","","","","","","","patoBranco_PB_20261004.txt","","Olá! Tudo bem? Aqui é o Wesley, marido da Dra. Daiana Ferraz. Ela é nova em Pato Branco, e gostaríamos de apresentar o trabalho dela por aqui.

Se quiser conhecer melhor:
https://share.google/xcLbjrVJT5NDUfYWV
https://www.instagram.com/dradaianaferrazsc/

Será um prazer recebê-lo(a). Se preferir não receber outras mensagens, é só me avisar."
"0","patoBranco_PB","46","4699041966","Contato","","","","","","","","","","","patoBranco_PB_20261004.txt","","Olá! Tudo bem? Aqui é o Wesley, marido da Dra. Daiana Ferraz. Ela é nova em Pato Branco, e gostaríamos de apresentar o trabalho dela por aqui.

Se quiser conhecer melhor:
https://share.google/xcLbjrVJT5NDUfYWV
https://www.instagram.com/dradaianaferrazsc/

Será um prazer recebê-lo(a). Se preferir não receber outras mensagens, é só me avisar."
"0","patoBranco_PB","46","4699042017","Contato","","","","","","","","","","","patoBranco_PB_20261004.txt","","Olá! Tudo bem? Aqui é o Wesley, marido da Dra. Daiana Ferraz. Ela é nova em Pato Branco, e gostaríamos de apresentar o trabalho dela por aqui.

Se quiser conhecer melhor:
https://share.google/xcLbjrVJT5NDUfYWV
https://www.instagram.com/dradaianaferrazsc/

Será um prazer recebê-lo(a). Se preferir não receber outras mensagens, é só me avisar."
"0","patoBranco_PB","46","4699042442","Contato","","","","","","","","","","","patoBranco_PB_20261004.txt","","Olá! Tudo bem? Aqui é o Wesley, marido da Dra. Daiana Ferraz. Ela é nova em Pato Branco, e gostaríamos de apresentar o trabalho dela por aqui.

Se quiser conhecer melhor:
https://share.google/xcLbjrVJT5NDUfYWV
https://www.instagram.com/dradaianaferrazsc/

Será um prazer recebê-lo(a). Se preferir não receber outras mensagens, é só me avisar."
"0","patoBranco_PB","46","4699042717","Contato","","","","","","","","","","","patoBranco_PB_20261004.txt","","Olá! Tudo bem? Aqui é o Wesley, marido da Dra. Daiana Ferraz. Ela é nova em Pato Branco, e gostaríamos de apresentar o trabalho dela por aqui.

Se quiser conhecer melhor:
https://share.google/xcLbjrVJT5NDUfYWV
https://www.instagram.com/dradaianaferrazsc/

Será um prazer recebê-lo(a). Se preferir não receber outras mensagens, é só me avisar."
"0","patoBranco_PB","46","4699043460","Contato","","","","","","","","","","","patoBranco_PB_20261004.txt","","Olá! Tudo bem? Aqui é o Wesley, marido da Dra. Daiana Ferraz. Ela é nova em Pato Branco, e gostaríamos de apresentar o trabalho dela por aqui.

Se quiser conhecer melhor:
https://share.google/xcLbjrVJT5NDUfYWV
https://www.instagram.com/dradaianaferrazsc/

Será um prazer recebê-lo(a). Se preferir não receber outras mensagens, é só me avisar."
"0","patoBranco_PB","46","4699044014","Contato","","","","","","","","","","","patoBranco_PB_20261004.txt","","Olá! Tudo bem? Aqui é o Wesley, marido da Dra. Daiana Ferraz. Ela é nova em Pato Branco, e gostaríamos de apresentar o trabalho dela por aqui.

Se quiser conhecer melhor:
https://share.google/xcLbjrVJT5NDUfYWV
https://www.instagram.com/dradaianaferrazsc/

Será um prazer recebê-lo(a). Se preferir não receber outras mensagens, é só me avisar."
"0","patoBranco_PB","46","4699044488","Contato","","","","","","","","","","","patoBranco_PB_20261004.txt","","Olá! Tudo bem? Aqui é o Wesley, marido da Dra. Daiana Ferraz. Ela é nova em Pato Branco, e gostaríamos de apresentar o trabalho dela por aqui.

Se quiser conhecer melhor:
https://share.google/xcLbjrVJT5NDUfYWV
https://www.instagram.com/dradaianaferrazsc/

Será um prazer recebê-lo(a). Se preferir não receber outras mensagens, é só me avisar."
"0","patoBranco_PB","46","4699044730","Contato","","","","","","","","","","","patoBranco_PB_20261004.txt","","Olá! Tudo bem? Aqui é o Wesley, marido da Dra. Daiana Ferraz. Ela é nova em Pato Branco, e gostaríamos de apresentar o trabalho dela por aqui.

Se quiser conhecer melhor:
https://share.google/xcLbjrVJT5NDUfYWV
https://www.instagram.com/dradaianaferrazsc/

Será um prazer recebê-lo(a). Se preferir não receber outras mensagens, é só me avisar."
"0","patoBranco_PB","46","4699045274","Contato","","","","","","","","","","","patoBranco_PB_20261004.txt","","Olá! Tudo bem? Aqui é o Wesley, marido da Dra. Daiana Ferraz. Ela é nova em Pato Branco, e gostaríamos de apresentar o trabalho dela por aqui.

Se quiser conhecer melhor:
https://share.google/xcLbjrVJT5NDUfYWV
https://www.instagram.com/dradaianaferrazsc/

Será um prazer recebê-lo(a). Se preferir não receber outras mensagens, é só me avisar."
"0","patoBranco_PB","46","4699046484","Contato","","","","","","","","","","","patoBranco_PB_20261004.txt","","Olá! Tudo bem? Aqui é o Wesley, marido da Dra. Daiana Ferraz. Ela é nova em Pato Branco, e gostaríamos de apresentar o trabalho dela por aqui.

Se quiser conhecer melhor:
https://share.google/xcLbjrVJT5NDUfYWV
https://www.instagram.com/dradaianaferrazsc/

Será um prazer recebê-lo(a). Se preferir não receber outras mensagens, é só me avisar."
"0","patoBranco_PB","46","4699047239","Contato","","","","","","","","","","","patoBranco_PB_20261004.txt","","Olá! Tudo bem? Aqui é o Wesley, marido da Dra. Daiana Ferraz. Ela é nova em Pato Branco, e gostaríamos de apresentar o trabalho dela por aqui.

Se quiser conhecer melhor:
https://share.google/xcLbjrVJT5NDUfYWV
https://www.instagram.com/dradaianaferrazsc/

Será um prazer recebê-lo(a). Se preferir não receber outras mensagens, é só me avisar."
"0","patoBranco_PB","46","4699048213","Contato","","","","","","","","","","","patoBranco_PB_20261004.txt","","Olá! Tudo bem? Aqui é o Wesley, marido da Dra. Daiana Ferraz. Ela é nova em Pato Branco, e gostaríamos de apresentar o trabalho dela por aqui.

Se quiser conhecer melhor:
https://share.google/xcLbjrVJT5NDUfYWV
https://www.instagram.com/dradaianaferrazsc/

Será um prazer recebê-lo(a). Se preferir não receber outras mensagens, é só me avisar."
"0","patoBranco_PB","46","4699049168","Contato","","","","","","","","","","","patoBranco_PB_20261004.txt","","Olá! Tudo bem? Aqui é o Wesley, marido da Dra. Daiana Ferraz. Ela é nova em Pato Branco, e gostaríamos de apresentar o trabalho dela por aqui.

Se quiser conhecer melhor:
https://share.google/xcLbjrVJT5NDUfYWV
https://www.instagram.com/dradaianaferrazsc/

Será um prazer recebê-lo(a). Se preferir não receber outras mensagens, é só me avisar."
"0","patoBranco_PB","46","4699050092","Contato","","","","","","","","","","","patoBranco_PB_20261004.txt","","Olá! Tudo bem? Aqui é o Wesley, marido da Dra. Daiana Ferraz. Ela é nova em Pato Branco, e gostaríamos de apresentar o trabalho dela por aqui.

Se quiser conhecer melhor:
https://share.google/xcLbjrVJT5NDUfYWV
https://www.instagram.com/dradaianaferrazsc/

Será um prazer recebê-lo(a). Se preferir não receber outras mensagens, é só me avisar."
"0","patoBranco_PB","46","4699051526","Contato","","","","","","","","","","","patoBranco_PB_20261004.txt","","Olá! Tudo bem? Aqui é o Wesley, marido da Dra. Daiana Ferraz. Ela é nova em Pato Branco, e gostaríamos de apresentar o trabalho dela por aqui.

Se quiser conhecer melhor:
https://share.google/xcLbjrVJT5NDUfYWV
https://www.instagram.com/dradaianaferrazsc/

Será um prazer recebê-lo(a). Se preferir não receber outras mensagens, é só me avisar."
"0","patoBranco_PB","46","4699052100","Contato","","","","","","","","","","","patoBranco_PB_20261004.txt","","Olá! Tudo bem? Aqui é o Wesley, marido da Dra. Daiana Ferraz. Ela é nova em Pato Branco, e gostaríamos de apresentar o trabalho dela por aqui.

Se quiser conhecer melhor:
https://share.google/xcLbjrVJT5NDUfYWV
https://www.instagram.com/dradaianaferrazsc/

Será um prazer recebê-lo(a). Se preferir não receber outras mensagens, é só me avisar."
"0","patoBranco_PB","46","4699054338","Contato","","","","","","","","","","","patoBranco_PB_20261004.txt","","Olá! Tudo bem? Aqui é o Wesley, marido da Dra. Daiana Ferraz. Ela é nova em Pato Branco, e gostaríamos de apresentar o trabalho dela por aqui.

Se quiser conhecer melhor:
https://share.google/xcLbjrVJT5NDUfYWV
https://www.instagram.com/dradaianaferrazsc/

Será um prazer recebê-lo(a). Se preferir não receber outras mensagens, é só me avisar."
"0","patoBranco_PB","46","4699055254","Contato","","","","","","","","","","","patoBranco_PB_20261004.txt","","Olá! Tudo bem? Aqui é o Wesley, marido da Dra. Daiana Ferraz. Ela é nova em Pato Branco, e gostaríamos de apresentar o trabalho dela por aqui.

Se quiser conhecer melhor:
https://share.google/xcLbjrVJT5NDUfYWV
https://www.instagram.com/dradaianaferrazsc/

Será um prazer recebê-lo(a). Se preferir não receber outras mensagens, é só me avisar."
"0","patoBranco_PB","46","4699056088","Contato","","","","","","","","","","","patoBranco_PB_20261004.txt","","Olá! Tudo bem? Aqui é o Wesley, marido da Dra. Daiana Ferraz. Ela é nova em Pato Branco, e gostaríamos de apresentar o trabalho dela por aqui.

Se quiser conhecer melhor:
https://share.google/xcLbjrVJT5NDUfYWV
https://www.instagram.com/dradaianaferrazsc/

Será um prazer recebê-lo(a). Se preferir não receber outras mensagens, é só me avisar."
"0","patoBranco_PB","46","4699056789","Contato","","","","","","","","","","","patoBranco_PB_20261004.txt","","Olá! Tudo bem? Aqui é o Wesley, marido da Dra. Daiana Ferraz. Ela é nova em Pato Branco, e gostaríamos de apresentar o trabalho dela por aqui.

Se quiser conhecer melhor:
https://share.google/xcLbjrVJT5NDUfYWV
https://www.instagram.com/dradaianaferrazsc/

Será um prazer recebê-lo(a). Se preferir não receber outras mensagens, é só me avisar."
"0","patoBranco_PB","46","4699058489","Contato","","","","","","","","","","","patoBranco_PB_20261004.txt","","Olá! Tudo bem? Aqui é o Wesley, marido da Dra. Daiana Ferraz. Ela é nova em Pato Branco, e gostaríamos de apresentar o trabalho dela por aqui.

Se quiser conhecer melhor:
https://share.google/xcLbjrVJT5NDUfYWV
https://www.instagram.com/dradaianaferrazsc/

Será um prazer recebê-lo(a). Se preferir não receber outras mensagens, é só me avisar."
"0","patoBranco_PB","46","4699063050","Contato","","","","","","","","","","","patoBranco_PB_20261004.txt","","Olá! Tudo bem? Aqui é o Wesley, marido da Dra. Daiana Ferraz. Ela é nova em Pato Branco, e gostaríamos de apresentar o trabalho dela por aqui.

Se quiser conhecer melhor:
https://share.google/xcLbjrVJT5NDUfYWV
https://www.instagram.com/dradaianaferrazsc/

Será um prazer recebê-lo(a). Se preferir não receber outras mensagens, é só me avisar."
"0","patoBranco_PB","46","4699064210","Contato","","","","","","","","","","","patoBranco_PB_20261004.txt","","Olá! Tudo bem? Aqui é o Wesley, marido da Dra. Daiana Ferraz. Ela é nova em Pato Branco, e gostaríamos de apresentar o trabalho dela por aqui.

Se quiser conhecer melhor:
https://share.google/xcLbjrVJT5NDUfYWV
https://www.instagram.com/dradaianaferrazsc/

Será um prazer recebê-lo(a). Se preferir não receber outras mensagens, é só me avisar."
"0","patoBranco_PB","46","4699065462","Contato","","","","","","","","","","","patoBranco_PB_20261004.txt","","Olá! Tudo bem? Aqui é o Wesley, marido da Dra. Daiana Ferraz. Ela é nova em Pato Branco, e gostaríamos de apresentar o trabalho dela por aqui.

Se quiser conhecer melhor:
https://share.google/xcLbjrVJT5NDUfYWV
https://www.instagram.com/dradaianaferrazsc/

Será um prazer recebê-lo(a). Se preferir não receber outras mensagens, é só me avisar."
"0","patoBranco_PB","46","4699066215","Contato","","","","","","","","","","","patoBranco_PB_20261004.txt","","Olá! Tudo bem? Aqui é o Wesley, marido da Dra. Daiana Ferraz. Ela é nova em Pato Branco, e gostaríamos de apresentar o trabalho dela por aqui.

Se quiser conhecer melhor:
https://share.google/xcLbjrVJT5NDUfYWV
https://www.instagram.com/dradaianaferrazsc/

Será um prazer recebê-lo(a). Se preferir não receber outras mensagens, é só me avisar."
"0","patoBranco_PB","46","4699067470","Contato","","","","","","","","","","","patoBranco_PB_20261004.txt","","Olá! Tudo bem? Aqui é o Wesley, marido da Dra. Daiana Ferraz. Ela é nova em Pato Branco, e gostaríamos de apresentar o trabalho dela por aqui.

Se quiser conhecer melhor:
https://share.google/xcLbjrVJT5NDUfYWV
https://www.instagram.com/dradaianaferrazsc/

Será um prazer recebê-lo(a). Se preferir não receber outras mensagens, é só me avisar."
"0","patoBranco_PB","46","4699067543","Contato","","","","","","","","","","","patoBranco_PB_20261004.txt","","Olá! Tudo bem? Aqui é o Wesley, marido da Dra. Daiana Ferraz. Ela é nova em Pato Branco, e gostaríamos de apresentar o trabalho dela por aqui.

Se quiser conhecer melhor:
https://share.google/xcLbjrVJT5NDUfYWV
https://www.instagram.com/dradaianaferrazsc/

Será um prazer recebê-lo(a). Se preferir não receber outras mensagens, é só me avisar."
"0","patoBranco_PB","46","4699069054","Contato","","","","","","","","","","","patoBranco_PB_20261004.txt","","Olá! Tudo bem? Aqui é o Wesley, marido da Dra. Daiana Ferraz. Ela é nova em Pato Branco, e gostaríamos de apresentar o trabalho dela por aqui.

Se quiser conhecer melhor:
https://share.google/xcLbjrVJT5NDUfYWV
https://www.instagram.com/dradaianaferrazsc/

Será um prazer recebê-lo(a). Se preferir não receber outras mensagens, é só me avisar."
"0","patoBranco_PB","46","4699073595","Contato","","","","","","","","","","","patoBranco_PB_20261004.txt","","Olá! Tudo bem? Aqui é o Wesley, marido da Dra. Daiana Ferraz. Ela é nova em Pato Branco, e gostaríamos de apresentar o trabalho dela por aqui.

Se quiser conhecer melhor:
https://share.google/xcLbjrVJT5NDUfYWV
https://www.instagram.com/dradaianaferrazsc/

Será um prazer recebê-lo(a). Se preferir não receber outras mensagens, é só me avisar."
"0","patoBranco_PB","46","4699074809","Contato","","","","","","","","","","","patoBranco_PB_20261004.txt","","Olá! Tudo bem? Aqui é o Wesley, marido da Dra. Daiana Ferraz. Ela é nova em Pato Branco, e gostaríamos de apresentar o trabalho dela por aqui.

Se quiser conhecer melhor:
https://share.google/xcLbjrVJT5NDUfYWV
https://www.instagram.com/dradaianaferrazsc/

Será um prazer recebê-lo(a). Se preferir não receber outras mensagens, é só me avisar."
"0","patoBranco_PB","46","4699075568","Contato","","","","","","","","","","","patoBranco_PB_20261004.txt","","Olá! Tudo bem? Aqui é o Wesley, marido da Dra. Daiana Ferraz. Ela é nova em Pato Branco, e gostaríamos de apresentar o trabalho dela por aqui.

Se quiser conhecer melhor:
https://share.google/xcLbjrVJT5NDUfYWV
https://www.instagram.com/dradaianaferrazsc/

Será um prazer recebê-lo(a). Se preferir não receber outras mensagens, é só me avisar."
"0","patoBranco_PB","46","4699075668","Contato","","","","","","","","","","","patoBranco_PB_20261004.txt","","Olá! Tudo bem? Aqui é o Wesley, marido da Dra. Daiana Ferraz. Ela é nova em Pato Branco, e gostaríamos de apresentar o trabalho dela por aqui.

Se quiser conhecer melhor:
https://share.google/xcLbjrVJT5NDUfYWV
https://www.instagram.com/dradaianaferrazsc/

Será um prazer recebê-lo(a). Se preferir não receber outras mensagens, é só me avisar."
"0","patoBranco_PB","46","4699077923","Contato","","","","","","","","","","","patoBranco_PB_20261004.txt","","Olá! Tudo bem? Aqui é o Wesley, marido da Dra. Daiana Ferraz. Ela é nova em Pato Branco, e gostaríamos de apresentar o trabalho dela por aqui.

Se quiser conhecer melhor:
https://share.google/xcLbjrVJT5NDUfYWV
https://www.instagram.com/dradaianaferrazsc/

Será um prazer recebê-lo(a). Se preferir não receber outras mensagens, é só me avisar."
"0","patoBranco_PB","46","4699078874","Contato","","","","","","","","","","","patoBranco_PB_20261004.txt","","Olá! Tudo bem? Aqui é o Wesley, marido da Dra. Daiana Ferraz. Ela é nova em Pato Branco, e gostaríamos de apresentar o trabalho dela por aqui.

Se quiser conhecer melhor:
https://share.google/xcLbjrVJT5NDUfYWV
https://www.instagram.com/dradaianaferrazsc/

Será um prazer recebê-lo(a). Se preferir não receber outras mensagens, é só me avisar."
"0","patoBranco_PB","46","4699079388","Contato","","","","","","","","","","","patoBranco_PB_20261004.txt","","Olá! Tudo bem? Aqui é o Wesley, marido da Dra. Daiana Ferraz. Ela é nova em Pato Branco, e gostaríamos de apresentar o trabalho dela por aqui.

Se quiser conhecer melhor:
https://share.google/xcLbjrVJT5NDUfYWV
https://www.instagram.com/dradaianaferrazsc/

Será um prazer recebê-lo(a). Se preferir não receber outras mensagens, é só me avisar."
"0","patoBranco_PB","46","4699079717","Contato","","","","","","","","","","","patoBranco_PB_20261004.txt","","Olá! Tudo bem? Aqui é o Wesley, marido da Dra. Daiana Ferraz. Ela é nova em Pato Branco, e gostaríamos de apresentar o trabalho dela por aqui.

Se quiser conhecer melhor:
https://share.google/xcLbjrVJT5NDUfYWV
https://www.instagram.com/dradaianaferrazsc/

Será um prazer recebê-lo(a). Se preferir não receber outras mensagens, é só me avisar."
"0","patoBranco_PB","46","4699082305","Contato","","","","","","","","","","","patoBranco_PB_20261004.txt","","Olá! Tudo bem? Aqui é o Wesley, marido da Dra. Daiana Ferraz. Ela é nova em Pato Branco, e gostaríamos de apresentar o trabalho dela por aqui.

Se quiser conhecer melhor:
https://share.google/xcLbjrVJT5NDUfYWV
https://www.instagram.com/dradaianaferrazsc/

Será um prazer recebê-lo(a). Se preferir não receber outras mensagens, é só me avisar."
"0","patoBranco_PB","46","4699082804","Contato","","","","","","","","","","","patoBranco_PB_20261004.txt","","Olá! Tudo bem? Aqui é o Wesley, marido da Dra. Daiana Ferraz. Ela é nova em Pato Branco, e gostaríamos de apresentar o trabalho dela por aqui.

Se quiser conhecer melhor:
https://share.google/xcLbjrVJT5NDUfYWV
https://www.instagram.com/dradaianaferrazsc/

Será um prazer recebê-lo(a). Se preferir não receber outras mensagens, é só me avisar."
"0","patoBranco_PB","46","4699082918","Contato","","","","","","","","","","","patoBranco_PB_20261004.txt","","Olá! Tudo bem? Aqui é o Wesley, marido da Dra. Daiana Ferraz. Ela é nova em Pato Branco, e gostaríamos de apresentar o trabalho dela por aqui.

Se quiser conhecer melhor:
https://share.google/xcLbjrVJT5NDUfYWV
https://www.instagram.com/dradaianaferrazsc/

Será um prazer recebê-lo(a). Se preferir não receber outras mensagens, é só me avisar."
"0","patoBranco_PB","46","4699083035","Contato","","","","","","","","","","","patoBranco_PB_20261004.txt","","Olá! Tudo bem? Aqui é o Wesley, marido da Dra. Daiana Ferraz. Ela é nova em Pato Branco, e gostaríamos de apresentar o trabalho dela por aqui.

Se quiser conhecer melhor:
https://share.google/xcLbjrVJT5NDUfYWV
https://www.instagram.com/dradaianaferrazsc/

Será um prazer recebê-lo(a). Se preferir não receber outras mensagens, é só me avisar."
"0","patoBranco_PB","46","4699086920","Contato","","","","","","","","","","","patoBranco_PB_20261004.txt","","Olá! Tudo bem? Aqui é o Wesley, marido da Dra. Daiana Ferraz. Ela é nova em Pato Branco, e gostaríamos de apresentar o trabalho dela por aqui.

Se quiser conhecer melhor:
https://share.google/xcLbjrVJT5NDUfYWV
https://www.instagram.com/dradaianaferrazsc/

Será um prazer recebê-lo(a). Se preferir não receber outras mensagens, é só me avisar."
"0","patoBranco_PB","46","4699087047","Contato","","","","","","","","","","","patoBranco_PB_20261004.txt","","Olá! Tudo bem? Aqui é o Wesley, marido da Dra. Daiana Ferraz. Ela é nova em Pato Branco, e gostaríamos de apresentar o trabalho dela por aqui.

Se quiser conhecer melhor:
https://share.google/xcLbjrVJT5NDUfYWV
https://www.instagram.com/dradaianaferrazsc/

Será um prazer recebê-lo(a). Se preferir não receber outras mensagens, é só me avisar."
"0","patoBranco_PB","46","4699088966","Contato","","","","","","","","","","","patoBranco_PB_20261004.txt","","Olá! Tudo bem? Aqui é o Wesley, marido da Dra. Daiana Ferraz. Ela é nova em Pato Branco, e gostaríamos de apresentar o trabalho dela por aqui.

Se quiser conhecer melhor:
https://share.google/xcLbjrVJT5NDUfYWV
https://www.instagram.com/dradaianaferrazsc/

Será um prazer recebê-lo(a). Se preferir não receber outras mensagens, é só me avisar."
"0","patoBranco_PB","46","4699092129","Contato","","","","","","","","","","","patoBranco_PB_20261004.txt","","Olá! Tudo bem? Aqui é o Wesley, marido da Dra. Daiana Ferraz. Ela é nova em Pato Branco, e gostaríamos de apresentar o trabalho dela por aqui.

Se quiser conhecer melhor:
https://share.google/xcLbjrVJT5NDUfYWV
https://www.instagram.com/dradaianaferrazsc/

Será um prazer recebê-lo(a). Se preferir não receber outras mensagens, é só me avisar."
"0","patoBranco_PB","46","4699094938","Contato","","","","","","","","","","","patoBranco_PB_20261004.txt","","Olá! Tudo bem? Aqui é o Wesley, marido da Dra. Daiana Ferraz. Ela é nova em Pato Branco, e gostaríamos de apresentar o trabalho dela por aqui.

Se quiser conhecer melhor:
https://share.google/xcLbjrVJT5NDUfYWV
https://www.instagram.com/dradaianaferrazsc/

Será um prazer recebê-lo(a). Se preferir não receber outras mensagens, é só me avisar."
"0","patoBranco_PB","46","4699095959","Contato","","","","","","","","","","","patoBranco_PB_20261004.txt","","Olá! Tudo bem? Aqui é o Wesley, marido da Dra. Daiana Ferraz. Ela é nova em Pato Branco, e gostaríamos de apresentar o trabalho dela por aqui.

Se quiser conhecer melhor:
https://share.google/xcLbjrVJT5NDUfYWV
https://www.instagram.com/dradaianaferrazsc/

Será um prazer recebê-lo(a). Se preferir não receber outras mensagens, é só me avisar."
"0","patoBranco_PB","46","4699096776","Contato","","","","","","","","","","","patoBranco_PB_20261004.txt","","Olá! Tudo bem? Aqui é o Wesley, marido da Dra. Daiana Ferraz. Ela é nova em Pato Branco, e gostaríamos de apresentar o trabalho dela por aqui.

Se quiser conhecer melhor:
https://share.google/xcLbjrVJT5NDUfYWV
https://www.instagram.com/dradaianaferrazsc/

Será um prazer recebê-lo(a). Se preferir não receber outras mensagens, é só me avisar."
"0","patoBranco_PB","46","4699098530","Contato","","","","","","","","","","","patoBranco_PB_20261004.txt","","Olá! Tudo bem? Aqui é o Wesley, marido da Dra. Daiana Ferraz. Ela é nova em Pato Branco, e gostaríamos de apresentar o trabalho dela por aqui.

Se quiser conhecer melhor:
https://share.google/xcLbjrVJT5NDUfYWV
https://www.instagram.com/dradaianaferrazsc/

Será um prazer recebê-lo(a). Se preferir não receber outras mensagens, é só me avisar."
"0","patoBranco_PB","46","4699102279","Contato","","","","","","","","","","","patoBranco_PB_20261004.txt","","Olá! Tudo bem? Aqui é o Wesley, marido da Dra. Daiana Ferraz. Ela é nova em Pato Branco, e gostaríamos de apresentar o trabalho dela por aqui.

Se quiser conhecer melhor:
https://share.google/xcLbjrVJT5NDUfYWV
https://www.instagram.com/dradaianaferrazsc/

Será um prazer recebê-lo(a). Se preferir não receber outras mensagens, é só me avisar."
"0","patoBranco_PB","46","4699106762","Contato","","","","","","","","","","","patoBranco_PB_20261004.txt","","Olá! Tudo bem? Aqui é o Wesley, marido da Dra. Daiana Ferraz. Ela é nova em Pato Branco, e gostaríamos de apresentar o trabalho dela por aqui.

Se quiser conhecer melhor:
https://share.google/xcLbjrVJT5NDUfYWV
https://www.instagram.com/dradaianaferrazsc/

Será um prazer recebê-lo(a). Se preferir não receber outras mensagens, é só me avisar."
"0","patoBranco_PB","46","4699108225","Contato","","","","","","","","","","","patoBranco_PB_20261004.txt","","Olá! Tudo bem? Aqui é o Wesley, marido da Dra. Daiana Ferraz. Ela é nova em Pato Branco, e gostaríamos de apresentar o trabalho dela por aqui.

Se quiser conhecer melhor:
https://share.google/xcLbjrVJT5NDUfYWV
https://www.instagram.com/dradaianaferrazsc/

Será um prazer recebê-lo(a). Se preferir não receber outras mensagens, é só me avisar."
"0","patoBranco_PB","46","4699110163","Contato","","","","","","","","","","","patoBranco_PB_20261004.txt","","Olá! Tudo bem? Aqui é o Wesley, marido da Dra. Daiana Ferraz. Ela é nova em Pato Branco, e gostaríamos de apresentar o trabalho dela por aqui.

Se quiser conhecer melhor:
https://share.google/xcLbjrVJT5NDUfYWV
https://www.instagram.com/dradaianaferrazsc/

Será um prazer recebê-lo(a). Se preferir não receber outras mensagens, é só me avisar."
"0","patoBranco_PB","46","4699110650","Contato","","","","","","","","","","","patoBranco_PB_20261004.txt","","Olá! Tudo bem? Aqui é o Wesley, marido da Dra. Daiana Ferraz. Ela é nova em Pato Branco, e gostaríamos de apresentar o trabalho dela por aqui.

Se quiser conhecer melhor:
https://share.google/xcLbjrVJT5NDUfYWV
https://www.instagram.com/dradaianaferrazsc/

Será um prazer recebê-lo(a). Se preferir não receber outras mensagens, é só me avisar."
"0","patoBranco_PB","46","4699110658","Contato","","","","","","","","","","","patoBranco_PB_20261004.txt","","Olá! Tudo bem? Aqui é o Wesley, marido da Dra. Daiana Ferraz. Ela é nova em Pato Branco, e gostaríamos de apresentar o trabalho dela por aqui.

Se quiser conhecer melhor:
https://share.google/xcLbjrVJT5NDUfYWV
https://www.instagram.com/dradaianaferrazsc/

Será um prazer recebê-lo(a). Se preferir não receber outras mensagens, é só me avisar."
"0","patoBranco_PB","46","4699110717","Contato","","","","","","","","","","","patoBranco_PB_20261004.txt","","Olá! Tudo bem? Aqui é o Wesley, marido da Dra. Daiana Ferraz. Ela é nova em Pato Branco, e gostaríamos de apresentar o trabalho dela por aqui.

Se quiser conhecer melhor:
https://share.google/xcLbjrVJT5NDUfYWV
https://www.instagram.com/dradaianaferrazsc/

Será um prazer recebê-lo(a). Se preferir não receber outras mensagens, é só me avisar."
"0","patoBranco_PB","46","4699110937","Contato","","","","","","","","","","","patoBranco_PB_20261004.txt","","Olá! Tudo bem? Aqui é o Wesley, marido da Dra. Daiana Ferraz. Ela é nova em Pato Branco, e gostaríamos de apresentar o trabalho dela por aqui.

Se quiser conhecer melhor:
https://share.google/xcLbjrVJT5NDUfYWV
https://www.instagram.com/dradaianaferrazsc/

Será um prazer recebê-lo(a). Se preferir não receber outras mensagens, é só me avisar."
"0","patoBranco_PB","46","4699111072","Contato","","","","","","","","","","","patoBranco_PB_20261004.txt","","Olá! Tudo bem? Aqui é o Wesley, marido da Dra. Daiana Ferraz. Ela é nova em Pato Branco, e gostaríamos de apresentar o trabalho dela por aqui.

Se quiser conhecer melhor:
https://share.google/xcLbjrVJT5NDUfYWV
https://www.instagram.com/dradaianaferrazsc/

Será um prazer recebê-lo(a). Se preferir não receber outras mensagens, é só me avisar."
"0","patoBranco_PB","46","4699111482","Contato","","","","","","","","","","","patoBranco_PB_20261004.txt","","Olá! Tudo bem? Aqui é o Wesley, marido da Dra. Daiana Ferraz. Ela é nova em Pato Branco, e gostaríamos de apresentar o trabalho dela por aqui.

Se quiser conhecer melhor:
https://share.google/xcLbjrVJT5NDUfYWV
https://www.instagram.com/dradaianaferrazsc/

Será um prazer recebê-lo(a). Se preferir não receber outras mensagens, é só me avisar."
"0","patoBranco_PB","46","4699111601","Contato","","","","","","","","","","","patoBranco_PB_20261004.txt","","Olá! Tudo bem? Aqui é o Wesley, marido da Dra. Daiana Ferraz. Ela é nova em Pato Branco, e gostaríamos de apresentar o trabalho dela por aqui.

Se quiser conhecer melhor:
https://share.google/xcLbjrVJT5NDUfYWV
https://www.instagram.com/dradaianaferrazsc/

Será um prazer recebê-lo(a). Se preferir não receber outras mensagens, é só me avisar."
"0","patoBranco_PB","46","4699111626","Contato","","","","","","","","","","","patoBranco_PB_20261004.txt","","Olá! Tudo bem? Aqui é o Wesley, marido da Dra. Daiana Ferraz. Ela é nova em Pato Branco, e gostaríamos de apresentar o trabalho dela por aqui.

Se quiser conhecer melhor:
https://share.google/xcLbjrVJT5NDUfYWV
https://www.instagram.com/dradaianaferrazsc/

Será um prazer recebê-lo(a). Se preferir não receber outras mensagens, é só me avisar."
"0","patoBranco_PB","46","4699111824","Contato","","","","","","","","","","","patoBranco_PB_20261004.txt","","Olá! Tudo bem? Aqui é o Wesley, marido da Dra. Daiana Ferraz. Ela é nova em Pato Branco, e gostaríamos de apresentar o trabalho dela por aqui.

Se quiser conhecer melhor:
https://share.google/xcLbjrVJT5NDUfYWV
https://www.instagram.com/dradaianaferrazsc/

Será um prazer recebê-lo(a). Se preferir não receber outras mensagens, é só me avisar."
"0","patoBranco_PB","46","4699112292","Contato","","","","","","","","","","","patoBranco_PB_20261004.txt","","Olá! Tudo bem? Aqui é o Wesley, marido da Dra. Daiana Ferraz. Ela é nova em Pato Branco, e gostaríamos de apresentar o trabalho dela por aqui.

Se quiser conhecer melhor:
https://share.google/xcLbjrVJT5NDUfYWV
https://www.instagram.com/dradaianaferrazsc/

Será um prazer recebê-lo(a). Se preferir não receber outras mensagens, é só me avisar."
"0","patoBranco_PB","46","4699112417","Contato","","","","","","","","","","","patoBranco_PB_20261004.txt","","Olá! Tudo bem? Aqui é o Wesley, marido da Dra. Daiana Ferraz. Ela é nova em Pato Branco, e gostaríamos de apresentar o trabalho dela por aqui.

Se quiser conhecer melhor:
https://share.google/xcLbjrVJT5NDUfYWV
https://www.instagram.com/dradaianaferrazsc/

Será um prazer recebê-lo(a). Se preferir não receber outras mensagens, é só me avisar."
"0","patoBranco_PB","46","4699112492","Contato","","","","","","","","","","","patoBranco_PB_20261004.txt","","Olá! Tudo bem? Aqui é o Wesley, marido da Dra. Daiana Ferraz. Ela é nova em Pato Branco, e gostaríamos de apresentar o trabalho dela por aqui.

Se quiser conhecer melhor:
https://share.google/xcLbjrVJT5NDUfYWV
https://www.instagram.com/dradaianaferrazsc/

Será um prazer recebê-lo(a). Se preferir não receber outras mensagens, é só me avisar."
"0","patoBranco_PB","46","4699115016","Contato","","","","","","","","","","","patoBranco_PB_20261004.txt","","Olá! Tudo bem? Aqui é o Wesley, marido da Dra. Daiana Ferraz. Ela é nova em Pato Branco, e gostaríamos de apresentar o trabalho dela por aqui.

Se quiser conhecer melhor:
https://share.google/xcLbjrVJT5NDUfYWV
https://www.instagram.com/dradaianaferrazsc/

Será um prazer recebê-lo(a). Se preferir não receber outras mensagens, é só me avisar."
"0","patoBranco_PB","46","4699115879","Contato","","","","","","","","","","","patoBranco_PB_20261004.txt","","Olá! Tudo bem? Aqui é o Wesley, marido da Dra. Daiana Ferraz. Ela é nova em Pato Branco, e gostaríamos de apresentar o trabalho dela por aqui.

Se quiser conhecer melhor:
https://share.google/xcLbjrVJT5NDUfYWV
https://www.instagram.com/dradaianaferrazsc/

Será um prazer recebê-lo(a). Se preferir não receber outras mensagens, é só me avisar."
"0","patoBranco_PB","46","4699117457","Contato","","","","","","","","","","","patoBranco_PB_20261004.txt","","Olá! Tudo bem? Aqui é o Wesley, marido da Dra. Daiana Ferraz. Ela é nova em Pato Branco, e gostaríamos de apresentar o trabalho dela por aqui.

Se quiser conhecer melhor:
https://share.google/xcLbjrVJT5NDUfYWV
https://www.instagram.com/dradaianaferrazsc/

Será um prazer recebê-lo(a). Se preferir não receber outras mensagens, é só me avisar."
"0","patoBranco_PB","46","4699117966","Contato","","","","","","","","","","","patoBranco_PB_20261004.txt","","Olá! Tudo bem? Aqui é o Wesley, marido da Dra. Daiana Ferraz. Ela é nova em Pato Branco, e gostaríamos de apresentar o trabalho dela por aqui.

Se quiser conhecer melhor:
https://share.google/xcLbjrVJT5NDUfYWV
https://www.instagram.com/dradaianaferrazsc/

Será um prazer recebê-lo(a). Se preferir não receber outras mensagens, é só me avisar."
"0","patoBranco_PB","46","4699120304","Contato","","","","","","","","","","","patoBranco_PB_20261004.txt","","Olá! Tudo bem? Aqui é o Wesley, marido da Dra. Daiana Ferraz. Ela é nova em Pato Branco, e gostaríamos de apresentar o trabalho dela por aqui.

Se quiser conhecer melhor:
https://share.google/xcLbjrVJT5NDUfYWV
https://www.instagram.com/dradaianaferrazsc/

Será um prazer recebê-lo(a). Se preferir não receber outras mensagens, é só me avisar."
"0","patoBranco_PB","46","4699120604","Contato","","","","","","","","","","","patoBranco_PB_20261004.txt","","Olá! Tudo bem? Aqui é o Wesley, marido da Dra. Daiana Ferraz. Ela é nova em Pato Branco, e gostaríamos de apresentar o trabalho dela por aqui.

Se quiser conhecer melhor:
https://share.google/xcLbjrVJT5NDUfYWV
https://www.instagram.com/dradaianaferrazsc/

Será um prazer recebê-lo(a). Se preferir não receber outras mensagens, é só me avisar."
"0","patoBranco_PB","46","4699121550","Contato","","","","","","","","","","","patoBranco_PB_20261004.txt","","Olá! Tudo bem? Aqui é o Wesley, marido da Dra. Daiana Ferraz. Ela é nova em Pato Branco, e gostaríamos de apresentar o trabalho dela por aqui.

Se quiser conhecer melhor:
https://share.google/xcLbjrVJT5NDUfYWV
https://www.instagram.com/dradaianaferrazsc/

Será um prazer recebê-lo(a). Se preferir não receber outras mensagens, é só me avisar."
"0","patoBranco_PB","46","4699122843","Contato","","","","","","","","","","","patoBranco_PB_20261004.txt","","Olá! Tudo bem? Aqui é o Wesley, marido da Dra. Daiana Ferraz. Ela é nova em Pato Branco, e gostaríamos de apresentar o trabalho dela por aqui.

Se quiser conhecer melhor:
https://share.google/xcLbjrVJT5NDUfYWV
https://www.instagram.com/dradaianaferrazsc/

Será um prazer recebê-lo(a). Se preferir não receber outras mensagens, é só me avisar."
"0","patoBranco_PB","46","4699124591","Contato","","","","","","","","","","","patoBranco_PB_20261004.txt","","Olá! Tudo bem? Aqui é o Wesley, marido da Dra. Daiana Ferraz. Ela é nova em Pato Branco, e gostaríamos de apresentar o trabalho dela por aqui.

Se quiser conhecer melhor:
https://share.google/xcLbjrVJT5NDUfYWV
https://www.instagram.com/dradaianaferrazsc/

Será um prazer recebê-lo(a). Se preferir não receber outras mensagens, é só me avisar."
"0","patoBranco_PB","46","4699124761","Contato","","","","","","","","","","","patoBranco_PB_20261004.txt","","Olá! Tudo bem? Aqui é o Wesley, marido da Dra. Daiana Ferraz. Ela é nova em Pato Branco, e gostaríamos de apresentar o trabalho dela por aqui.

Se quiser conhecer melhor:
https://share.google/xcLbjrVJT5NDUfYWV
https://www.instagram.com/dradaianaferrazsc/

Será um prazer recebê-lo(a). Se preferir não receber outras mensagens, é só me avisar."
"0","patoBranco_PB","46","4699126090","Contato","","","","","","","","","","","patoBranco_PB_20261004.txt","","Olá! Tudo bem? Aqui é o Wesley, marido da Dra. Daiana Ferraz. Ela é nova em Pato Branco, e gostaríamos de apresentar o trabalho dela por aqui.

Se quiser conhecer melhor:
https://share.google/xcLbjrVJT5NDUfYWV
https://www.instagram.com/dradaianaferrazsc/

Será um prazer recebê-lo(a). Se preferir não receber outras mensagens, é só me avisar."
"0","patoBranco_PB","46","4699126371","Contato","","","","","","","","","","","patoBranco_PB_20261004.txt","","Olá! Tudo bem? Aqui é o Wesley, marido da Dra. Daiana Ferraz. Ela é nova em Pato Branco, e gostaríamos de apresentar o trabalho dela por aqui.

Se quiser conhecer melhor:
https://share.google/xcLbjrVJT5NDUfYWV
https://www.instagram.com/dradaianaferrazsc/

Será um prazer recebê-lo(a). Se preferir não receber outras mensagens, é só me avisar."
"0","patoBranco_PB","46","4699127004","Contato","","","","","","","","","","","patoBranco_PB_20261004.txt","","Olá! Tudo bem? Aqui é o Wesley, marido da Dra. Daiana Ferraz. Ela é nova em Pato Branco, e gostaríamos de apresentar o trabalho dela por aqui.

Se quiser conhecer melhor:
https://share.google/xcLbjrVJT5NDUfYWV
https://www.instagram.com/dradaianaferrazsc/

Será um prazer recebê-lo(a). Se preferir não receber outras mensagens, é só me avisar."
"0","patoBranco_PB","46","4699127507","Contato","","","","","","","","","","","patoBranco_PB_20261004.txt","","Olá! Tudo bem? Aqui é o Wesley, marido da Dra. Daiana Ferraz. Ela é nova em Pato Branco, e gostaríamos de apresentar o trabalho dela por aqui.

Se quiser conhecer melhor:
https://share.google/xcLbjrVJT5NDUfYWV
https://www.instagram.com/dradaianaferrazsc/

Será um prazer recebê-lo(a). Se preferir não receber outras mensagens, é só me avisar."
"0","patoBranco_PB","46","4699128309","Contato","","","","","","","","","","","patoBranco_PB_20261004.txt","","Olá! Tudo bem? Aqui é o Wesley, marido da Dra. Daiana Ferraz. Ela é nova em Pato Branco, e gostaríamos de apresentar o trabalho dela por aqui.

Se quiser conhecer melhor:
https://share.google/xcLbjrVJT5NDUfYWV
https://www.instagram.com/dradaianaferrazsc/

Será um prazer recebê-lo(a). Se preferir não receber outras mensagens, é só me avisar."
"0","patoBranco_PB","46","4699128504","Contato","","","","","","","","","","","patoBranco_PB_20261004.txt","","Olá! Tudo bem? Aqui é o Wesley, marido da Dra. Daiana Ferraz. Ela é nova em Pato Branco, e gostaríamos de apresentar o trabalho dela por aqui.

Se quiser conhecer melhor:
https://share.google/xcLbjrVJT5NDUfYWV
https://www.instagram.com/dradaianaferrazsc/

Será um prazer recebê-lo(a). Se preferir não receber outras mensagens, é só me avisar."
"0","patoBranco_PB","46","4699128774","Contato","","","","","","","","","","","patoBranco_PB_20261004.txt","","Olá! Tudo bem? Aqui é o Wesley, marido da Dra. Daiana Ferraz. Ela é nova em Pato Branco, e gostaríamos de apresentar o trabalho dela por aqui.

Se quiser conhecer melhor:
https://share.google/xcLbjrVJT5NDUfYWV
https://www.instagram.com/dradaianaferrazsc/

Será um prazer recebê-lo(a). Se preferir não receber outras mensagens, é só me avisar."
"0","patoBranco_PB","46","4699128842","Contato","","","","","","","","","","","patoBranco_PB_20261004.txt","","Olá! Tudo bem? Aqui é o Wesley, marido da Dra. Daiana Ferraz. Ela é nova em Pato Branco, e gostaríamos de apresentar o trabalho dela por aqui.

Se quiser conhecer melhor:
https://share.google/xcLbjrVJT5NDUfYWV
https://www.instagram.com/dradaianaferrazsc/

Será um prazer recebê-lo(a). Se preferir não receber outras mensagens, é só me avisar."
"0","patoBranco_PB","46","4699130762","Contato","","","","","","","","","","","patoBranco_PB_20261004.txt","","Olá! Tudo bem? Aqui é o Wesley, marido da Dra. Daiana Ferraz. Ela é nova em Pato Branco, e gostaríamos de apresentar o trabalho dela por aqui.

Se quiser conhecer melhor:
https://share.google/xcLbjrVJT5NDUfYWV
https://www.instagram.com/dradaianaferrazsc/

Será um prazer recebê-lo(a). Se preferir não receber outras mensagens, é só me avisar."
"0","patoBranco_PB","46","4699131280","Contato","","","","","","","","","","","patoBranco_PB_20261004.txt","","Olá! Tudo bem? Aqui é o Wesley, marido da Dra. Daiana Ferraz. Ela é nova em Pato Branco, e gostaríamos de apresentar o trabalho dela por aqui.

Se quiser conhecer melhor:
https://share.google/xcLbjrVJT5NDUfYWV
https://www.instagram.com/dradaianaferrazsc/

Será um prazer recebê-lo(a). Se preferir não receber outras mensagens, é só me avisar."
"0","patoBranco_PB","46","4699131432","Contato","","","","","","","","","","","patoBranco_PB_20261004.txt","","Olá! Tudo bem? Aqui é o Wesley, marido da Dra. Daiana Ferraz. Ela é nova em Pato Branco, e gostaríamos de apresentar o trabalho dela por aqui.

Se quiser conhecer melhor:
https://share.google/xcLbjrVJT5NDUfYWV
https://www.instagram.com/dradaianaferrazsc/

Será um prazer recebê-lo(a). Se preferir não receber outras mensagens, é só me avisar."
"0","patoBranco_PB","46","4699131505","Contato","","","","","","","","","","","patoBranco_PB_20261004.txt","","Olá! Tudo bem? Aqui é o Wesley, marido da Dra. Daiana Ferraz. Ela é nova em Pato Branco, e gostaríamos de apresentar o trabalho dela por aqui.

Se quiser conhecer melhor:
https://share.google/xcLbjrVJT5NDUfYWV
https://www.instagram.com/dradaianaferrazsc/

Será um prazer recebê-lo(a). Se preferir não receber outras mensagens, é só me avisar."
"0","patoBranco_PB","46","4699136613","Contato","","","","","","","","","","","patoBranco_PB_20261004.txt","","Olá! Tudo bem? Aqui é o Wesley, marido da Dra. Daiana Ferraz. Ela é nova em Pato Branco, e gostaríamos de apresentar o trabalho dela por aqui.

Se quiser conhecer melhor:
https://share.google/xcLbjrVJT5NDUfYWV
https://www.instagram.com/dradaianaferrazsc/

Será um prazer recebê-lo(a). Se preferir não receber outras mensagens, é só me avisar."
"0","patoBranco_PB","46","4699136911","Contato","","","","","","","","","","","patoBranco_PB_20261004.txt","","Olá! Tudo bem? Aqui é o Wesley, marido da Dra. Daiana Ferraz. Ela é nova em Pato Branco, e gostaríamos de apresentar o trabalho dela por aqui.

Se quiser conhecer melhor:
https://share.google/xcLbjrVJT5NDUfYWV
https://www.instagram.com/dradaianaferrazsc/

Será um prazer recebê-lo(a). Se preferir não receber outras mensagens, é só me avisar."
"0","patoBranco_PB","46","4699143514","Contato","","","","","","","","","","","patoBranco_PB_20261004.txt","","Olá! Tudo bem? Aqui é o Wesley, marido da Dra. Daiana Ferraz. Ela é nova em Pato Branco, e gostaríamos de apresentar o trabalho dela por aqui.

Se quiser conhecer melhor:
https://share.google/xcLbjrVJT5NDUfYWV
https://www.instagram.com/dradaianaferrazsc/

Será um prazer recebê-lo(a). Se preferir não receber outras mensagens, é só me avisar."
"0","patoBranco_PB","46","4699143781","Contato","","","","","","","","","","","patoBranco_PB_20261004.txt","","Olá! Tudo bem? Aqui é o Wesley, marido da Dra. Daiana Ferraz. Ela é nova em Pato Branco, e gostaríamos de apresentar o trabalho dela por aqui.

Se quiser conhecer melhor:
https://share.google/xcLbjrVJT5NDUfYWV
https://www.instagram.com/dradaianaferrazsc/

Será um prazer recebê-lo(a). Se preferir não receber outras mensagens, é só me avisar."
"0","patoBranco_PB","46","4699145824","Contato","","","","","","","","","","","patoBranco_PB_20261004.txt","","Olá! Tudo bem? Aqui é o Wesley, marido da Dra. Daiana Ferraz. Ela é nova em Pato Branco, e gostaríamos de apresentar o trabalho dela por aqui.

Se quiser conhecer melhor:
https://share.google/xcLbjrVJT5NDUfYWV
https://www.instagram.com/dradaianaferrazsc/

Será um prazer recebê-lo(a). Se preferir não receber outras mensagens, é só me avisar."
"0","patoBranco_PB","46","4699147116","Contato","","","","","","","","","","","patoBranco_PB_20261004.txt","","Olá! Tudo bem? Aqui é o Wesley, marido da Dra. Daiana Ferraz. Ela é nova em Pato Branco, e gostaríamos de apresentar o trabalho dela por aqui.

Se quiser conhecer melhor:
https://share.google/xcLbjrVJT5NDUfYWV
https://www.instagram.com/dradaianaferrazsc/

Será um prazer recebê-lo(a). Se preferir não receber outras mensagens, é só me avisar."
"0","patoBranco_PB","46","4699147367","Contato","","","","","","","","","","","patoBranco_PB_20261004.txt","","Olá! Tudo bem? Aqui é o Wesley, marido da Dra. Daiana Ferraz. Ela é nova em Pato Branco, e gostaríamos de apresentar o trabalho dela por aqui.

Se quiser conhecer melhor:
https://share.google/xcLbjrVJT5NDUfYWV
https://www.instagram.com/dradaianaferrazsc/

Será um prazer recebê-lo(a). Se preferir não receber outras mensagens, é só me avisar."
"0","patoBranco_PB","46","4699147573","Contato","","","","","","","","","","","patoBranco_PB_20261004.txt","","Olá! Tudo bem? Aqui é o Wesley, marido da Dra. Daiana Ferraz. Ela é nova em Pato Branco, e gostaríamos de apresentar o trabalho dela por aqui.

Se quiser conhecer melhor:
https://share.google/xcLbjrVJT5NDUfYWV
https://www.instagram.com/dradaianaferrazsc/

Será um prazer recebê-lo(a). Se preferir não receber outras mensagens, é só me avisar."
"0","patoBranco_PB","46","4699147882","Contato","","","","","","","","","","","patoBranco_PB_20261004.txt","","Olá! Tudo bem? Aqui é o Wesley, marido da Dra. Daiana Ferraz. Ela é nova em Pato Branco, e gostaríamos de apresentar o trabalho dela por aqui.

Se quiser conhecer melhor:
https://share.google/xcLbjrVJT5NDUfYWV
https://www.instagram.com/dradaianaferrazsc/

Será um prazer recebê-lo(a). Se preferir não receber outras mensagens, é só me avisar."
"0","patoBranco_PB","46","4699148150","Contato","","","","","","","","","","","patoBranco_PB_20261004.txt","","Olá! Tudo bem? Aqui é o Wesley, marido da Dra. Daiana Ferraz. Ela é nova em Pato Branco, e gostaríamos de apresentar o trabalho dela por aqui.

Se quiser conhecer melhor:
https://share.google/xcLbjrVJT5NDUfYWV
https://www.instagram.com/dradaianaferrazsc/

Será um prazer recebê-lo(a). Se preferir não receber outras mensagens, é só me avisar."
"0","patoBranco_PB","46","4699148881","Contato","","","","","","","","","","","patoBranco_PB_20261004.txt","","Olá! Tudo bem? Aqui é o Wesley, marido da Dra. Daiana Ferraz. Ela é nova em Pato Branco, e gostaríamos de apresentar o trabalho dela por aqui.

Se quiser conhecer melhor:
https://share.google/xcLbjrVJT5NDUfYWV
https://www.instagram.com/dradaianaferrazsc/

Será um prazer recebê-lo(a). Se preferir não receber outras mensagens, é só me avisar."
"0","patoBranco_PB","46","4699150081","Contato","","","","","","","","","","","patoBranco_PB_20261004.txt","","Olá! Tudo bem? Aqui é o Wesley, marido da Dra. Daiana Ferraz. Ela é nova em Pato Branco, e gostaríamos de apresentar o trabalho dela por aqui.

Se quiser conhecer melhor:
https://share.google/xcLbjrVJT5NDUfYWV
https://www.instagram.com/dradaianaferrazsc/

Será um prazer recebê-lo(a). Se preferir não receber outras mensagens, é só me avisar."
"0","patoBranco_PB","46","4699150158","Contato","","","","","","","","","","","patoBranco_PB_20261004.txt","","Olá! Tudo bem? Aqui é o Wesley, marido da Dra. Daiana Ferraz. Ela é nova em Pato Branco, e gostaríamos de apresentar o trabalho dela por aqui.

Se quiser conhecer melhor:
https://share.google/xcLbjrVJT5NDUfYWV
https://www.instagram.com/dradaianaferrazsc/

Será um prazer recebê-lo(a). Se preferir não receber outras mensagens, é só me avisar."
"0","patoBranco_PB","46","4699151254","Contato","","","","","","","","","","","patoBranco_PB_20261004.txt","","Olá! Tudo bem? Aqui é o Wesley, marido da Dra. Daiana Ferraz. Ela é nova em Pato Branco, e gostaríamos de apresentar o trabalho dela por aqui.

Se quiser conhecer melhor:
https://share.google/xcLbjrVJT5NDUfYWV
https://www.instagram.com/dradaianaferrazsc/

Será um prazer recebê-lo(a). Se preferir não receber outras mensagens, é só me avisar."
"0","patoBranco_PB","46","4699151448","Contato","","","","","","","","","","","patoBranco_PB_20261004.txt","","Olá! Tudo bem? Aqui é o Wesley, marido da Dra. Daiana Ferraz. Ela é nova em Pato Branco, e gostaríamos de apresentar o trabalho dela por aqui.

Se quiser conhecer melhor:
https://share.google/xcLbjrVJT5NDUfYWV
https://www.instagram.com/dradaianaferrazsc/

Será um prazer recebê-lo(a). Se preferir não receber outras mensagens, é só me avisar."
"0","patoBranco_PB","46","4699152788","Contato","","","","","","","","","","","patoBranco_PB_20261004.txt","","Olá! Tudo bem? Aqui é o Wesley, marido da Dra. Daiana Ferraz. Ela é nova em Pato Branco, e gostaríamos de apresentar o trabalho dela por aqui.

Se quiser conhecer melhor:
https://share.google/xcLbjrVJT5NDUfYWV
https://www.instagram.com/dradaianaferrazsc/

Será um prazer recebê-lo(a). Se preferir não receber outras mensagens, é só me avisar."
"0","patoBranco_PB","46","4699153402","Contato","","","","","","","","","","","patoBranco_PB_20261004.txt","","Olá! Tudo bem? Aqui é o Wesley, marido da Dra. Daiana Ferraz. Ela é nova em Pato Branco, e gostaríamos de apresentar o trabalho dela por aqui.

Se quiser conhecer melhor:
https://share.google/xcLbjrVJT5NDUfYWV
https://www.instagram.com/dradaianaferrazsc/

Será um prazer recebê-lo(a). Se preferir não receber outras mensagens, é só me avisar."
"0","patoBranco_PB","46","4699154344","Contato","","","","","","","","","","","patoBranco_PB_20261004.txt","","Olá! Tudo bem? Aqui é o Wesley, marido da Dra. Daiana Ferraz. Ela é nova em Pato Branco, e gostaríamos de apresentar o trabalho dela por aqui.

Se quiser conhecer melhor:
https://share.google/xcLbjrVJT5NDUfYWV
https://www.instagram.com/dradaianaferrazsc/

Será um prazer recebê-lo(a). Se preferir não receber outras mensagens, é só me avisar."
"0","patoBranco_PB","46","4699155499","Contato","","","","","","","","","","","patoBranco_PB_20261004.txt","","Olá! Tudo bem? Aqui é o Wesley, marido da Dra. Daiana Ferraz. Ela é nova em Pato Branco, e gostaríamos de apresentar o trabalho dela por aqui.

Se quiser conhecer melhor:
https://share.google/xcLbjrVJT5NDUfYWV
https://www.instagram.com/dradaianaferrazsc/

Será um prazer recebê-lo(a). Se preferir não receber outras mensagens, é só me avisar."
"0","patoBranco_PB","46","4699156361","Contato","","","","","","","","","","","patoBranco_PB_20261004.txt","","Olá! Tudo bem? Aqui é o Wesley, marido da Dra. Daiana Ferraz. Ela é nova em Pato Branco, e gostaríamos de apresentar o trabalho dela por aqui.

Se quiser conhecer melhor:
https://share.google/xcLbjrVJT5NDUfYWV
https://www.instagram.com/dradaianaferrazsc/

Será um prazer recebê-lo(a). Se preferir não receber outras mensagens, é só me avisar."
"0","patoBranco_PB","46","4699156568","Contato","","","","","","","","","","","patoBranco_PB_20261004.txt","","Olá! Tudo bem? Aqui é o Wesley, marido da Dra. Daiana Ferraz. Ela é nova em Pato Branco, e gostaríamos de apresentar o trabalho dela por aqui.

Se quiser conhecer melhor:
https://share.google/xcLbjrVJT5NDUfYWV
https://www.instagram.com/dradaianaferrazsc/

Será um prazer recebê-lo(a). Se preferir não receber outras mensagens, é só me avisar."
"0","patoBranco_PB","46","4699158318","Contato","","","","","","","","","","","patoBranco_PB_20261004.txt","","Olá! Tudo bem? Aqui é o Wesley, marido da Dra. Daiana Ferraz. Ela é nova em Pato Branco, e gostaríamos de apresentar o trabalho dela por aqui.

Se quiser conhecer melhor:
https://share.google/xcLbjrVJT5NDUfYWV
https://www.instagram.com/dradaianaferrazsc/

Será um prazer recebê-lo(a). Se preferir não receber outras mensagens, é só me avisar."
"0","patoBranco_PB","46","4699160149","Contato","","","","","","","","","","","patoBranco_PB_20261004.txt","","Olá! Tudo bem? Aqui é o Wesley, marido da Dra. Daiana Ferraz. Ela é nova em Pato Branco, e gostaríamos de apresentar o trabalho dela por aqui.

Se quiser conhecer melhor:
https://share.google/xcLbjrVJT5NDUfYWV
https://www.instagram.com/dradaianaferrazsc/

Será um prazer recebê-lo(a). Se preferir não receber outras mensagens, é só me avisar."
"0","patoBranco_PB","46","4699160679","Contato","","","","","","","","","","","patoBranco_PB_20261004.txt","","Olá! Tudo bem? Aqui é o Wesley, marido da Dra. Daiana Ferraz. Ela é nova em Pato Branco, e gostaríamos de apresentar o trabalho dela por aqui.

Se quiser conhecer melhor:
https://share.google/xcLbjrVJT5NDUfYWV
https://www.instagram.com/dradaianaferrazsc/

Será um prazer recebê-lo(a). Se preferir não receber outras mensagens, é só me avisar."
"0","patoBranco_PB","46","4699161122","Contato","","","","","","","","","","","patoBranco_PB_20261004.txt","","Olá! Tudo bem? Aqui é o Wesley, marido da Dra. Daiana Ferraz. Ela é nova em Pato Branco, e gostaríamos de apresentar o trabalho dela por aqui.

Se quiser conhecer melhor:
https://share.google/xcLbjrVJT5NDUfYWV
https://www.instagram.com/dradaianaferrazsc/

Será um prazer recebê-lo(a). Se preferir não receber outras mensagens, é só me avisar."
"0","patoBranco_PB","46","4699161576","Contato","","","","","","","","","","","patoBranco_PB_20261004.txt","","Olá! Tudo bem? Aqui é o Wesley, marido da Dra. Daiana Ferraz. Ela é nova em Pato Branco, e gostaríamos de apresentar o trabalho dela por aqui.

Se quiser conhecer melhor:
https://share.google/xcLbjrVJT5NDUfYWV
https://www.instagram.com/dradaianaferrazsc/

Será um prazer recebê-lo(a). Se preferir não receber outras mensagens, é só me avisar."
"0","patoBranco_PB","46","4699162332","Contato","","","","","","","","","","","patoBranco_PB_20261004.txt","","Olá! Tudo bem? Aqui é o Wesley, marido da Dra. Daiana Ferraz. Ela é nova em Pato Branco, e gostaríamos de apresentar o trabalho dela por aqui.

Se quiser conhecer melhor:
https://share.google/xcLbjrVJT5NDUfYWV
https://www.instagram.com/dradaianaferrazsc/

Será um prazer recebê-lo(a). Se preferir não receber outras mensagens, é só me avisar."
"0","patoBranco_PB","46","4699162589","Contato","","","","","","","","","","","patoBranco_PB_20261004.txt","","Olá! Tudo bem? Aqui é o Wesley, marido da Dra. Daiana Ferraz. Ela é nova em Pato Branco, e gostaríamos de apresentar o trabalho dela por aqui.

Se quiser conhecer melhor:
https://share.google/xcLbjrVJT5NDUfYWV
https://www.instagram.com/dradaianaferrazsc/

Será um prazer recebê-lo(a). Se preferir não receber outras mensagens, é só me avisar."
"0","patoBranco_PB","46","4699162816","Contato","","","","","","","","","","","patoBranco_PB_20261004.txt","","Olá! Tudo bem? Aqui é o Wesley, marido da Dra. Daiana Ferraz. Ela é nova em Pato Branco, e gostaríamos de apresentar o trabalho dela por aqui.

Se quiser conhecer melhor:
https://share.google/xcLbjrVJT5NDUfYWV
https://www.instagram.com/dradaianaferrazsc/

Será um prazer recebê-lo(a). Se preferir não receber outras mensagens, é só me avisar."
"0","patoBranco_PB","46","4699163554","Contato","","","","","","","","","","","patoBranco_PB_20261004.txt","","Olá! Tudo bem? Aqui é o Wesley, marido da Dra. Daiana Ferraz. Ela é nova em Pato Branco, e gostaríamos de apresentar o trabalho dela por aqui.

Se quiser conhecer melhor:
https://share.google/xcLbjrVJT5NDUfYWV
https://www.instagram.com/dradaianaferrazsc/

Será um prazer recebê-lo(a). Se preferir não receber outras mensagens, é só me avisar."
"0","patoBranco_PB","46","4699164330","Contato","","","","","","","","","","","patoBranco_PB_20261004.txt","","Olá! Tudo bem? Aqui é o Wesley, marido da Dra. Daiana Ferraz. Ela é nova em Pato Branco, e gostaríamos de apresentar o trabalho dela por aqui.

Se quiser conhecer melhor:
https://share.google/xcLbjrVJT5NDUfYWV
https://www.instagram.com/dradaianaferrazsc/

Será um prazer recebê-lo(a). Se preferir não receber outras mensagens, é só me avisar."
"0","patoBranco_PB","46","4699164455","Contato","","","","","","","","","","","patoBranco_PB_20261004.txt","","Olá! Tudo bem? Aqui é o Wesley, marido da Dra. Daiana Ferraz. Ela é nova em Pato Branco, e gostaríamos de apresentar o trabalho dela por aqui.

Se quiser conhecer melhor:
https://share.google/xcLbjrVJT5NDUfYWV
https://www.instagram.com/dradaianaferrazsc/

Será um prazer recebê-lo(a). Se preferir não receber outras mensagens, é só me avisar."
"0","patoBranco_PB","46","4699166954","Contato","","","","","","","","","","","patoBranco_PB_20261004.txt","","Olá! Tudo bem? Aqui é o Wesley, marido da Dra. Daiana Ferraz. Ela é nova em Pato Branco, e gostaríamos de apresentar o trabalho dela por aqui.

Se quiser conhecer melhor:
https://share.google/xcLbjrVJT5NDUfYWV
https://www.instagram.com/dradaianaferrazsc/

Será um prazer recebê-lo(a). Se preferir não receber outras mensagens, é só me avisar."
"0","patoBranco_PB","46","4699168115","Contato","","","","","","","","","","","patoBranco_PB_20261004.txt","","Olá! Tudo bem? Aqui é o Wesley, marido da Dra. Daiana Ferraz. Ela é nova em Pato Branco, e gostaríamos de apresentar o trabalho dela por aqui.

Se quiser conhecer melhor:
https://share.google/xcLbjrVJT5NDUfYWV
https://www.instagram.com/dradaianaferrazsc/

Será um prazer recebê-lo(a). Se preferir não receber outras mensagens, é só me avisar."
"0","patoBranco_PB","46","4699168548","Contato","","","","","","","","","","","patoBranco_PB_20261004.txt","","Olá! Tudo bem? Aqui é o Wesley, marido da Dra. Daiana Ferraz. Ela é nova em Pato Branco, e gostaríamos de apresentar o trabalho dela por aqui.

Se quiser conhecer melhor:
https://share.google/xcLbjrVJT5NDUfYWV
https://www.instagram.com/dradaianaferrazsc/

Será um prazer recebê-lo(a). Se preferir não receber outras mensagens, é só me avisar."
"0","patoBranco_PB","46","4699169035","Contato","","","","","","","","","","","patoBranco_PB_20261004.txt","","Olá! Tudo bem? Aqui é o Wesley, marido da Dra. Daiana Ferraz. Ela é nova em Pato Branco, e gostaríamos de apresentar o trabalho dela por aqui.

Se quiser conhecer melhor:
https://share.google/xcLbjrVJT5NDUfYWV
https://www.instagram.com/dradaianaferrazsc/

Será um prazer recebê-lo(a). Se preferir não receber outras mensagens, é só me avisar."
"0","patoBranco_PB","46","4699169493","Contato","","","","","","","","","","","patoBranco_PB_20261004.txt","","Olá! Tudo bem? Aqui é o Wesley, marido da Dra. Daiana Ferraz. Ela é nova em Pato Branco, e gostaríamos de apresentar o trabalho dela por aqui.

Se quiser conhecer melhor:
https://share.google/xcLbjrVJT5NDUfYWV
https://www.instagram.com/dradaianaferrazsc/

Será um prazer recebê-lo(a). Se preferir não receber outras mensagens, é só me avisar."
"0","patoBranco_PB","46","4699170143","Contato","","","","","","","","","","","patoBranco_PB_20261004.txt","","Olá! Tudo bem? Aqui é o Wesley, marido da Dra. Daiana Ferraz. Ela é nova em Pato Branco, e gostaríamos de apresentar o trabalho dela por aqui.

Se quiser conhecer melhor:
https://share.google/xcLbjrVJT5NDUfYWV
https://www.instagram.com/dradaianaferrazsc/

Será um prazer recebê-lo(a). Se preferir não receber outras mensagens, é só me avisar."
"0","patoBranco_PB","46","4699170851","Contato","","","","","","","","","","","patoBranco_PB_20261004.txt","","Olá! Tudo bem? Aqui é o Wesley, marido da Dra. Daiana Ferraz. Ela é nova em Pato Branco, e gostaríamos de apresentar o trabalho dela por aqui.

Se quiser conhecer melhor:
https://share.google/xcLbjrVJT5NDUfYWV
https://www.instagram.com/dradaianaferrazsc/

Será um prazer recebê-lo(a). Se preferir não receber outras mensagens, é só me avisar."
"0","patoBranco_PB","46","4699173863","Contato","","","","","","","","","","","patoBranco_PB_20261004.txt","","Olá! Tudo bem? Aqui é o Wesley, marido da Dra. Daiana Ferraz. Ela é nova em Pato Branco, e gostaríamos de apresentar o trabalho dela por aqui.

Se quiser conhecer melhor:
https://share.google/xcLbjrVJT5NDUfYWV
https://www.instagram.com/dradaianaferrazsc/

Será um prazer recebê-lo(a). Se preferir não receber outras mensagens, é só me avisar."
"0","patoBranco_PB","46","4699175130","Contato","","","","","","","","","","","patoBranco_PB_20261004.txt","","Olá! Tudo bem? Aqui é o Wesley, marido da Dra. Daiana Ferraz. Ela é nova em Pato Branco, e gostaríamos de apresentar o trabalho dela por aqui.

Se quiser conhecer melhor:
https://share.google/xcLbjrVJT5NDUfYWV
https://www.instagram.com/dradaianaferrazsc/

Será um prazer recebê-lo(a). Se preferir não receber outras mensagens, é só me avisar."
"0","patoBranco_PB","46","4699176185","Contato","","","","","","","","","","","patoBranco_PB_20261004.txt","","Olá! Tudo bem? Aqui é o Wesley, marido da Dra. Daiana Ferraz. Ela é nova em Pato Branco, e gostaríamos de apresentar o trabalho dela por aqui.

Se quiser conhecer melhor:
https://share.google/xcLbjrVJT5NDUfYWV
https://www.instagram.com/dradaianaferrazsc/

Será um prazer recebê-lo(a). Se preferir não receber outras mensagens, é só me avisar."
"0","patoBranco_PB","46","4699176458","Contato","","","","","","","","","","","patoBranco_PB_20261004.txt","","Olá! Tudo bem? Aqui é o Wesley, marido da Dra. Daiana Ferraz. Ela é nova em Pato Branco, e gostaríamos de apresentar o trabalho dela por aqui.

Se quiser conhecer melhor:
https://share.google/xcLbjrVJT5NDUfYWV
https://www.instagram.com/dradaianaferrazsc/

Será um prazer recebê-lo(a). Se preferir não receber outras mensagens, é só me avisar."
"0","patoBranco_PB","46","4699177002","Contato","","","","","","","","","","","patoBranco_PB_20261004.txt","","Olá! Tudo bem? Aqui é o Wesley, marido da Dra. Daiana Ferraz. Ela é nova em Pato Branco, e gostaríamos de apresentar o trabalho dela por aqui.

Se quiser conhecer melhor:
https://share.google/xcLbjrVJT5NDUfYWV
https://www.instagram.com/dradaianaferrazsc/

Será um prazer recebê-lo(a). Se preferir não receber outras mensagens, é só me avisar."
"0","patoBranco_PB","46","4699177028","Contato","","","","","","","","","","","patoBranco_PB_20261004.txt","","Olá! Tudo bem? Aqui é o Wesley, marido da Dra. Daiana Ferraz. Ela é nova em Pato Branco, e gostaríamos de apresentar o trabalho dela por aqui.

Se quiser conhecer melhor:
https://share.google/xcLbjrVJT5NDUfYWV
https://www.instagram.com/dradaianaferrazsc/

Será um prazer recebê-lo(a). Se preferir não receber outras mensagens, é só me avisar."
"0","patoBranco_PB","46","4699177397","Contato","","","","","","","","","","","patoBranco_PB_20261004.txt","","Olá! Tudo bem? Aqui é o Wesley, marido da Dra. Daiana Ferraz. Ela é nova em Pato Branco, e gostaríamos de apresentar o trabalho dela por aqui.

Se quiser conhecer melhor:
https://share.google/xcLbjrVJT5NDUfYWV
https://www.instagram.com/dradaianaferrazsc/

Será um prazer recebê-lo(a). Se preferir não receber outras mensagens, é só me avisar."
"0","patoBranco_PB","46","4699177887","Contato","","","","","","","","","","","patoBranco_PB_20261004.txt","","Olá! Tudo bem? Aqui é o Wesley, marido da Dra. Daiana Ferraz. Ela é nova em Pato Branco, e gostaríamos de apresentar o trabalho dela por aqui.

Se quiser conhecer melhor:
https://share.google/xcLbjrVJT5NDUfYWV
https://www.instagram.com/dradaianaferrazsc/

Será um prazer recebê-lo(a). Se preferir não receber outras mensagens, é só me avisar."
"0","patoBranco_PB","46","4699178083","Contato","","","","","","","","","","","patoBranco_PB_20261004.txt","","Olá! Tudo bem? Aqui é o Wesley, marido da Dra. Daiana Ferraz. Ela é nova em Pato Branco, e gostaríamos de apresentar o trabalho dela por aqui.

Se quiser conhecer melhor:
https://share.google/xcLbjrVJT5NDUfYWV
https://www.instagram.com/dradaianaferrazsc/

Será um prazer recebê-lo(a). Se preferir não receber outras mensagens, é só me avisar."
"0","patoBranco_PB","46","4699178340","Contato","","","","","","","","","","","patoBranco_PB_20261004.txt","","Olá! Tudo bem? Aqui é o Wesley, marido da Dra. Daiana Ferraz. Ela é nova em Pato Branco, e gostaríamos de apresentar o trabalho dela por aqui.

Se quiser conhecer melhor:
https://share.google/xcLbjrVJT5NDUfYWV
https://www.instagram.com/dradaianaferrazsc/

Será um prazer recebê-lo(a). Se preferir não receber outras mensagens, é só me avisar."
"0","patoBranco_PB","46","4699178923","Contato","","","","","","","","","","","patoBranco_PB_20261004.txt","","Olá! Tudo bem? Aqui é o Wesley, marido da Dra. Daiana Ferraz. Ela é nova em Pato Branco, e gostaríamos de apresentar o trabalho dela por aqui.

Se quiser conhecer melhor:
https://share.google/xcLbjrVJT5NDUfYWV
https://www.instagram.com/dradaianaferrazsc/

Será um prazer recebê-lo(a). Se preferir não receber outras mensagens, é só me avisar."
"0","patoBranco_PB","46","4699179981","Contato","","","","","","","","","","","patoBranco_PB_20261004.txt","","Olá! Tudo bem? Aqui é o Wesley, marido da Dra. Daiana Ferraz. Ela é nova em Pato Branco, e gostaríamos de apresentar o trabalho dela por aqui.

Se quiser conhecer melhor:
https://share.google/xcLbjrVJT5NDUfYWV
https://www.instagram.com/dradaianaferrazsc/

Será um prazer recebê-lo(a). Se preferir não receber outras mensagens, é só me avisar."
"0","patoBranco_PB","46","4699180682","Contato","","","","","","","","","","","patoBranco_PB_20261004.txt","","Olá! Tudo bem? Aqui é o Wesley, marido da Dra. Daiana Ferraz. Ela é nova em Pato Branco, e gostaríamos de apresentar o trabalho dela por aqui.

Se quiser conhecer melhor:
https://share.google/xcLbjrVJT5NDUfYWV
https://www.instagram.com/dradaianaferrazsc/

Será um prazer recebê-lo(a). Se preferir não receber outras mensagens, é só me avisar."
"0","patoBranco_PB","46","4699182293","Contato","","","","","","","","","","","patoBranco_PB_20261004.txt","","Olá! Tudo bem? Aqui é o Wesley, marido da Dra. Daiana Ferraz. Ela é nova em Pato Branco, e gostaríamos de apresentar o trabalho dela por aqui.

Se quiser conhecer melhor:
https://share.google/xcLbjrVJT5NDUfYWV
https://www.instagram.com/dradaianaferrazsc/

Será um prazer recebê-lo(a). Se preferir não receber outras mensagens, é só me avisar."
"0","patoBranco_PB","46","4699182449","Contato","","","","","","","","","","","patoBranco_PB_20261004.txt","","Olá! Tudo bem? Aqui é o Wesley, marido da Dra. Daiana Ferraz. Ela é nova em Pato Branco, e gostaríamos de apresentar o trabalho dela por aqui.

Se quiser conhecer melhor:
https://share.google/xcLbjrVJT5NDUfYWV
https://www.instagram.com/dradaianaferrazsc/

Será um prazer recebê-lo(a). Se preferir não receber outras mensagens, é só me avisar."
"0","patoBranco_PB","46","4699182504","Contato","","","","","","","","","","","patoBranco_PB_20261004.txt","","Olá! Tudo bem? Aqui é o Wesley, marido da Dra. Daiana Ferraz. Ela é nova em Pato Branco, e gostaríamos de apresentar o trabalho dela por aqui.

Se quiser conhecer melhor:
https://share.google/xcLbjrVJT5NDUfYWV
https://www.instagram.com/dradaianaferrazsc/

Será um prazer recebê-lo(a). Se preferir não receber outras mensagens, é só me avisar."
"0","patoBranco_PB","46","4699183787","Contato","","","","","","","","","","","patoBranco_PB_20261004.txt","","Olá! Tudo bem? Aqui é o Wesley, marido da Dra. Daiana Ferraz. Ela é nova em Pato Branco, e gostaríamos de apresentar o trabalho dela por aqui.

Se quiser conhecer melhor:
https://share.google/xcLbjrVJT5NDUfYWV
https://www.instagram.com/dradaianaferrazsc/

Será um prazer recebê-lo(a). Se preferir não receber outras mensagens, é só me avisar."
"0","patoBranco_PB","46","4699184113","Contato","","","","","","","","","","","patoBranco_PB_20261004.txt","","Olá! Tudo bem? Aqui é o Wesley, marido da Dra. Daiana Ferraz. Ela é nova em Pato Branco, e gostaríamos de apresentar o trabalho dela por aqui.

Se quiser conhecer melhor:
https://share.google/xcLbjrVJT5NDUfYWV
https://www.instagram.com/dradaianaferrazsc/

Será um prazer recebê-lo(a). Se preferir não receber outras mensagens, é só me avisar."
"0","patoBranco_PB","46","4699186247","Contato","","","","","","","","","","","patoBranco_PB_20261004.txt","","Olá! Tudo bem? Aqui é o Wesley, marido da Dra. Daiana Ferraz. Ela é nova em Pato Branco, e gostaríamos de apresentar o trabalho dela por aqui.

Se quiser conhecer melhor:
https://share.google/xcLbjrVJT5NDUfYWV
https://www.instagram.com/dradaianaferrazsc/

Será um prazer recebê-lo(a). Se preferir não receber outras mensagens, é só me avisar."
"0","patoBranco_PB","46","4699189944","Contato","","","","","","","","","","","patoBranco_PB_20261004.txt","","Olá! Tudo bem? Aqui é o Wesley, marido da Dra. Daiana Ferraz. Ela é nova em Pato Branco, e gostaríamos de apresentar o trabalho dela por aqui.

Se quiser conhecer melhor:
https://share.google/xcLbjrVJT5NDUfYWV
https://www.instagram.com/dradaianaferrazsc/

Será um prazer recebê-lo(a). Se preferir não receber outras mensagens, é só me avisar."
"0","patoBranco_PB","46","4699190191","Contato","","","","","","","","","","","patoBranco_PB_20261004.txt","","Olá! Tudo bem? Aqui é o Wesley, marido da Dra. Daiana Ferraz. Ela é nova em Pato Branco, e gostaríamos de apresentar o trabalho dela por aqui.

Se quiser conhecer melhor:
https://share.google/xcLbjrVJT5NDUfYWV
https://www.instagram.com/dradaianaferrazsc/

Será um prazer recebê-lo(a). Se preferir não receber outras mensagens, é só me avisar."
"0","patoBranco_PB","46","4699190708","Contato","","","","","","","","","","","patoBranco_PB_20261004.txt","","Olá! Tudo bem? Aqui é o Wesley, marido da Dra. Daiana Ferraz. Ela é nova em Pato Branco, e gostaríamos de apresentar o trabalho dela por aqui.

Se quiser conhecer melhor:
https://share.google/xcLbjrVJT5NDUfYWV
https://www.instagram.com/dradaianaferrazsc/

Será um prazer recebê-lo(a). Se preferir não receber outras mensagens, é só me avisar."
"0","patoBranco_PB","46","4699191029","Contato","","","","","","","","","","","patoBranco_PB_20261004.txt","","Olá! Tudo bem? Aqui é o Wesley, marido da Dra. Daiana Ferraz. Ela é nova em Pato Branco, e gostaríamos de apresentar o trabalho dela por aqui.

Se quiser conhecer melhor:
https://share.google/xcLbjrVJT5NDUfYWV
https://www.instagram.com/dradaianaferrazsc/

Será um prazer recebê-lo(a). Se preferir não receber outras mensagens, é só me avisar."
"0","patoBranco_PB","46","4699191233","Contato","","","","","","","","","","","patoBranco_PB_20261004.txt","","Olá! Tudo bem? Aqui é o Wesley, marido da Dra. Daiana Ferraz. Ela é nova em Pato Branco, e gostaríamos de apresentar o trabalho dela por aqui.

Se quiser conhecer melhor:
https://share.google/xcLbjrVJT5NDUfYWV
https://www.instagram.com/dradaianaferrazsc/

Será um prazer recebê-lo(a). Se preferir não receber outras mensagens, é só me avisar."
"0","patoBranco_PB","46","4699191432","Contato","","","","","","","","","","","patoBranco_PB_20261004.txt","","Olá! Tudo bem? Aqui é o Wesley, marido da Dra. Daiana Ferraz. Ela é nova em Pato Branco, e gostaríamos de apresentar o trabalho dela por aqui.

Se quiser conhecer melhor:
https://share.google/xcLbjrVJT5NDUfYWV
https://www.instagram.com/dradaianaferrazsc/

Será um prazer recebê-lo(a). Se preferir não receber outras mensagens, é só me avisar."
"0","patoBranco_PB","46","4699191854","Contato","","","","","","","","","","","patoBranco_PB_20261004.txt","","Olá! Tudo bem? Aqui é o Wesley, marido da Dra. Daiana Ferraz. Ela é nova em Pato Branco, e gostaríamos de apresentar o trabalho dela por aqui.

Se quiser conhecer melhor:
https://share.google/xcLbjrVJT5NDUfYWV
https://www.instagram.com/dradaianaferrazsc/

Será um prazer recebê-lo(a). Se preferir não receber outras mensagens, é só me avisar."
"0","patoBranco_PB","46","4699193959","Contato","","","","","","","","","","","patoBranco_PB_20261004.txt","","Olá! Tudo bem? Aqui é o Wesley, marido da Dra. Daiana Ferraz. Ela é nova em Pato Branco, e gostaríamos de apresentar o trabalho dela por aqui.

Se quiser conhecer melhor:
https://share.google/xcLbjrVJT5NDUfYWV
https://www.instagram.com/dradaianaferrazsc/

Será um prazer recebê-lo(a). Se preferir não receber outras mensagens, é só me avisar."
"0","patoBranco_PB","46","4699195545","Contato","","","","","","","","","","","patoBranco_PB_20261004.txt","","Olá! Tudo bem? Aqui é o Wesley, marido da Dra. Daiana Ferraz. Ela é nova em Pato Branco, e gostaríamos de apresentar o trabalho dela por aqui.

Se quiser conhecer melhor:
https://share.google/xcLbjrVJT5NDUfYWV
https://www.instagram.com/dradaianaferrazsc/

Será um prazer recebê-lo(a). Se preferir não receber outras mensagens, é só me avisar."
"0","patoBranco_PB","46","4699195609","Contato","","","","","","","","","","","patoBranco_PB_20261004.txt","","Olá! Tudo bem? Aqui é o Wesley, marido da Dra. Daiana Ferraz. Ela é nova em Pato Branco, e gostaríamos de apresentar o trabalho dela por aqui.

Se quiser conhecer melhor:
https://share.google/xcLbjrVJT5NDUfYWV
https://www.instagram.com/dradaianaferrazsc/

Será um prazer recebê-lo(a). Se preferir não receber outras mensagens, é só me avisar."
"0","patoBranco_PB","46","4699196099","Contato","","","","","","","","","","","patoBranco_PB_20261004.txt","","Olá! Tudo bem? Aqui é o Wesley, marido da Dra. Daiana Ferraz. Ela é nova em Pato Branco, e gostaríamos de apresentar o trabalho dela por aqui.

Se quiser conhecer melhor:
https://share.google/xcLbjrVJT5NDUfYWV
https://www.instagram.com/dradaianaferrazsc/

Será um prazer recebê-lo(a). Se preferir não receber outras mensagens, é só me avisar."
"0","patoBranco_PB","46","4699197413","Contato","","","","","","","","","","","patoBranco_PB_20261004.txt","","Olá! Tudo bem? Aqui é o Wesley, marido da Dra. Daiana Ferraz. Ela é nova em Pato Branco, e gostaríamos de apresentar o trabalho dela por aqui.

Se quiser conhecer melhor:
https://share.google/xcLbjrVJT5NDUfYWV
https://www.instagram.com/dradaianaferrazsc/

Será um prazer recebê-lo(a). Se preferir não receber outras mensagens, é só me avisar."
"0","patoBranco_PB","46","4699198103","Contato","","","","","","","","","","","patoBranco_PB_20261004.txt","","Olá! Tudo bem? Aqui é o Wesley, marido da Dra. Daiana Ferraz. Ela é nova em Pato Branco, e gostaríamos de apresentar o trabalho dela por aqui.

Se quiser conhecer melhor:
https://share.google/xcLbjrVJT5NDUfYWV
https://www.instagram.com/dradaianaferrazsc/

Será um prazer recebê-lo(a). Se preferir não receber outras mensagens, é só me avisar."
"0","patoBranco_PB","46","4699199114","Contato","","","","","","","","","","","patoBranco_PB_20261004.txt","","Olá! Tudo bem? Aqui é o Wesley, marido da Dra. Daiana Ferraz. Ela é nova em Pato Branco, e gostaríamos de apresentar o trabalho dela por aqui.

Se quiser conhecer melhor:
https://share.google/xcLbjrVJT5NDUfYWV
https://www.instagram.com/dradaianaferrazsc/

Será um prazer recebê-lo(a). Se preferir não receber outras mensagens, é só me avisar."
"0","patoBranco_PB","46","4699199137","Contato","","","","","","","","","","","patoBranco_PB_20261004.txt","","Olá! Tudo bem? Aqui é o Wesley, marido da Dra. Daiana Ferraz. Ela é nova em Pato Branco, e gostaríamos de apresentar o trabalho dela por aqui.

Se quiser conhecer melhor:
https://share.google/xcLbjrVJT5NDUfYWV
https://www.instagram.com/dradaianaferrazsc/

Será um prazer recebê-lo(a). Se preferir não receber outras mensagens, é só me avisar."
"0","patoBranco_PB","46","4699200935","Contato","","","","","","","","","","","patoBranco_PB_20261004.txt","","Olá! Tudo bem? Aqui é o Wesley, marido da Dra. Daiana Ferraz. Ela é nova em Pato Branco, e gostaríamos de apresentar o trabalho dela por aqui.

Se quiser conhecer melhor:
https://share.google/xcLbjrVJT5NDUfYWV
https://www.instagram.com/dradaianaferrazsc/

Será um prazer recebê-lo(a). Se preferir não receber outras mensagens, é só me avisar."
"0","patoBranco_PB","46","4699202720","Contato","","","","","","","","","","","patoBranco_PB_20261004.txt","","Olá! Tudo bem? Aqui é o Wesley, marido da Dra. Daiana Ferraz. Ela é nova em Pato Branco, e gostaríamos de apresentar o trabalho dela por aqui.

Se quiser conhecer melhor:
https://share.google/xcLbjrVJT5NDUfYWV
https://www.instagram.com/dradaianaferrazsc/

Será um prazer recebê-lo(a). Se preferir não receber outras mensagens, é só me avisar."
"0","patoBranco_PB","46","4699203508","Contato","","","","","","","","","","","patoBranco_PB_20261004.txt","","Olá! Tudo bem? Aqui é o Wesley, marido da Dra. Daiana Ferraz. Ela é nova em Pato Branco, e gostaríamos de apresentar o trabalho dela por aqui.

Se quiser conhecer melhor:
https://share.google/xcLbjrVJT5NDUfYWV
https://www.instagram.com/dradaianaferrazsc/

Será um prazer recebê-lo(a). Se preferir não receber outras mensagens, é só me avisar."
"0","patoBranco_PB","46","4699204214","Contato","","","","","","","","","","","patoBranco_PB_20261004.txt","","Olá! Tudo bem? Aqui é o Wesley, marido da Dra. Daiana Ferraz. Ela é nova em Pato Branco, e gostaríamos de apresentar o trabalho dela por aqui.

Se quiser conhecer melhor:
https://share.google/xcLbjrVJT5NDUfYWV
https://www.instagram.com/dradaianaferrazsc/

Será um prazer recebê-lo(a). Se preferir não receber outras mensagens, é só me avisar."
"0","patoBranco_PB","46","4699206315","Contato","","","","","","","","","","","patoBranco_PB_20261004.txt","","Olá! Tudo bem? Aqui é o Wesley, marido da Dra. Daiana Ferraz. Ela é nova em Pato Branco, e gostaríamos de apresentar o trabalho dela por aqui.

Se quiser conhecer melhor:
https://share.google/xcLbjrVJT5NDUfYWV
https://www.instagram.com/dradaianaferrazsc/

Será um prazer recebê-lo(a). Se preferir não receber outras mensagens, é só me avisar."
"0","patoBranco_PB","46","4699207207","Contato","","","","","","","","","","","patoBranco_PB_20261004.txt","","Olá! Tudo bem? Aqui é o Wesley, marido da Dra. Daiana Ferraz. Ela é nova em Pato Branco, e gostaríamos de apresentar o trabalho dela por aqui.

Se quiser conhecer melhor:
https://share.google/xcLbjrVJT5NDUfYWV
https://www.instagram.com/dradaianaferrazsc/

Será um prazer recebê-lo(a). Se preferir não receber outras mensagens, é só me avisar."
"0","patoBranco_PB","46","4699207551","Contato","","","","","","","","","","","patoBranco_PB_20261004.txt","","Olá! Tudo bem? Aqui é o Wesley, marido da Dra. Daiana Ferraz. Ela é nova em Pato Branco, e gostaríamos de apresentar o trabalho dela por aqui.

Se quiser conhecer melhor:
https://share.google/xcLbjrVJT5NDUfYWV
https://www.instagram.com/dradaianaferrazsc/

Será um prazer recebê-lo(a). Se preferir não receber outras mensagens, é só me avisar."
"0","patoBranco_PB","46","4699209240","Contato","","","","","","","","","","","patoBranco_PB_20261004.txt","","Olá! Tudo bem? Aqui é o Wesley, marido da Dra. Daiana Ferraz. Ela é nova em Pato Branco, e gostaríamos de apresentar o trabalho dela por aqui.

Se quiser conhecer melhor:
https://share.google/xcLbjrVJT5NDUfYWV
https://www.instagram.com/dradaianaferrazsc/

Será um prazer recebê-lo(a). Se preferir não receber outras mensagens, é só me avisar."
"0","patoBranco_PB","46","4699209369","Contato","","","","","","","","","","","patoBranco_PB_20261004.txt","","Olá! Tudo bem? Aqui é o Wesley, marido da Dra. Daiana Ferraz. Ela é nova em Pato Branco, e gostaríamos de apresentar o trabalho dela por aqui.

Se quiser conhecer melhor:
https://share.google/xcLbjrVJT5NDUfYWV
https://www.instagram.com/dradaianaferrazsc/

Será um prazer recebê-lo(a). Se preferir não receber outras mensagens, é só me avisar."
"0","patoBranco_PB","46","4699210730","Contato","","","","","","","","","","","patoBranco_PB_20261004.txt","","Olá! Tudo bem? Aqui é o Wesley, marido da Dra. Daiana Ferraz. Ela é nova em Pato Branco, e gostaríamos de apresentar o trabalho dela por aqui.

Se quiser conhecer melhor:
https://share.google/xcLbjrVJT5NDUfYWV
https://www.instagram.com/dradaianaferrazsc/

Será um prazer recebê-lo(a). Se preferir não receber outras mensagens, é só me avisar."
"0","patoBranco_PB","46","4699211594","Contato","","","","","","","","","","","patoBranco_PB_20261004.txt","","Olá! Tudo bem? Aqui é o Wesley, marido da Dra. Daiana Ferraz. Ela é nova em Pato Branco, e gostaríamos de apresentar o trabalho dela por aqui.

Se quiser conhecer melhor:
https://share.google/xcLbjrVJT5NDUfYWV
https://www.instagram.com/dradaianaferrazsc/

Será um prazer recebê-lo(a). Se preferir não receber outras mensagens, é só me avisar."
"0","patoBranco_PB","46","4699211597","Contato","","","","","","","","","","","patoBranco_PB_20261004.txt","","Olá! Tudo bem? Aqui é o Wesley, marido da Dra. Daiana Ferraz. Ela é nova em Pato Branco, e gostaríamos de apresentar o trabalho dela por aqui.

Se quiser conhecer melhor:
https://share.google/xcLbjrVJT5NDUfYWV
https://www.instagram.com/dradaianaferrazsc/

Será um prazer recebê-lo(a). Se preferir não receber outras mensagens, é só me avisar."
"0","patoBranco_PB","46","4699211997","Contato","","","","","","","","","","","patoBranco_PB_20261004.txt","","Olá! Tudo bem? Aqui é o Wesley, marido da Dra. Daiana Ferraz. Ela é nova em Pato Branco, e gostaríamos de apresentar o trabalho dela por aqui.

Se quiser conhecer melhor:
https://share.google/xcLbjrVJT5NDUfYWV
https://www.instagram.com/dradaianaferrazsc/

Será um prazer recebê-lo(a). Se preferir não receber outras mensagens, é só me avisar."
"0","patoBranco_PB","46","4699212201","Contato","","","","","","","","","","","patoBranco_PB_20261004.txt","","Olá! Tudo bem? Aqui é o Wesley, marido da Dra. Daiana Ferraz. Ela é nova em Pato Branco, e gostaríamos de apresentar o trabalho dela por aqui.

Se quiser conhecer melhor:
https://share.google/xcLbjrVJT5NDUfYWV
https://www.instagram.com/dradaianaferrazsc/

Será um prazer recebê-lo(a). Se preferir não receber outras mensagens, é só me avisar."
"0","patoBranco_PB","46","4699214260","Contato","","","","","","","","","","","patoBranco_PB_20261004.txt","","Olá! Tudo bem? Aqui é o Wesley, marido da Dra. Daiana Ferraz. Ela é nova em Pato Branco, e gostaríamos de apresentar o trabalho dela por aqui.

Se quiser conhecer melhor:
https://share.google/xcLbjrVJT5NDUfYWV
https://www.instagram.com/dradaianaferrazsc/

Será um prazer recebê-lo(a). Se preferir não receber outras mensagens, é só me avisar."
"0","patoBranco_PB","46","4699215187","Contato","","","","","","","","","","","patoBranco_PB_20261004.txt","","Olá! Tudo bem? Aqui é o Wesley, marido da Dra. Daiana Ferraz. Ela é nova em Pato Branco, e gostaríamos de apresentar o trabalho dela por aqui.

Se quiser conhecer melhor:
https://share.google/xcLbjrVJT5NDUfYWV
https://www.instagram.com/dradaianaferrazsc/

Será um prazer recebê-lo(a). Se preferir não receber outras mensagens, é só me avisar."
"0","patoBranco_PB","46","4699215987","Contato","","","","","","","","","","","patoBranco_PB_20261004.txt","","Olá! Tudo bem? Aqui é o Wesley, marido da Dra. Daiana Ferraz. Ela é nova em Pato Branco, e gostaríamos de apresentar o trabalho dela por aqui.

Se quiser conhecer melhor:
https://share.google/xcLbjrVJT5NDUfYWV
https://www.instagram.com/dradaianaferrazsc/

Será um prazer recebê-lo(a). Se preferir não receber outras mensagens, é só me avisar."
"0","patoBranco_PB","46","4699216465","Contato","","","","","","","","","","","patoBranco_PB_20261004.txt","","Olá! Tudo bem? Aqui é o Wesley, marido da Dra. Daiana Ferraz. Ela é nova em Pato Branco, e gostaríamos de apresentar o trabalho dela por aqui.

Se quiser conhecer melhor:
https://share.google/xcLbjrVJT5NDUfYWV
https://www.instagram.com/dradaianaferrazsc/

Será um prazer recebê-lo(a). Se preferir não receber outras mensagens, é só me avisar."
"0","patoBranco_PB","46","4699219134","Contato","","","","","","","","","","","patoBranco_PB_20261004.txt","","Olá! Tudo bem? Aqui é o Wesley, marido da Dra. Daiana Ferraz. Ela é nova em Pato Branco, e gostaríamos de apresentar o trabalho dela por aqui.

Se quiser conhecer melhor:
https://share.google/xcLbjrVJT5NDUfYWV
https://www.instagram.com/dradaianaferrazsc/

Será um prazer recebê-lo(a). Se preferir não receber outras mensagens, é só me avisar."
"0","patoBranco_PB","46","4699219593","Contato","","","","","","","","","","","patoBranco_PB_20261004.txt","","Olá! Tudo bem? Aqui é o Wesley, marido da Dra. Daiana Ferraz. Ela é nova em Pato Branco, e gostaríamos de apresentar o trabalho dela por aqui.

Se quiser conhecer melhor:
https://share.google/xcLbjrVJT5NDUfYWV
https://www.instagram.com/dradaianaferrazsc/

Será um prazer recebê-lo(a). Se preferir não receber outras mensagens, é só me avisar."
"0","patoBranco_PB","46","4699220248","Contato","","","","","","","","","","","patoBranco_PB_20261004.txt","","Olá! Tudo bem? Aqui é o Wesley, marido da Dra. Daiana Ferraz. Ela é nova em Pato Branco, e gostaríamos de apresentar o trabalho dela por aqui.

Se quiser conhecer melhor:
https://share.google/xcLbjrVJT5NDUfYWV
https://www.instagram.com/dradaianaferrazsc/

Será um prazer recebê-lo(a). Se preferir não receber outras mensagens, é só me avisar."
"0","patoBranco_PB","46","4699220828","Contato","","","","","","","","","","","patoBranco_PB_20261004.txt","","Olá! Tudo bem? Aqui é o Wesley, marido da Dra. Daiana Ferraz. Ela é nova em Pato Branco, e gostaríamos de apresentar o trabalho dela por aqui.

Se quiser conhecer melhor:
https://share.google/xcLbjrVJT5NDUfYWV
https://www.instagram.com/dradaianaferrazsc/

Será um prazer recebê-lo(a). Se preferir não receber outras mensagens, é só me avisar."
"0","patoBranco_PB","46","4699221011","Contato","","","","","","","","","","","patoBranco_PB_20261004.txt","","Olá! Tudo bem? Aqui é o Wesley, marido da Dra. Daiana Ferraz. Ela é nova em Pato Branco, e gostaríamos de apresentar o trabalho dela por aqui.

Se quiser conhecer melhor:
https://share.google/xcLbjrVJT5NDUfYWV
https://www.instagram.com/dradaianaferrazsc/

Será um prazer recebê-lo(a). Se preferir não receber outras mensagens, é só me avisar."
"0","patoBranco_PB","46","4699222031","Contato","","","","","","","","","","","patoBranco_PB_20261004.txt","","Olá! Tudo bem? Aqui é o Wesley, marido da Dra. Daiana Ferraz. Ela é nova em Pato Branco, e gostaríamos de apresentar o trabalho dela por aqui.

Se quiser conhecer melhor:
https://share.google/xcLbjrVJT5NDUfYWV
https://www.instagram.com/dradaianaferrazsc/

Será um prazer recebê-lo(a). Se preferir não receber outras mensagens, é só me avisar."
"0","patoBranco_PB","46","4699222136","Contato","","","","","","","","","","","patoBranco_PB_20261004.txt","","Olá! Tudo bem? Aqui é o Wesley, marido da Dra. Daiana Ferraz. Ela é nova em Pato Branco, e gostaríamos de apresentar o trabalho dela por aqui.

Se quiser conhecer melhor:
https://share.google/xcLbjrVJT5NDUfYWV
https://www.instagram.com/dradaianaferrazsc/

Será um prazer recebê-lo(a). Se preferir não receber outras mensagens, é só me avisar."
"0","patoBranco_PB","46","4699223101","Contato","","","","","","","","","","","patoBranco_PB_20261004.txt","","Olá! Tudo bem? Aqui é o Wesley, marido da Dra. Daiana Ferraz. Ela é nova em Pato Branco, e gostaríamos de apresentar o trabalho dela por aqui.

Se quiser conhecer melhor:
https://share.google/xcLbjrVJT5NDUfYWV
https://www.instagram.com/dradaianaferrazsc/

Será um prazer recebê-lo(a). Se preferir não receber outras mensagens, é só me avisar."
"0","patoBranco_PB","46","4699225086","Contato","","","","","","","","","","","patoBranco_PB_20261004.txt","","Olá! Tudo bem? Aqui é o Wesley, marido da Dra. Daiana Ferraz. Ela é nova em Pato Branco, e gostaríamos de apresentar o trabalho dela por aqui.

Se quiser conhecer melhor:
https://share.google/xcLbjrVJT5NDUfYWV
https://www.instagram.com/dradaianaferrazsc/

Será um prazer recebê-lo(a). Se preferir não receber outras mensagens, é só me avisar."
"0","patoBranco_PB","46","4699226020","Contato","","","","","","","","","","","patoBranco_PB_20261004.txt","","Olá! Tudo bem? Aqui é o Wesley, marido da Dra. Daiana Ferraz. Ela é nova em Pato Branco, e gostaríamos de apresentar o trabalho dela por aqui.

Se quiser conhecer melhor:
https://share.google/xcLbjrVJT5NDUfYWV
https://www.instagram.com/dradaianaferrazsc/

Será um prazer recebê-lo(a). Se preferir não receber outras mensagens, é só me avisar."
"0","patoBranco_PB","46","4699226040","Contato","","","","","","","","","","","patoBranco_PB_20261004.txt","","Olá! Tudo bem? Aqui é o Wesley, marido da Dra. Daiana Ferraz. Ela é nova em Pato Branco, e gostaríamos de apresentar o trabalho dela por aqui.

Se quiser conhecer melhor:
https://share.google/xcLbjrVJT5NDUfYWV
https://www.instagram.com/dradaianaferrazsc/

Será um prazer recebê-lo(a). Se preferir não receber outras mensagens, é só me avisar."
"0","patoBranco_PB","46","4699226232","Contato","","","","","","","","","","","patoBranco_PB_20261004.txt","","Olá! Tudo bem? Aqui é o Wesley, marido da Dra. Daiana Ferraz. Ela é nova em Pato Branco, e gostaríamos de apresentar o trabalho dela por aqui.

Se quiser conhecer melhor:
https://share.google/xcLbjrVJT5NDUfYWV
https://www.instagram.com/dradaianaferrazsc/

Será um prazer recebê-lo(a). Se preferir não receber outras mensagens, é só me avisar."
"0","patoBranco_PB","46","4699226267","Contato","","","","","","","","","","","patoBranco_PB_20261004.txt","","Olá! Tudo bem? Aqui é o Wesley, marido da Dra. Daiana Ferraz. Ela é nova em Pato Branco, e gostaríamos de apresentar o trabalho dela por aqui.

Se quiser conhecer melhor:
https://share.google/xcLbjrVJT5NDUfYWV
https://www.instagram.com/dradaianaferrazsc/

Será um prazer recebê-lo(a). Se preferir não receber outras mensagens, é só me avisar."
"0","patoBranco_PB","46","4699226517","Contato","","","","","","","","","","","patoBranco_PB_20261004.txt","","Olá! Tudo bem? Aqui é o Wesley, marido da Dra. Daiana Ferraz. Ela é nova em Pato Branco, e gostaríamos de apresentar o trabalho dela por aqui.

Se quiser conhecer melhor:
https://share.google/xcLbjrVJT5NDUfYWV
https://www.instagram.com/dradaianaferrazsc/

Será um prazer recebê-lo(a). Se preferir não receber outras mensagens, é só me avisar."
"0","patoBranco_PB","46","4699226831","Contato","","","","","","","","","","","patoBranco_PB_20261004.txt","","Olá! Tudo bem? Aqui é o Wesley, marido da Dra. Daiana Ferraz. Ela é nova em Pato Branco, e gostaríamos de apresentar o trabalho dela por aqui.

Se quiser conhecer melhor:
https://share.google/xcLbjrVJT5NDUfYWV
https://www.instagram.com/dradaianaferrazsc/

Será um prazer recebê-lo(a). Se preferir não receber outras mensagens, é só me avisar."
"0","patoBranco_PB","46","4699229894","Contato","","","","","","","","","","","patoBranco_PB_20261004.txt","","Olá! Tudo bem? Aqui é o Wesley, marido da Dra. Daiana Ferraz. Ela é nova em Pato Branco, e gostaríamos de apresentar o trabalho dela por aqui.

Se quiser conhecer melhor:
https://share.google/xcLbjrVJT5NDUfYWV
https://www.instagram.com/dradaianaferrazsc/

Será um prazer recebê-lo(a). Se preferir não receber outras mensagens, é só me avisar."
"0","patoBranco_PB","46","4699230364","Contato","","","","","","","","","","","patoBranco_PB_20261004.txt","","Olá! Tudo bem? Aqui é o Wesley, marido da Dra. Daiana Ferraz. Ela é nova em Pato Branco, e gostaríamos de apresentar o trabalho dela por aqui.

Se quiser conhecer melhor:
https://share.google/xcLbjrVJT5NDUfYWV
https://www.instagram.com/dradaianaferrazsc/

Será um prazer recebê-lo(a). Se preferir não receber outras mensagens, é só me avisar."
"0","patoBranco_PB","46","4699230787","Contato","","","","","","","","","","","patoBranco_PB_20261004.txt","","Olá! Tudo bem? Aqui é o Wesley, marido da Dra. Daiana Ferraz. Ela é nova em Pato Branco, e gostaríamos de apresentar o trabalho dela por aqui.

Se quiser conhecer melhor:
https://share.google/xcLbjrVJT5NDUfYWV
https://www.instagram.com/dradaianaferrazsc/

Será um prazer recebê-lo(a). Se preferir não receber outras mensagens, é só me avisar."
"0","patoBranco_PB","46","4699231338","Contato","","","","","","","","","","","patoBranco_PB_20261004.txt","","Olá! Tudo bem? Aqui é o Wesley, marido da Dra. Daiana Ferraz. Ela é nova em Pato Branco, e gostaríamos de apresentar o trabalho dela por aqui.

Se quiser conhecer melhor:
https://share.google/xcLbjrVJT5NDUfYWV
https://www.instagram.com/dradaianaferrazsc/

Será um prazer recebê-lo(a). Se preferir não receber outras mensagens, é só me avisar."
"0","patoBranco_PB","46","4699233129","Contato","","","","","","","","","","","patoBranco_PB_20261004.txt","","Olá! Tudo bem? Aqui é o Wesley, marido da Dra. Daiana Ferraz. Ela é nova em Pato Branco, e gostaríamos de apresentar o trabalho dela por aqui.

Se quiser conhecer melhor:
https://share.google/xcLbjrVJT5NDUfYWV
https://www.instagram.com/dradaianaferrazsc/

Será um prazer recebê-lo(a). Se preferir não receber outras mensagens, é só me avisar."
"0","patoBranco_PB","46","4699234355","Contato","","","","","","","","","","","patoBranco_PB_20261004.txt","","Olá! Tudo bem? Aqui é o Wesley, marido da Dra. Daiana Ferraz. Ela é nova em Pato Branco, e gostaríamos de apresentar o trabalho dela por aqui.

Se quiser conhecer melhor:
https://share.google/xcLbjrVJT5NDUfYWV
https://www.instagram.com/dradaianaferrazsc/

Será um prazer recebê-lo(a). Se preferir não receber outras mensagens, é só me avisar."
"0","patoBranco_PB","46","4699236058","Contato","","","","","","","","","","","patoBranco_PB_20261004.txt","","Olá! Tudo bem? Aqui é o Wesley, marido da Dra. Daiana Ferraz. Ela é nova em Pato Branco, e gostaríamos de apresentar o trabalho dela por aqui.

Se quiser conhecer melhor:
https://share.google/xcLbjrVJT5NDUfYWV
https://www.instagram.com/dradaianaferrazsc/

Será um prazer recebê-lo(a). Se preferir não receber outras mensagens, é só me avisar."
"0","patoBranco_PB","46","4699236940","Contato","","","","","","","","","","","patoBranco_PB_20261004.txt","","Olá! Tudo bem? Aqui é o Wesley, marido da Dra. Daiana Ferraz. Ela é nova em Pato Branco, e gostaríamos de apresentar o trabalho dela por aqui.

Se quiser conhecer melhor:
https://share.google/xcLbjrVJT5NDUfYWV
https://www.instagram.com/dradaianaferrazsc/

Será um prazer recebê-lo(a). Se preferir não receber outras mensagens, é só me avisar."
"0","patoBranco_PB","46","4699238802","Contato","","","","","","","","","","","patoBranco_PB_20261004.txt","","Olá! Tudo bem? Aqui é o Wesley, marido da Dra. Daiana Ferraz. Ela é nova em Pato Branco, e gostaríamos de apresentar o trabalho dela por aqui.

Se quiser conhecer melhor:
https://share.google/xcLbjrVJT5NDUfYWV
https://www.instagram.com/dradaianaferrazsc/

Será um prazer recebê-lo(a). Se preferir não receber outras mensagens, é só me avisar."
"0","patoBranco_PB","46","4699239853","Contato","","","","","","","","","","","patoBranco_PB_20261004.txt","","Olá! Tudo bem? Aqui é o Wesley, marido da Dra. Daiana Ferraz. Ela é nova em Pato Branco, e gostaríamos de apresentar o trabalho dela por aqui.

Se quiser conhecer melhor:
https://share.google/xcLbjrVJT5NDUfYWV
https://www.instagram.com/dradaianaferrazsc/

Será um prazer recebê-lo(a). Se preferir não receber outras mensagens, é só me avisar."
"0","patoBranco_PB","46","4699239856","Contato","","","","","","","","","","","patoBranco_PB_20261004.txt","","Olá! Tudo bem? Aqui é o Wesley, marido da Dra. Daiana Ferraz. Ela é nova em Pato Branco, e gostaríamos de apresentar o trabalho dela por aqui.

Se quiser conhecer melhor:
https://share.google/xcLbjrVJT5NDUfYWV
https://www.instagram.com/dradaianaferrazsc/

Será um prazer recebê-lo(a). Se preferir não receber outras mensagens, é só me avisar."
"0","patoBranco_PB","46","4699241829","Contato","","","","","","","","","","","patoBranco_PB_20261004.txt","","Olá! Tudo bem? Aqui é o Wesley, marido da Dra. Daiana Ferraz. Ela é nova em Pato Branco, e gostaríamos de apresentar o trabalho dela por aqui.

Se quiser conhecer melhor:
https://share.google/xcLbjrVJT5NDUfYWV
https://www.instagram.com/dradaianaferrazsc/

Será um prazer recebê-lo(a). Se preferir não receber outras mensagens, é só me avisar."
"0","patoBranco_PB","46","4699242090","Contato","","","","","","","","","","","patoBranco_PB_20261004.txt","","Olá! Tudo bem? Aqui é o Wesley, marido da Dra. Daiana Ferraz. Ela é nova em Pato Branco, e gostaríamos de apresentar o trabalho dela por aqui.

Se quiser conhecer melhor:
https://share.google/xcLbjrVJT5NDUfYWV
https://www.instagram.com/dradaianaferrazsc/

Será um prazer recebê-lo(a). Se preferir não receber outras mensagens, é só me avisar."
"0","patoBranco_PB","46","4699242732","Contato","","","","","","","","","","","patoBranco_PB_20261004.txt","","Olá! Tudo bem? Aqui é o Wesley, marido da Dra. Daiana Ferraz. Ela é nova em Pato Branco, e gostaríamos de apresentar o trabalho dela por aqui.

Se quiser conhecer melhor:
https://share.google/xcLbjrVJT5NDUfYWV
https://www.instagram.com/dradaianaferrazsc/

Será um prazer recebê-lo(a). Se preferir não receber outras mensagens, é só me avisar."
"0","patoBranco_PB","46","4699244884","Contato","","","","","","","","","","","patoBranco_PB_20261004.txt","","Olá! Tudo bem? Aqui é o Wesley, marido da Dra. Daiana Ferraz. Ela é nova em Pato Branco, e gostaríamos de apresentar o trabalho dela por aqui.

Se quiser conhecer melhor:
https://share.google/xcLbjrVJT5NDUfYWV
https://www.instagram.com/dradaianaferrazsc/

Será um prazer recebê-lo(a). Se preferir não receber outras mensagens, é só me avisar."
"0","patoBranco_PB","46","4699245177","Contato","","","","","","","","","","","patoBranco_PB_20261004.txt","","Olá! Tudo bem? Aqui é o Wesley, marido da Dra. Daiana Ferraz. Ela é nova em Pato Branco, e gostaríamos de apresentar o trabalho dela por aqui.

Se quiser conhecer melhor:
https://share.google/xcLbjrVJT5NDUfYWV
https://www.instagram.com/dradaianaferrazsc/

Será um prazer recebê-lo(a). Se preferir não receber outras mensagens, é só me avisar."
"0","patoBranco_PB","46","4699245207","Contato","","","","","","","","","","","patoBranco_PB_20261004.txt","","Olá! Tudo bem? Aqui é o Wesley, marido da Dra. Daiana Ferraz. Ela é nova em Pato Branco, e gostaríamos de apresentar o trabalho dela por aqui.

Se quiser conhecer melhor:
https://share.google/xcLbjrVJT5NDUfYWV
https://www.instagram.com/dradaianaferrazsc/

Será um prazer recebê-lo(a). Se preferir não receber outras mensagens, é só me avisar."
"0","patoBranco_PB","46","4699247450","Contato","","","","","","","","","","","patoBranco_PB_20261004.txt","","Olá! Tudo bem? Aqui é o Wesley, marido da Dra. Daiana Ferraz. Ela é nova em Pato Branco, e gostaríamos de apresentar o trabalho dela por aqui.

Se quiser conhecer melhor:
https://share.google/xcLbjrVJT5NDUfYWV
https://www.instagram.com/dradaianaferrazsc/

Será um prazer recebê-lo(a). Se preferir não receber outras mensagens, é só me avisar."
"0","patoBranco_PB","46","4699247944","Contato","","","","","","","","","","","patoBranco_PB_20261004.txt","","Olá! Tudo bem? Aqui é o Wesley, marido da Dra. Daiana Ferraz. Ela é nova em Pato Branco, e gostaríamos de apresentar o trabalho dela por aqui.

Se quiser conhecer melhor:
https://share.google/xcLbjrVJT5NDUfYWV
https://www.instagram.com/dradaianaferrazsc/

Será um prazer recebê-lo(a). Se preferir não receber outras mensagens, é só me avisar."
"0","patoBranco_PB","46","4699249662","Contato","","","","","","","","","","","patoBranco_PB_20261004.txt","","Olá! Tudo bem? Aqui é o Wesley, marido da Dra. Daiana Ferraz. Ela é nova em Pato Branco, e gostaríamos de apresentar o trabalho dela por aqui.

Se quiser conhecer melhor:
https://share.google/xcLbjrVJT5NDUfYWV
https://www.instagram.com/dradaianaferrazsc/

Será um prazer recebê-lo(a). Se preferir não receber outras mensagens, é só me avisar."
"0","patoBranco_PB","46","4699249778","Contato","","","","","","","","","","","patoBranco_PB_20261004.txt","","Olá! Tudo bem? Aqui é o Wesley, marido da Dra. Daiana Ferraz. Ela é nova em Pato Branco, e gostaríamos de apresentar o trabalho dela por aqui.

Se quiser conhecer melhor:
https://share.google/xcLbjrVJT5NDUfYWV
https://www.instagram.com/dradaianaferrazsc/

Será um prazer recebê-lo(a). Se preferir não receber outras mensagens, é só me avisar."
"0","patoBranco_PB","46","4699250355","Contato","","","","","","","","","","","patoBranco_PB_20261004.txt","","Olá! Tudo bem? Aqui é o Wesley, marido da Dra. Daiana Ferraz. Ela é nova em Pato Branco, e gostaríamos de apresentar o trabalho dela por aqui.

Se quiser conhecer melhor:
https://share.google/xcLbjrVJT5NDUfYWV
https://www.instagram.com/dradaianaferrazsc/

Será um prazer recebê-lo(a). Se preferir não receber outras mensagens, é só me avisar."
"0","patoBranco_PB","46","4699250635","Contato","","","","","","","","","","","patoBranco_PB_20261004.txt","","Olá! Tudo bem? Aqui é o Wesley, marido da Dra. Daiana Ferraz. Ela é nova em Pato Branco, e gostaríamos de apresentar o trabalho dela por aqui.

Se quiser conhecer melhor:
https://share.google/xcLbjrVJT5NDUfYWV
https://www.instagram.com/dradaianaferrazsc/

Será um prazer recebê-lo(a). Se preferir não receber outras mensagens, é só me avisar."
"0","patoBranco_PB","46","4699251031","Contato","","","","","","","","","","","patoBranco_PB_20261004.txt","","Olá! Tudo bem? Aqui é o Wesley, marido da Dra. Daiana Ferraz. Ela é nova em Pato Branco, e gostaríamos de apresentar o trabalho dela por aqui.

Se quiser conhecer melhor:
https://share.google/xcLbjrVJT5NDUfYWV
https://www.instagram.com/dradaianaferrazsc/

Será um prazer recebê-lo(a). Se preferir não receber outras mensagens, é só me avisar."
"0","patoBranco_PB","46","4699251073","Contato","","","","","","","","","","","patoBranco_PB_20261004.txt","","Olá! Tudo bem? Aqui é o Wesley, marido da Dra. Daiana Ferraz. Ela é nova em Pato Branco, e gostaríamos de apresentar o trabalho dela por aqui.

Se quiser conhecer melhor:
https://share.google/xcLbjrVJT5NDUfYWV
https://www.instagram.com/dradaianaferrazsc/

Será um prazer recebê-lo(a). Se preferir não receber outras mensagens, é só me avisar."
"0","patoBranco_PB","46","4699252696","Contato","","","","","","","","","","","patoBranco_PB_20261004.txt","","Olá! Tudo bem? Aqui é o Wesley, marido da Dra. Daiana Ferraz. Ela é nova em Pato Branco, e gostaríamos de apresentar o trabalho dela por aqui.

Se quiser conhecer melhor:
https://share.google/xcLbjrVJT5NDUfYWV
https://www.instagram.com/dradaianaferrazsc/

Será um prazer recebê-lo(a). Se preferir não receber outras mensagens, é só me avisar."
"0","patoBranco_PB","46","4699253426","Contato","","","","","","","","","","","patoBranco_PB_20261004.txt","","Olá! Tudo bem? Aqui é o Wesley, marido da Dra. Daiana Ferraz. Ela é nova em Pato Branco, e gostaríamos de apresentar o trabalho dela por aqui.

Se quiser conhecer melhor:
https://share.google/xcLbjrVJT5NDUfYWV
https://www.instagram.com/dradaianaferrazsc/

Será um prazer recebê-lo(a). Se preferir não receber outras mensagens, é só me avisar."
"0","patoBranco_PB","46","4699253815","Contato","","","","","","","","","","","patoBranco_PB_20261004.txt","","Olá! Tudo bem? Aqui é o Wesley, marido da Dra. Daiana Ferraz. Ela é nova em Pato Branco, e gostaríamos de apresentar o trabalho dela por aqui.

Se quiser conhecer melhor:
https://share.google/xcLbjrVJT5NDUfYWV
https://www.instagram.com/dradaianaferrazsc/

Será um prazer recebê-lo(a). Se preferir não receber outras mensagens, é só me avisar."
"0","patoBranco_PB","46","4699254078","Contato","","","","","","","","","","","patoBranco_PB_20261004.txt","","Olá! Tudo bem? Aqui é o Wesley, marido da Dra. Daiana Ferraz. Ela é nova em Pato Branco, e gostaríamos de apresentar o trabalho dela por aqui.

Se quiser conhecer melhor:
https://share.google/xcLbjrVJT5NDUfYWV
https://www.instagram.com/dradaianaferrazsc/

Será um prazer recebê-lo(a). Se preferir não receber outras mensagens, é só me avisar."
"0","patoBranco_PB","46","4699255807","Contato","","","","","","","","","","","patoBranco_PB_20261004.txt","","Olá! Tudo bem? Aqui é o Wesley, marido da Dra. Daiana Ferraz. Ela é nova em Pato Branco, e gostaríamos de apresentar o trabalho dela por aqui.

Se quiser conhecer melhor:
https://share.google/xcLbjrVJT5NDUfYWV
https://www.instagram.com/dradaianaferrazsc/

Será um prazer recebê-lo(a). Se preferir não receber outras mensagens, é só me avisar."
"0","patoBranco_PB","46","4699256635","Contato","","","","","","","","","","","patoBranco_PB_20261004.txt","","Olá! Tudo bem? Aqui é o Wesley, marido da Dra. Daiana Ferraz. Ela é nova em Pato Branco, e gostaríamos de apresentar o trabalho dela por aqui.

Se quiser conhecer melhor:
https://share.google/xcLbjrVJT5NDUfYWV
https://www.instagram.com/dradaianaferrazsc/

Será um prazer recebê-lo(a). Se preferir não receber outras mensagens, é só me avisar."
"0","patoBranco_PB","46","4699258528","Contato","","","","","","","","","","","patoBranco_PB_20261004.txt","","Olá! Tudo bem? Aqui é o Wesley, marido da Dra. Daiana Ferraz. Ela é nova em Pato Branco, e gostaríamos de apresentar o trabalho dela por aqui.

Se quiser conhecer melhor:
https://share.google/xcLbjrVJT5NDUfYWV
https://www.instagram.com/dradaianaferrazsc/

Será um prazer recebê-lo(a). Se preferir não receber outras mensagens, é só me avisar."
"0","patoBranco_PB","46","4699259973","Contato","","","","","","","","","","","patoBranco_PB_20261004.txt","","Olá! Tudo bem? Aqui é o Wesley, marido da Dra. Daiana Ferraz. Ela é nova em Pato Branco, e gostaríamos de apresentar o trabalho dela por aqui.

Se quiser conhecer melhor:
https://share.google/xcLbjrVJT5NDUfYWV
https://www.instagram.com/dradaianaferrazsc/

Será um prazer recebê-lo(a). Se preferir não receber outras mensagens, é só me avisar."
"0","patoBranco_PB","46","4699261475","Contato","","","","","","","","","","","patoBranco_PB_20261004.txt","","Olá! Tudo bem? Aqui é o Wesley, marido da Dra. Daiana Ferraz. Ela é nova em Pato Branco, e gostaríamos de apresentar o trabalho dela por aqui.

Se quiser conhecer melhor:
https://share.google/xcLbjrVJT5NDUfYWV
https://www.instagram.com/dradaianaferrazsc/

Será um prazer recebê-lo(a). Se preferir não receber outras mensagens, é só me avisar."
"0","patoBranco_PB","46","4699263607","Contato","","","","","","","","","","","patoBranco_PB_20261004.txt","","Olá! Tudo bem? Aqui é o Wesley, marido da Dra. Daiana Ferraz. Ela é nova em Pato Branco, e gostaríamos de apresentar o trabalho dela por aqui.

Se quiser conhecer melhor:
https://share.google/xcLbjrVJT5NDUfYWV
https://www.instagram.com/dradaianaferrazsc/

Será um prazer recebê-lo(a). Se preferir não receber outras mensagens, é só me avisar."
"0","patoBranco_PB","46","4699263987","Contato","","","","","","","","","","","patoBranco_PB_20261004.txt","","Olá! Tudo bem? Aqui é o Wesley, marido da Dra. Daiana Ferraz. Ela é nova em Pato Branco, e gostaríamos de apresentar o trabalho dela por aqui.

Se quiser conhecer melhor:
https://share.google/xcLbjrVJT5NDUfYWV
https://www.instagram.com/dradaianaferrazsc/

Será um prazer recebê-lo(a). Se preferir não receber outras mensagens, é só me avisar."
"0","patoBranco_PB","46","4699266861","Contato","","","","","","","","","","","patoBranco_PB_20261004.txt","","Olá! Tudo bem? Aqui é o Wesley, marido da Dra. Daiana Ferraz. Ela é nova em Pato Branco, e gostaríamos de apresentar o trabalho dela por aqui.

Se quiser conhecer melhor:
https://share.google/xcLbjrVJT5NDUfYWV
https://www.instagram.com/dradaianaferrazsc/

Será um prazer recebê-lo(a). Se preferir não receber outras mensagens, é só me avisar."
"0","patoBranco_PB","46","4699267000","Contato","","","","","","","","","","","patoBranco_PB_20261004.txt","","Olá! Tudo bem? Aqui é o Wesley, marido da Dra. Daiana Ferraz. Ela é nova em Pato Branco, e gostaríamos de apresentar o trabalho dela por aqui.

Se quiser conhecer melhor:
https://share.google/xcLbjrVJT5NDUfYWV
https://www.instagram.com/dradaianaferrazsc/

Será um prazer recebê-lo(a). Se preferir não receber outras mensagens, é só me avisar."
"0","patoBranco_PB","46","4699267383","Contato","","","","","","","","","","","patoBranco_PB_20261004.txt","","Olá! Tudo bem? Aqui é o Wesley, marido da Dra. Daiana Ferraz. Ela é nova em Pato Branco, e gostaríamos de apresentar o trabalho dela por aqui.

Se quiser conhecer melhor:
https://share.google/xcLbjrVJT5NDUfYWV
https://www.instagram.com/dradaianaferrazsc/

Será um prazer recebê-lo(a). Se preferir não receber outras mensagens, é só me avisar."
"0","patoBranco_PB","46","4699269602","Contato","","","","","","","","","","","patoBranco_PB_20261004.txt","","Olá! Tudo bem? Aqui é o Wesley, marido da Dra. Daiana Ferraz. Ela é nova em Pato Branco, e gostaríamos de apresentar o trabalho dela por aqui.

Se quiser conhecer melhor:
https://share.google/xcLbjrVJT5NDUfYWV
https://www.instagram.com/dradaianaferrazsc/

Será um prazer recebê-lo(a). Se preferir não receber outras mensagens, é só me avisar."
"0","patoBranco_PB","46","4699271485","Contato","","","","","","","","","","","patoBranco_PB_20261004.txt","","Olá! Tudo bem? Aqui é o Wesley, marido da Dra. Daiana Ferraz. Ela é nova em Pato Branco, e gostaríamos de apresentar o trabalho dela por aqui.

Se quiser conhecer melhor:
https://share.google/xcLbjrVJT5NDUfYWV
https://www.instagram.com/dradaianaferrazsc/

Será um prazer recebê-lo(a). Se preferir não receber outras mensagens, é só me avisar."
"0","patoBranco_PB","46","4699271634","Contato","","","","","","","","","","","patoBranco_PB_20261004.txt","","Olá! Tudo bem? Aqui é o Wesley, marido da Dra. Daiana Ferraz. Ela é nova em Pato Branco, e gostaríamos de apresentar o trabalho dela por aqui.

Se quiser conhecer melhor:
https://share.google/xcLbjrVJT5NDUfYWV
https://www.instagram.com/dradaianaferrazsc/

Será um prazer recebê-lo(a). Se preferir não receber outras mensagens, é só me avisar."
"0","patoBranco_PB","46","4699271825","Contato","","","","","","","","","","","patoBranco_PB_20261004.txt","","Olá! Tudo bem? Aqui é o Wesley, marido da Dra. Daiana Ferraz. Ela é nova em Pato Branco, e gostaríamos de apresentar o trabalho dela por aqui.

Se quiser conhecer melhor:
https://share.google/xcLbjrVJT5NDUfYWV
https://www.instagram.com/dradaianaferrazsc/

Será um prazer recebê-lo(a). Se preferir não receber outras mensagens, é só me avisar."
"0","patoBranco_PB","46","4699272236","Contato","","","","","","","","","","","patoBranco_PB_20261004.txt","","Olá! Tudo bem? Aqui é o Wesley, marido da Dra. Daiana Ferraz. Ela é nova em Pato Branco, e gostaríamos de apresentar o trabalho dela por aqui.

Se quiser conhecer melhor:
https://share.google/xcLbjrVJT5NDUfYWV
https://www.instagram.com/dradaianaferrazsc/

Será um prazer recebê-lo(a). Se preferir não receber outras mensagens, é só me avisar."
"0","patoBranco_PB","46","4699272562","Contato","","","","","","","","","","","patoBranco_PB_20261004.txt","","Olá! Tudo bem? Aqui é o Wesley, marido da Dra. Daiana Ferraz. Ela é nova em Pato Branco, e gostaríamos de apresentar o trabalho dela por aqui.

Se quiser conhecer melhor:
https://share.google/xcLbjrVJT5NDUfYWV
https://www.instagram.com/dradaianaferrazsc/

Será um prazer recebê-lo(a). Se preferir não receber outras mensagens, é só me avisar."
"0","patoBranco_PB","46","4699272914","Contato","","","","","","","","","","","patoBranco_PB_20261004.txt","","Olá! Tudo bem? Aqui é o Wesley, marido da Dra. Daiana Ferraz. Ela é nova em Pato Branco, e gostaríamos de apresentar o trabalho dela por aqui.

Se quiser conhecer melhor:
https://share.google/xcLbjrVJT5NDUfYWV
https://www.instagram.com/dradaianaferrazsc/

Será um prazer recebê-lo(a). Se preferir não receber outras mensagens, é só me avisar."
"0","patoBranco_PB","46","4699273494","Contato","","","","","","","","","","","patoBranco_PB_20261004.txt","","Olá! Tudo bem? Aqui é o Wesley, marido da Dra. Daiana Ferraz. Ela é nova em Pato Branco, e gostaríamos de apresentar o trabalho dela por aqui.

Se quiser conhecer melhor:
https://share.google/xcLbjrVJT5NDUfYWV
https://www.instagram.com/dradaianaferrazsc/

Será um prazer recebê-lo(a). Se preferir não receber outras mensagens, é só me avisar."
"0","patoBranco_PB","46","4699277831","Contato","","","","","","","","","","","patoBranco_PB_20261004.txt","","Olá! Tudo bem? Aqui é o Wesley, marido da Dra. Daiana Ferraz. Ela é nova em Pato Branco, e gostaríamos de apresentar o trabalho dela por aqui.

Se quiser conhecer melhor:
https://share.google/xcLbjrVJT5NDUfYWV
https://www.instagram.com/dradaianaferrazsc/

Será um prazer recebê-lo(a). Se preferir não receber outras mensagens, é só me avisar."
"0","patoBranco_PB","46","4699278593","Contato","","","","","","","","","","","patoBranco_PB_20261004.txt","","Olá! Tudo bem? Aqui é o Wesley, marido da Dra. Daiana Ferraz. Ela é nova em Pato Branco, e gostaríamos de apresentar o trabalho dela por aqui.

Se quiser conhecer melhor:
https://share.google/xcLbjrVJT5NDUfYWV
https://www.instagram.com/dradaianaferrazsc/

Será um prazer recebê-lo(a). Se preferir não receber outras mensagens, é só me avisar."
"0","patoBranco_PB","46","4699279847","Contato","","","","","","","","","","","patoBranco_PB_20261004.txt","","Olá! Tudo bem? Aqui é o Wesley, marido da Dra. Daiana Ferraz. Ela é nova em Pato Branco, e gostaríamos de apresentar o trabalho dela por aqui.

Se quiser conhecer melhor:
https://share.google/xcLbjrVJT5NDUfYWV
https://www.instagram.com/dradaianaferrazsc/

Será um prazer recebê-lo(a). Se preferir não receber outras mensagens, é só me avisar."
"0","patoBranco_PB","46","4699280509","Contato","","","","","","","","","","","patoBranco_PB_20261004.txt","","Olá! Tudo bem? Aqui é o Wesley, marido da Dra. Daiana Ferraz. Ela é nova em Pato Branco, e gostaríamos de apresentar o trabalho dela por aqui.

Se quiser conhecer melhor:
https://share.google/xcLbjrVJT5NDUfYWV
https://www.instagram.com/dradaianaferrazsc/

Será um prazer recebê-lo(a). Se preferir não receber outras mensagens, é só me avisar."
"0","patoBranco_PB","46","4699281509","Contato","","","","","","","","","","","patoBranco_PB_20261004.txt","","Olá! Tudo bem? Aqui é o Wesley, marido da Dra. Daiana Ferraz. Ela é nova em Pato Branco, e gostaríamos de apresentar o trabalho dela por aqui.

Se quiser conhecer melhor:
https://share.google/xcLbjrVJT5NDUfYWV
https://www.instagram.com/dradaianaferrazsc/

Será um prazer recebê-lo(a). Se preferir não receber outras mensagens, é só me avisar."
"0","patoBranco_PB","46","4699281951","Contato","","","","","","","","","","","patoBranco_PB_20261004.txt","","Olá! Tudo bem? Aqui é o Wesley, marido da Dra. Daiana Ferraz. Ela é nova em Pato Branco, e gostaríamos de apresentar o trabalho dela por aqui.

Se quiser conhecer melhor:
https://share.google/xcLbjrVJT5NDUfYWV
https://www.instagram.com/dradaianaferrazsc/

Será um prazer recebê-lo(a). Se preferir não receber outras mensagens, é só me avisar."
"0","patoBranco_PB","46","4699283498","Contato","","","","","","","","","","","patoBranco_PB_20261004.txt","","Olá! Tudo bem? Aqui é o Wesley, marido da Dra. Daiana Ferraz. Ela é nova em Pato Branco, e gostaríamos de apresentar o trabalho dela por aqui.

Se quiser conhecer melhor:
https://share.google/xcLbjrVJT5NDUfYWV
https://www.instagram.com/dradaianaferrazsc/

Será um prazer recebê-lo(a). Se preferir não receber outras mensagens, é só me avisar."
"0","patoBranco_PB","46","4699284938","Contato","","","","","","","","","","","patoBranco_PB_20261004.txt","","Olá! Tudo bem? Aqui é o Wesley, marido da Dra. Daiana Ferraz. Ela é nova em Pato Branco, e gostaríamos de apresentar o trabalho dela por aqui.

Se quiser conhecer melhor:
https://share.google/xcLbjrVJT5NDUfYWV
https://www.instagram.com/dradaianaferrazsc/

Será um prazer recebê-lo(a). Se preferir não receber outras mensagens, é só me avisar."
"0","patoBranco_PB","46","4699288393","Contato","","","","","","","","","","","patoBranco_PB_20261004.txt","","Olá! Tudo bem? Aqui é o Wesley, marido da Dra. Daiana Ferraz. Ela é nova em Pato Branco, e gostaríamos de apresentar o trabalho dela por aqui.

Se quiser conhecer melhor:
https://share.google/xcLbjrVJT5NDUfYWV
https://www.instagram.com/dradaianaferrazsc/

Será um prazer recebê-lo(a). Se preferir não receber outras mensagens, é só me avisar."
"0","patoBranco_PB","46","4699291378","Contato","","","","","","","","","","","patoBranco_PB_20261004.txt","","Olá! Tudo bem? Aqui é o Wesley, marido da Dra. Daiana Ferraz. Ela é nova em Pato Branco, e gostaríamos de apresentar o trabalho dela por aqui.

Se quiser conhecer melhor:
https://share.google/xcLbjrVJT5NDUfYWV
https://www.instagram.com/dradaianaferrazsc/

Será um prazer recebê-lo(a). Se preferir não receber outras mensagens, é só me avisar."
"0","patoBranco_PB","46","4699296357","Contato","","","","","","","","","","","patoBranco_PB_20261004.txt","","Olá! Tudo bem? Aqui é o Wesley, marido da Dra. Daiana Ferraz. Ela é nova em Pato Branco, e gostaríamos de apresentar o trabalho dela por aqui.

Se quiser conhecer melhor:
https://share.google/xcLbjrVJT5NDUfYWV
https://www.instagram.com/dradaianaferrazsc/

Será um prazer recebê-lo(a). Se preferir não receber outras mensagens, é só me avisar."
"0","patoBranco_PB","46","4699296937","Contato","","","","","","","","","","","patoBranco_PB_20261004.txt","","Olá! Tudo bem? Aqui é o Wesley, marido da Dra. Daiana Ferraz. Ela é nova em Pato Branco, e gostaríamos de apresentar o trabalho dela por aqui.

Se quiser conhecer melhor:
https://share.google/xcLbjrVJT5NDUfYWV
https://www.instagram.com/dradaianaferrazsc/

Será um prazer recebê-lo(a). Se preferir não receber outras mensagens, é só me avisar."
"0","patoBranco_PB","46","4699298398","Contato","","","","","","","","","","","patoBranco_PB_20261004.txt","","Olá! Tudo bem? Aqui é o Wesley, marido da Dra. Daiana Ferraz. Ela é nova em Pato Branco, e gostaríamos de apresentar o trabalho dela por aqui.

Se quiser conhecer melhor:
https://share.google/xcLbjrVJT5NDUfYWV
https://www.instagram.com/dradaianaferrazsc/

Será um prazer recebê-lo(a). Se preferir não receber outras mensagens, é só me avisar."
"0","patoBranco_PB","46","4699302335","Contato","","","","","","","","","","","patoBranco_PB_20261004.txt","","Olá! Tudo bem? Aqui é o Wesley, marido da Dra. Daiana Ferraz. Ela é nova em Pato Branco, e gostaríamos de apresentar o trabalho dela por aqui.

Se quiser conhecer melhor:
https://share.google/xcLbjrVJT5NDUfYWV
https://www.instagram.com/dradaianaferrazsc/

Será um prazer recebê-lo(a). Se preferir não receber outras mensagens, é só me avisar."
"0","patoBranco_PB","46","4699303168","Contato","","","","","","","","","","","patoBranco_PB_20261004.txt","","Olá! Tudo bem? Aqui é o Wesley, marido da Dra. Daiana Ferraz. Ela é nova em Pato Branco, e gostaríamos de apresentar o trabalho dela por aqui.

Se quiser conhecer melhor:
https://share.google/xcLbjrVJT5NDUfYWV
https://www.instagram.com/dradaianaferrazsc/

Será um prazer recebê-lo(a). Se preferir não receber outras mensagens, é só me avisar."
"0","patoBranco_PB","46","4699305525","Contato","","","","","","","","","","","patoBranco_PB_20261004.txt","","Olá! Tudo bem? Aqui é o Wesley, marido da Dra. Daiana Ferraz. Ela é nova em Pato Branco, e gostaríamos de apresentar o trabalho dela por aqui.

Se quiser conhecer melhor:
https://share.google/xcLbjrVJT5NDUfYWV
https://www.instagram.com/dradaianaferrazsc/

Será um prazer recebê-lo(a). Se preferir não receber outras mensagens, é só me avisar."
"0","patoBranco_PB","46","4699308698","Contato","","","","","","","","","","","patoBranco_PB_20261004.txt","","Olá! Tudo bem? Aqui é o Wesley, marido da Dra. Daiana Ferraz. Ela é nova em Pato Branco, e gostaríamos de apresentar o trabalho dela por aqui.

Se quiser conhecer melhor:
https://share.google/xcLbjrVJT5NDUfYWV
https://www.instagram.com/dradaianaferrazsc/

Será um prazer recebê-lo(a). Se preferir não receber outras mensagens, é só me avisar."
"0","patoBranco_PB","46","4699308952","Contato","","","","","","","","","","","patoBranco_PB_20261004.txt","","Olá! Tudo bem? Aqui é o Wesley, marido da Dra. Daiana Ferraz. Ela é nova em Pato Branco, e gostaríamos de apresentar o trabalho dela por aqui.

Se quiser conhecer melhor:
https://share.google/xcLbjrVJT5NDUfYWV
https://www.instagram.com/dradaianaferrazsc/

Será um prazer recebê-lo(a). Se preferir não receber outras mensagens, é só me avisar."
"0","patoBranco_PB","46","4699310777","Contato","","","","","","","","","","","patoBranco_PB_20261004.txt","","Olá! Tudo bem? Aqui é o Wesley, marido da Dra. Daiana Ferraz. Ela é nova em Pato Branco, e gostaríamos de apresentar o trabalho dela por aqui.

Se quiser conhecer melhor:
https://share.google/xcLbjrVJT5NDUfYWV
https://www.instagram.com/dradaianaferrazsc/

Será um prazer recebê-lo(a). Se preferir não receber outras mensagens, é só me avisar."
"0","patoBranco_PB","46","4699310982","Contato","","","","","","","","","","","patoBranco_PB_20261004.txt","","Olá! Tudo bem? Aqui é o Wesley, marido da Dra. Daiana Ferraz. Ela é nova em Pato Branco, e gostaríamos de apresentar o trabalho dela por aqui.

Se quiser conhecer melhor:
https://share.google/xcLbjrVJT5NDUfYWV
https://www.instagram.com/dradaianaferrazsc/

Será um prazer recebê-lo(a). Se preferir não receber outras mensagens, é só me avisar."
"0","patoBranco_PB","46","4699311943","Contato","","","","","","","","","","","patoBranco_PB_20261004.txt","","Olá! Tudo bem? Aqui é o Wesley, marido da Dra. Daiana Ferraz. Ela é nova em Pato Branco, e gostaríamos de apresentar o trabalho dela por aqui.

Se quiser conhecer melhor:
https://share.google/xcLbjrVJT5NDUfYWV
https://www.instagram.com/dradaianaferrazsc/

Será um prazer recebê-lo(a). Se preferir não receber outras mensagens, é só me avisar."
"0","patoBranco_PB","46","4699312919","Contato","","","","","","","","","","","patoBranco_PB_20261004.txt","","Olá! Tudo bem? Aqui é o Wesley, marido da Dra. Daiana Ferraz. Ela é nova em Pato Branco, e gostaríamos de apresentar o trabalho dela por aqui.

Se quiser conhecer melhor:
https://share.google/xcLbjrVJT5NDUfYWV
https://www.instagram.com/dradaianaferrazsc/

Será um prazer recebê-lo(a). Se preferir não receber outras mensagens, é só me avisar."
"0","patoBranco_PB","46","4699313168","Contato","","","","","","","","","","","patoBranco_PB_20261004.txt","","Olá! Tudo bem? Aqui é o Wesley, marido da Dra. Daiana Ferraz. Ela é nova em Pato Branco, e gostaríamos de apresentar o trabalho dela por aqui.

Se quiser conhecer melhor:
https://share.google/xcLbjrVJT5NDUfYWV
https://www.instagram.com/dradaianaferrazsc/

Será um prazer recebê-lo(a). Se preferir não receber outras mensagens, é só me avisar."
"0","patoBranco_PB","46","4699317894","Contato","","","","","","","","","","","patoBranco_PB_20261004.txt","","Olá! Tudo bem? Aqui é o Wesley, marido da Dra. Daiana Ferraz. Ela é nova em Pato Branco, e gostaríamos de apresentar o trabalho dela por aqui.

Se quiser conhecer melhor:
https://share.google/xcLbjrVJT5NDUfYWV
https://www.instagram.com/dradaianaferrazsc/

Será um prazer recebê-lo(a). Se preferir não receber outras mensagens, é só me avisar."
"0","patoBranco_PB","46","4699318277","Contato","","","","","","","","","","","patoBranco_PB_20261004.txt","","Olá! Tudo bem? Aqui é o Wesley, marido da Dra. Daiana Ferraz. Ela é nova em Pato Branco, e gostaríamos de apresentar o trabalho dela por aqui.

Se quiser conhecer melhor:
https://share.google/xcLbjrVJT5NDUfYWV
https://www.instagram.com/dradaianaferrazsc/

Será um prazer recebê-lo(a). Se preferir não receber outras mensagens, é só me avisar."
"0","patoBranco_PB","46","4699318879","Contato","","","","","","","","","","","patoBranco_PB_20261004.txt","","Olá! Tudo bem? Aqui é o Wesley, marido da Dra. Daiana Ferraz. Ela é nova em Pato Branco, e gostaríamos de apresentar o trabalho dela por aqui.

Se quiser conhecer melhor:
https://share.google/xcLbjrVJT5NDUfYWV
https://www.instagram.com/dradaianaferrazsc/

Será um prazer recebê-lo(a). Se preferir não receber outras mensagens, é só me avisar."
"0","patoBranco_PB","46","4699319978","Contato","","","","","","","","","","","patoBranco_PB_20261004.txt","","Olá! Tudo bem? Aqui é o Wesley, marido da Dra. Daiana Ferraz. Ela é nova em Pato Branco, e gostaríamos de apresentar o trabalho dela por aqui.

Se quiser conhecer melhor:
https://share.google/xcLbjrVJT5NDUfYWV
https://www.instagram.com/dradaianaferrazsc/

Será um prazer recebê-lo(a). Se preferir não receber outras mensagens, é só me avisar."
"0","patoBranco_PB","46","4699321297","Contato","","","","","","","","","","","patoBranco_PB_20261004.txt","","Olá! Tudo bem? Aqui é o Wesley, marido da Dra. Daiana Ferraz. Ela é nova em Pato Branco, e gostaríamos de apresentar o trabalho dela por aqui.

Se quiser conhecer melhor:
https://share.google/xcLbjrVJT5NDUfYWV
https://www.instagram.com/dradaianaferrazsc/

Será um prazer recebê-lo(a). Se preferir não receber outras mensagens, é só me avisar."
"0","patoBranco_PB","46","4699323787","Contato","","","","","","","","","","","patoBranco_PB_20261004.txt","","Olá! Tudo bem? Aqui é o Wesley, marido da Dra. Daiana Ferraz. Ela é nova em Pato Branco, e gostaríamos de apresentar o trabalho dela por aqui.

Se quiser conhecer melhor:
https://share.google/xcLbjrVJT5NDUfYWV
https://www.instagram.com/dradaianaferrazsc/

Será um prazer recebê-lo(a). Se preferir não receber outras mensagens, é só me avisar."
"0","patoBranco_PB","46","4699325218","Contato","","","","","","","","","","","patoBranco_PB_20261004.txt","","Olá! Tudo bem? Aqui é o Wesley, marido da Dra. Daiana Ferraz. Ela é nova em Pato Branco, e gostaríamos de apresentar o trabalho dela por aqui.

Se quiser conhecer melhor:
https://share.google/xcLbjrVJT5NDUfYWV
https://www.instagram.com/dradaianaferrazsc/

Será um prazer recebê-lo(a). Se preferir não receber outras mensagens, é só me avisar."
"0","patoBranco_PB","46","4699325580","Contato","","","","","","","","","","","patoBranco_PB_20261004.txt","","Olá! Tudo bem? Aqui é o Wesley, marido da Dra. Daiana Ferraz. Ela é nova em Pato Branco, e gostaríamos de apresentar o trabalho dela por aqui.

Se quiser conhecer melhor:
https://share.google/xcLbjrVJT5NDUfYWV
https://www.instagram.com/dradaianaferrazsc/

Será um prazer recebê-lo(a). Se preferir não receber outras mensagens, é só me avisar."
"0","patoBranco_PB","46","4699325719","Contato","","","","","","","","","","","patoBranco_PB_20261004.txt","","Olá! Tudo bem? Aqui é o Wesley, marido da Dra. Daiana Ferraz. Ela é nova em Pato Branco, e gostaríamos de apresentar o trabalho dela por aqui.

Se quiser conhecer melhor:
https://share.google/xcLbjrVJT5NDUfYWV
https://www.instagram.com/dradaianaferrazsc/

Será um prazer recebê-lo(a). Se preferir não receber outras mensagens, é só me avisar."
"0","patoBranco_PB","46","4699329999","Contato","","","","","","","","","","","patoBranco_PB_20261004.txt","","Olá! Tudo bem? Aqui é o Wesley, marido da Dra. Daiana Ferraz. Ela é nova em Pato Branco, e gostaríamos de apresentar o trabalho dela por aqui.

Se quiser conhecer melhor:
https://share.google/xcLbjrVJT5NDUfYWV
https://www.instagram.com/dradaianaferrazsc/

Será um prazer recebê-lo(a). Se preferir não receber outras mensagens, é só me avisar."
"0","patoBranco_PB","46","4699330771","Contato","","","","","","","","","","","patoBranco_PB_20261004.txt","","Olá! Tudo bem? Aqui é o Wesley, marido da Dra. Daiana Ferraz. Ela é nova em Pato Branco, e gostaríamos de apresentar o trabalho dela por aqui.

Se quiser conhecer melhor:
https://share.google/xcLbjrVJT5NDUfYWV
https://www.instagram.com/dradaianaferrazsc/

Será um prazer recebê-lo(a). Se preferir não receber outras mensagens, é só me avisar."
"0","patoBranco_PB","46","4699330929","Contato","","","","","","","","","","","patoBranco_PB_20261004.txt","","Olá! Tudo bem? Aqui é o Wesley, marido da Dra. Daiana Ferraz. Ela é nova em Pato Branco, e gostaríamos de apresentar o trabalho dela por aqui.

Se quiser conhecer melhor:
https://share.google/xcLbjrVJT5NDUfYWV
https://www.instagram.com/dradaianaferrazsc/

Será um prazer recebê-lo(a). Se preferir não receber outras mensagens, é só me avisar."
"0","patoBranco_PB","46","4699333475","Contato","","","","","","","","","","","patoBranco_PB_20261004.txt","","Olá! Tudo bem? Aqui é o Wesley, marido da Dra. Daiana Ferraz. Ela é nova em Pato Branco, e gostaríamos de apresentar o trabalho dela por aqui.

Se quiser conhecer melhor:
https://share.google/xcLbjrVJT5NDUfYWV
https://www.instagram.com/dradaianaferrazsc/

Será um prazer recebê-lo(a). Se preferir não receber outras mensagens, é só me avisar."
"0","patoBranco_PB","46","4699334010","Contato","","","","","","","","","","","patoBranco_PB_20261004.txt","","Olá! Tudo bem? Aqui é o Wesley, marido da Dra. Daiana Ferraz. Ela é nova em Pato Branco, e gostaríamos de apresentar o trabalho dela por aqui.

Se quiser conhecer melhor:
https://share.google/xcLbjrVJT5NDUfYWV
https://www.instagram.com/dradaianaferrazsc/

Será um prazer recebê-lo(a). Se preferir não receber outras mensagens, é só me avisar."
"0","patoBranco_PB","46","4699335007","Contato","","","","","","","","","","","patoBranco_PB_20261004.txt","","Olá! Tudo bem? Aqui é o Wesley, marido da Dra. Daiana Ferraz. Ela é nova em Pato Branco, e gostaríamos de apresentar o trabalho dela por aqui.

Se quiser conhecer melhor:
https://share.google/xcLbjrVJT5NDUfYWV
https://www.instagram.com/dradaianaferrazsc/

Será um prazer recebê-lo(a). Se preferir não receber outras mensagens, é só me avisar."
"0","patoBranco_PB","46","4699335836","Contato","","","","","","","","","","","patoBranco_PB_20261004.txt","","Olá! Tudo bem? Aqui é o Wesley, marido da Dra. Daiana Ferraz. Ela é nova em Pato Branco, e gostaríamos de apresentar o trabalho dela por aqui.

Se quiser conhecer melhor:
https://share.google/xcLbjrVJT5NDUfYWV
https://www.instagram.com/dradaianaferrazsc/

Será um prazer recebê-lo(a). Se preferir não receber outras mensagens, é só me avisar."
"0","patoBranco_PB","46","4699340380","Contato","","","","","","","","","","","patoBranco_PB_20261004.txt","","Olá! Tudo bem? Aqui é o Wesley, marido da Dra. Daiana Ferraz. Ela é nova em Pato Branco, e gostaríamos de apresentar o trabalho dela por aqui.

Se quiser conhecer melhor:
https://share.google/xcLbjrVJT5NDUfYWV
https://www.instagram.com/dradaianaferrazsc/

Será um prazer recebê-lo(a). Se preferir não receber outras mensagens, é só me avisar."
"0","patoBranco_PB","46","4699340742","Contato","","","","","","","","","","","patoBranco_PB_20261004.txt","","Olá! Tudo bem? Aqui é o Wesley, marido da Dra. Daiana Ferraz. Ela é nova em Pato Branco, e gostaríamos de apresentar o trabalho dela por aqui.

Se quiser conhecer melhor:
https://share.google/xcLbjrVJT5NDUfYWV
https://www.instagram.com/dradaianaferrazsc/

Será um prazer recebê-lo(a). Se preferir não receber outras mensagens, é só me avisar."
"0","patoBranco_PB","46","4699342328","Contato","","","","","","","","","","","patoBranco_PB_20261004.txt","","Olá! Tudo bem? Aqui é o Wesley, marido da Dra. Daiana Ferraz. Ela é nova em Pato Branco, e gostaríamos de apresentar o trabalho dela por aqui.

Se quiser conhecer melhor:
https://share.google/xcLbjrVJT5NDUfYWV
https://www.instagram.com/dradaianaferrazsc/

Será um prazer recebê-lo(a). Se preferir não receber outras mensagens, é só me avisar."
"0","patoBranco_PB","46","4699345172","Contato","","","","","","","","","","","patoBranco_PB_20261004.txt","","Olá! Tudo bem? Aqui é o Wesley, marido da Dra. Daiana Ferraz. Ela é nova em Pato Branco, e gostaríamos de apresentar o trabalho dela por aqui.

Se quiser conhecer melhor:
https://share.google/xcLbjrVJT5NDUfYWV
https://www.instagram.com/dradaianaferrazsc/

Será um prazer recebê-lo(a). Se preferir não receber outras mensagens, é só me avisar."
"0","patoBranco_PB","46","4699347819","Contato","","","","","","","","","","","patoBranco_PB_20261004.txt","","Olá! Tudo bem? Aqui é o Wesley, marido da Dra. Daiana Ferraz. Ela é nova em Pato Branco, e gostaríamos de apresentar o trabalho dela por aqui.

Se quiser conhecer melhor:
https://share.google/xcLbjrVJT5NDUfYWV
https://www.instagram.com/dradaianaferrazsc/

Será um prazer recebê-lo(a). Se preferir não receber outras mensagens, é só me avisar."
"0","patoBranco_PB","46","4699348694","Contato","","","","","","","","","","","patoBranco_PB_20261004.txt","","Olá! Tudo bem? Aqui é o Wesley, marido da Dra. Daiana Ferraz. Ela é nova em Pato Branco, e gostaríamos de apresentar o trabalho dela por aqui.

Se quiser conhecer melhor:
https://share.google/xcLbjrVJT5NDUfYWV
https://www.instagram.com/dradaianaferrazsc/

Será um prazer recebê-lo(a). Se preferir não receber outras mensagens, é só me avisar."
"0","patoBranco_PB","46","4699349519","Contato","","","","","","","","","","","patoBranco_PB_20261004.txt","","Olá! Tudo bem? Aqui é o Wesley, marido da Dra. Daiana Ferraz. Ela é nova em Pato Branco, e gostaríamos de apresentar o trabalho dela por aqui.

Se quiser conhecer melhor:
https://share.google/xcLbjrVJT5NDUfYWV
https://www.instagram.com/dradaianaferrazsc/

Será um prazer recebê-lo(a). Se preferir não receber outras mensagens, é só me avisar."
"0","patoBranco_PB","46","4699349622","Contato","","","","","","","","","","","patoBranco_PB_20261004.txt","","Olá! Tudo bem? Aqui é o Wesley, marido da Dra. Daiana Ferraz. Ela é nova em Pato Branco, e gostaríamos de apresentar o trabalho dela por aqui.

Se quiser conhecer melhor:
https://share.google/xcLbjrVJT5NDUfYWV
https://www.instagram.com/dradaianaferrazsc/

Será um prazer recebê-lo(a). Se preferir não receber outras mensagens, é só me avisar."
"0","patoBranco_PB","46","4699350217","Contato","","","","","","","","","","","patoBranco_PB_20261004.txt","","Olá! Tudo bem? Aqui é o Wesley, marido da Dra. Daiana Ferraz. Ela é nova em Pato Branco, e gostaríamos de apresentar o trabalho dela por aqui.

Se quiser conhecer melhor:
https://share.google/xcLbjrVJT5NDUfYWV
https://www.instagram.com/dradaianaferrazsc/

Será um prazer recebê-lo(a). Se preferir não receber outras mensagens, é só me avisar."
"0","patoBranco_PB","46","4699351857","Contato","","","","","","","","","","","patoBranco_PB_20261004.txt","","Olá! Tudo bem? Aqui é o Wesley, marido da Dra. Daiana Ferraz. Ela é nova em Pato Branco, e gostaríamos de apresentar o trabalho dela por aqui.

Se quiser conhecer melhor:
https://share.google/xcLbjrVJT5NDUfYWV
https://www.instagram.com/dradaianaferrazsc/

Será um prazer recebê-lo(a). Se preferir não receber outras mensagens, é só me avisar."
"0","patoBranco_PB","46","4699352251","Contato","","","","","","","","","","","patoBranco_PB_20261004.txt","","Olá! Tudo bem? Aqui é o Wesley, marido da Dra. Daiana Ferraz. Ela é nova em Pato Branco, e gostaríamos de apresentar o trabalho dela por aqui.

Se quiser conhecer melhor:
https://share.google/xcLbjrVJT5NDUfYWV
https://www.instagram.com/dradaianaferrazsc/

Será um prazer recebê-lo(a). Se preferir não receber outras mensagens, é só me avisar."
"0","patoBranco_PB","46","4699353498","Contato","","","","","","","","","","","patoBranco_PB_20261004.txt","","Olá! Tudo bem? Aqui é o Wesley, marido da Dra. Daiana Ferraz. Ela é nova em Pato Branco, e gostaríamos de apresentar o trabalho dela por aqui.

Se quiser conhecer melhor:
https://share.google/xcLbjrVJT5NDUfYWV
https://www.instagram.com/dradaianaferrazsc/

Será um prazer recebê-lo(a). Se preferir não receber outras mensagens, é só me avisar."
"0","patoBranco_PB","46","4699356055","Contato","","","","","","","","","","","patoBranco_PB_20261004.txt","","Olá! Tudo bem? Aqui é o Wesley, marido da Dra. Daiana Ferraz. Ela é nova em Pato Branco, e gostaríamos de apresentar o trabalho dela por aqui.

Se quiser conhecer melhor:
https://share.google/xcLbjrVJT5NDUfYWV
https://www.instagram.com/dradaianaferrazsc/

Será um prazer recebê-lo(a). Se preferir não receber outras mensagens, é só me avisar."
"0","patoBranco_PB","46","4699357190","Contato","","","","","","","","","","","patoBranco_PB_20261004.txt","","Olá! Tudo bem? Aqui é o Wesley, marido da Dra. Daiana Ferraz. Ela é nova em Pato Branco, e gostaríamos de apresentar o trabalho dela por aqui.

Se quiser conhecer melhor:
https://share.google/xcLbjrVJT5NDUfYWV
https://www.instagram.com/dradaianaferrazsc/

Será um prazer recebê-lo(a). Se preferir não receber outras mensagens, é só me avisar."
"0","patoBranco_PB","46","4699358774","Contato","","","","","","","","","","","patoBranco_PB_20261004.txt","","Olá! Tudo bem? Aqui é o Wesley, marido da Dra. Daiana Ferraz. Ela é nova em Pato Branco, e gostaríamos de apresentar o trabalho dela por aqui.

Se quiser conhecer melhor:
https://share.google/xcLbjrVJT5NDUfYWV
https://www.instagram.com/dradaianaferrazsc/

Será um prazer recebê-lo(a). Se preferir não receber outras mensagens, é só me avisar."
"0","patoBranco_PB","46","4699359664","Contato","","","","","","","","","","","patoBranco_PB_20261004.txt","","Olá! Tudo bem? Aqui é o Wesley, marido da Dra. Daiana Ferraz. Ela é nova em Pato Branco, e gostaríamos de apresentar o trabalho dela por aqui.

Se quiser conhecer melhor:
https://share.google/xcLbjrVJT5NDUfYWV
https://www.instagram.com/dradaianaferrazsc/

Será um prazer recebê-lo(a). Se preferir não receber outras mensagens, é só me avisar."
"0","patoBranco_PB","46","4699361680","Contato","","","","","","","","","","","patoBranco_PB_20261004.txt","","Olá! Tudo bem? Aqui é o Wesley, marido da Dra. Daiana Ferraz. Ela é nova em Pato Branco, e gostaríamos de apresentar o trabalho dela por aqui.

Se quiser conhecer melhor:
https://share.google/xcLbjrVJT5NDUfYWV
https://www.instagram.com/dradaianaferrazsc/

Será um prazer recebê-lo(a). Se preferir não receber outras mensagens, é só me avisar."
"0","patoBranco_PB","46","4699362033","Contato","","","","","","","","","","","patoBranco_PB_20261004.txt","","Olá! Tudo bem? Aqui é o Wesley, marido da Dra. Daiana Ferraz. Ela é nova em Pato Branco, e gostaríamos de apresentar o trabalho dela por aqui.

Se quiser conhecer melhor:
https://share.google/xcLbjrVJT5NDUfYWV
https://www.instagram.com/dradaianaferrazsc/

Será um prazer recebê-lo(a). Se preferir não receber outras mensagens, é só me avisar."
"0","patoBranco_PB","46","4699362553","Contato","","","","","","","","","","","patoBranco_PB_20261004.txt","","Olá! Tudo bem? Aqui é o Wesley, marido da Dra. Daiana Ferraz. Ela é nova em Pato Branco, e gostaríamos de apresentar o trabalho dela por aqui.

Se quiser conhecer melhor:
https://share.google/xcLbjrVJT5NDUfYWV
https://www.instagram.com/dradaianaferrazsc/

Será um prazer recebê-lo(a). Se preferir não receber outras mensagens, é só me avisar."
"0","patoBranco_PB","46","4699365570","Contato","","","","","","","","","","","patoBranco_PB_20261004.txt","","Olá! Tudo bem? Aqui é o Wesley, marido da Dra. Daiana Ferraz. Ela é nova em Pato Branco, e gostaríamos de apresentar o trabalho dela por aqui.

Se quiser conhecer melhor:
https://share.google/xcLbjrVJT5NDUfYWV
https://www.instagram.com/dradaianaferrazsc/

Será um prazer recebê-lo(a). Se preferir não receber outras mensagens, é só me avisar."
"0","patoBranco_PB","46","4699367929","Contato","","","","","","","","","","","patoBranco_PB_20261004.txt","","Olá! Tudo bem? Aqui é o Wesley, marido da Dra. Daiana Ferraz. Ela é nova em Pato Branco, e gostaríamos de apresentar o trabalho dela por aqui.

Se quiser conhecer melhor:
https://share.google/xcLbjrVJT5NDUfYWV
https://www.instagram.com/dradaianaferrazsc/

Será um prazer recebê-lo(a). Se preferir não receber outras mensagens, é só me avisar."
"0","patoBranco_PB","46","4699369153","Contato","","","","","","","","","","","patoBranco_PB_20261004.txt","","Olá! Tudo bem? Aqui é o Wesley, marido da Dra. Daiana Ferraz. Ela é nova em Pato Branco, e gostaríamos de apresentar o trabalho dela por aqui.

Se quiser conhecer melhor:
https://share.google/xcLbjrVJT5NDUfYWV
https://www.instagram.com/dradaianaferrazsc/

Será um prazer recebê-lo(a). Se preferir não receber outras mensagens, é só me avisar."
"0","patoBranco_PB","46","4699369871","Contato","","","","","","","","","","","patoBranco_PB_20261004.txt","","Olá! Tudo bem? Aqui é o Wesley, marido da Dra. Daiana Ferraz. Ela é nova em Pato Branco, e gostaríamos de apresentar o trabalho dela por aqui.

Se quiser conhecer melhor:
https://share.google/xcLbjrVJT5NDUfYWV
https://www.instagram.com/dradaianaferrazsc/

Será um prazer recebê-lo(a). Se preferir não receber outras mensagens, é só me avisar."
"0","patoBranco_PB","46","4699370542","Contato","","","","","","","","","","","patoBranco_PB_20261004.txt","","Olá! Tudo bem? Aqui é o Wesley, marido da Dra. Daiana Ferraz. Ela é nova em Pato Branco, e gostaríamos de apresentar o trabalho dela por aqui.

Se quiser conhecer melhor:
https://share.google/xcLbjrVJT5NDUfYWV
https://www.instagram.com/dradaianaferrazsc/

Será um prazer recebê-lo(a). Se preferir não receber outras mensagens, é só me avisar."
"0","patoBranco_PB","46","4699371264","Contato","","","","","","","","","","","patoBranco_PB_20261004.txt","","Olá! Tudo bem? Aqui é o Wesley, marido da Dra. Daiana Ferraz. Ela é nova em Pato Branco, e gostaríamos de apresentar o trabalho dela por aqui.

Se quiser conhecer melhor:
https://share.google/xcLbjrVJT5NDUfYWV
https://www.instagram.com/dradaianaferrazsc/

Será um prazer recebê-lo(a). Se preferir não receber outras mensagens, é só me avisar."
"0","patoBranco_PB","46","4699371902","Contato","","","","","","","","","","","patoBranco_PB_20261004.txt","","Olá! Tudo bem? Aqui é o Wesley, marido da Dra. Daiana Ferraz. Ela é nova em Pato Branco, e gostaríamos de apresentar o trabalho dela por aqui.

Se quiser conhecer melhor:
https://share.google/xcLbjrVJT5NDUfYWV
https://www.instagram.com/dradaianaferrazsc/

Será um prazer recebê-lo(a). Se preferir não receber outras mensagens, é só me avisar."
"0","patoBranco_PB","46","4699374433","Contato","","","","","","","","","","","patoBranco_PB_20261004.txt","","Olá! Tudo bem? Aqui é o Wesley, marido da Dra. Daiana Ferraz. Ela é nova em Pato Branco, e gostaríamos de apresentar o trabalho dela por aqui.

Se quiser conhecer melhor:
https://share.google/xcLbjrVJT5NDUfYWV
https://www.instagram.com/dradaianaferrazsc/

Será um prazer recebê-lo(a). Se preferir não receber outras mensagens, é só me avisar."
"0","patoBranco_PB","46","4699374710","Contato","","","","","","","","","","","patoBranco_PB_20261004.txt","","Olá! Tudo bem? Aqui é o Wesley, marido da Dra. Daiana Ferraz. Ela é nova em Pato Branco, e gostaríamos de apresentar o trabalho dela por aqui.

Se quiser conhecer melhor:
https://share.google/xcLbjrVJT5NDUfYWV
https://www.instagram.com/dradaianaferrazsc/

Será um prazer recebê-lo(a). Se preferir não receber outras mensagens, é só me avisar."
"0","patoBranco_PB","46","4699380542","Contato","","","","","","","","","","","patoBranco_PB_20261004.txt","","Olá! Tudo bem? Aqui é o Wesley, marido da Dra. Daiana Ferraz. Ela é nova em Pato Branco, e gostaríamos de apresentar o trabalho dela por aqui.

Se quiser conhecer melhor:
https://share.google/xcLbjrVJT5NDUfYWV
https://www.instagram.com/dradaianaferrazsc/

Será um prazer recebê-lo(a). Se preferir não receber outras mensagens, é só me avisar."
"0","patoBranco_PB","46","4699384149","Contato","","","","","","","","","","","patoBranco_PB_20261004.txt","","Olá! Tudo bem? Aqui é o Wesley, marido da Dra. Daiana Ferraz. Ela é nova em Pato Branco, e gostaríamos de apresentar o trabalho dela por aqui.

Se quiser conhecer melhor:
https://share.google/xcLbjrVJT5NDUfYWV
https://www.instagram.com/dradaianaferrazsc/

Será um prazer recebê-lo(a). Se preferir não receber outras mensagens, é só me avisar."
"0","patoBranco_PB","46","4699385285","Contato","","","","","","","","","","","patoBranco_PB_20261004.txt","","Olá! Tudo bem? Aqui é o Wesley, marido da Dra. Daiana Ferraz. Ela é nova em Pato Branco, e gostaríamos de apresentar o trabalho dela por aqui.

Se quiser conhecer melhor:
https://share.google/xcLbjrVJT5NDUfYWV
https://www.instagram.com/dradaianaferrazsc/

Será um prazer recebê-lo(a). Se preferir não receber outras mensagens, é só me avisar."
"0","patoBranco_PB","46","4699388076","Contato","","","","","","","","","","","patoBranco_PB_20261004.txt","","Olá! Tudo bem? Aqui é o Wesley, marido da Dra. Daiana Ferraz. Ela é nova em Pato Branco, e gostaríamos de apresentar o trabalho dela por aqui.

Se quiser conhecer melhor:
https://share.google/xcLbjrVJT5NDUfYWV
https://www.instagram.com/dradaianaferrazsc/

Será um prazer recebê-lo(a). Se preferir não receber outras mensagens, é só me avisar."
"0","patoBranco_PB","46","4699388838","Contato","","","","","","","","","","","patoBranco_PB_20261004.txt","","Olá! Tudo bem? Aqui é o Wesley, marido da Dra. Daiana Ferraz. Ela é nova em Pato Branco, e gostaríamos de apresentar o trabalho dela por aqui.

Se quiser conhecer melhor:
https://share.google/xcLbjrVJT5NDUfYWV
https://www.instagram.com/dradaianaferrazsc/

Será um prazer recebê-lo(a). Se preferir não receber outras mensagens, é só me avisar."
"0","patoBranco_PB","46","4699389709","Contato","","","","","","","","","","","patoBranco_PB_20261004.txt","","Olá! Tudo bem? Aqui é o Wesley, marido da Dra. Daiana Ferraz. Ela é nova em Pato Branco, e gostaríamos de apresentar o trabalho dela por aqui.

Se quiser conhecer melhor:
https://share.google/xcLbjrVJT5NDUfYWV
https://www.instagram.com/dradaianaferrazsc/

Será um prazer recebê-lo(a). Se preferir não receber outras mensagens, é só me avisar."
"0","patoBranco_PB","46","4699401480","Contato","","","","","","","","","","","patoBranco_PB_20261004.txt","","Olá! Tudo bem? Aqui é o Wesley, marido da Dra. Daiana Ferraz. Ela é nova em Pato Branco, e gostaríamos de apresentar o trabalho dela por aqui.

Se quiser conhecer melhor:
https://share.google/xcLbjrVJT5NDUfYWV
https://www.instagram.com/dradaianaferrazsc/

Será um prazer recebê-lo(a). Se preferir não receber outras mensagens, é só me avisar."
"0","patoBranco_PB","46","4699404477","Contato","","","","","","","","","","","patoBranco_PB_20261004.txt","","Olá! Tudo bem? Aqui é o Wesley, marido da Dra. Daiana Ferraz. Ela é nova em Pato Branco, e gostaríamos de apresentar o trabalho dela por aqui.

Se quiser conhecer melhor:
https://share.google/xcLbjrVJT5NDUfYWV
https://www.instagram.com/dradaianaferrazsc/

Será um prazer recebê-lo(a). Se preferir não receber outras mensagens, é só me avisar."
"0","patoBranco_PB","46","4699404648","Contato","","","","","","","","","","","patoBranco_PB_20261004.txt","","Olá! Tudo bem? Aqui é o Wesley, marido da Dra. Daiana Ferraz. Ela é nova em Pato Branco, e gostaríamos de apresentar o trabalho dela por aqui.

Se quiser conhecer melhor:
https://share.google/xcLbjrVJT5NDUfYWV
https://www.instagram.com/dradaianaferrazsc/

Será um prazer recebê-lo(a). Se preferir não receber outras mensagens, é só me avisar."
"0","patoBranco_PB","46","4699407820","Contato","","","","","","","","","","","patoBranco_PB_20261004.txt","","Olá! Tudo bem? Aqui é o Wesley, marido da Dra. Daiana Ferraz. Ela é nova em Pato Branco, e gostaríamos de apresentar o trabalho dela por aqui.

Se quiser conhecer melhor:
https://share.google/xcLbjrVJT5NDUfYWV
https://www.instagram.com/dradaianaferrazsc/

Será um prazer recebê-lo(a). Se preferir não receber outras mensagens, é só me avisar."
"0","patoBranco_PB","46","4699408250","Contato","","","","","","","","","","","patoBranco_PB_20261004.txt","","Olá! Tudo bem? Aqui é o Wesley, marido da Dra. Daiana Ferraz. Ela é nova em Pato Branco, e gostaríamos de apresentar o trabalho dela por aqui.

Se quiser conhecer melhor:
https://share.google/xcLbjrVJT5NDUfYWV
https://www.instagram.com/dradaianaferrazsc/

Será um prazer recebê-lo(a). Se preferir não receber outras mensagens, é só me avisar."
"0","patoBranco_PB","46","4699410036","Contato","","","","","","","","","","","patoBranco_PB_20261004.txt","","Olá! Tudo bem? Aqui é o Wesley, marido da Dra. Daiana Ferraz. Ela é nova em Pato Branco, e gostaríamos de apresentar o trabalho dela por aqui.

Se quiser conhecer melhor:
https://share.google/xcLbjrVJT5NDUfYWV
https://www.instagram.com/dradaianaferrazsc/

Será um prazer recebê-lo(a). Se preferir não receber outras mensagens, é só me avisar."
"0","patoBranco_PB","46","4699411491","Contato","","","","","","","","","","","patoBranco_PB_20261004.txt","","Olá! Tudo bem? Aqui é o Wesley, marido da Dra. Daiana Ferraz. Ela é nova em Pato Branco, e gostaríamos de apresentar o trabalho dela por aqui.

Se quiser conhecer melhor:
https://share.google/xcLbjrVJT5NDUfYWV
https://www.instagram.com/dradaianaferrazsc/

Será um prazer recebê-lo(a). Se preferir não receber outras mensagens, é só me avisar."
"0","patoBranco_PB","46","4699412346","Contato","","","","","","","","","","","patoBranco_PB_20261004.txt","","Olá! Tudo bem? Aqui é o Wesley, marido da Dra. Daiana Ferraz. Ela é nova em Pato Branco, e gostaríamos de apresentar o trabalho dela por aqui.

Se quiser conhecer melhor:
https://share.google/xcLbjrVJT5NDUfYWV
https://www.instagram.com/dradaianaferrazsc/

Será um prazer recebê-lo(a). Se preferir não receber outras mensagens, é só me avisar."
"0","patoBranco_PB","46","4699413190","Contato","","","","","","","","","","","patoBranco_PB_20261004.txt","","Olá! Tudo bem? Aqui é o Wesley, marido da Dra. Daiana Ferraz. Ela é nova em Pato Branco, e gostaríamos de apresentar o trabalho dela por aqui.

Se quiser conhecer melhor:
https://share.google/xcLbjrVJT5NDUfYWV
https://www.instagram.com/dradaianaferrazsc/

Será um prazer recebê-lo(a). Se preferir não receber outras mensagens, é só me avisar."
"0","patoBranco_PB","46","4699413260","Contato","","","","","","","","","","","patoBranco_PB_20261004.txt","","Olá! Tudo bem? Aqui é o Wesley, marido da Dra. Daiana Ferraz. Ela é nova em Pato Branco, e gostaríamos de apresentar o trabalho dela por aqui.

Se quiser conhecer melhor:
https://share.google/xcLbjrVJT5NDUfYWV
https://www.instagram.com/dradaianaferrazsc/

Será um prazer recebê-lo(a). Se preferir não receber outras mensagens, é só me avisar."
"0","patoBranco_PB","46","4699414248","Contato","","","","","","","","","","","patoBranco_PB_20261004.txt","","Olá! Tudo bem? Aqui é o Wesley, marido da Dra. Daiana Ferraz. Ela é nova em Pato Branco, e gostaríamos de apresentar o trabalho dela por aqui.

Se quiser conhecer melhor:
https://share.google/xcLbjrVJT5NDUfYWV
https://www.instagram.com/dradaianaferrazsc/

Será um prazer recebê-lo(a). Se preferir não receber outras mensagens, é só me avisar."
"0","patoBranco_PB","46","4699416334","Contato","","","","","","","","","","","patoBranco_PB_20261004.txt","","Olá! Tudo bem? Aqui é o Wesley, marido da Dra. Daiana Ferraz. Ela é nova em Pato Branco, e gostaríamos de apresentar o trabalho dela por aqui.

Se quiser conhecer melhor:
https://share.google/xcLbjrVJT5NDUfYWV
https://www.instagram.com/dradaianaferrazsc/

Será um prazer recebê-lo(a). Se preferir não receber outras mensagens, é só me avisar."
"0","patoBranco_PB","46","4699418344","Contato","","","","","","","","","","","patoBranco_PB_20261004.txt","","Olá! Tudo bem? Aqui é o Wesley, marido da Dra. Daiana Ferraz. Ela é nova em Pato Branco, e gostaríamos de apresentar o trabalho dela por aqui.

Se quiser conhecer melhor:
https://share.google/xcLbjrVJT5NDUfYWV
https://www.instagram.com/dradaianaferrazsc/

Será um prazer recebê-lo(a). Se preferir não receber outras mensagens, é só me avisar."
"0","patoBranco_PB","46","4699421606","Contato","","","","","","","","","","","patoBranco_PB_20261004.txt","","Olá! Tudo bem? Aqui é o Wesley, marido da Dra. Daiana Ferraz. Ela é nova em Pato Branco, e gostaríamos de apresentar o trabalho dela por aqui.

Se quiser conhecer melhor:
https://share.google/xcLbjrVJT5NDUfYWV
https://www.instagram.com/dradaianaferrazsc/

Será um prazer recebê-lo(a). Se preferir não receber outras mensagens, é só me avisar."
"0","patoBranco_PB","46","4699421717","Contato","","","","","","","","","","","patoBranco_PB_20261004.txt","","Olá! Tudo bem? Aqui é o Wesley, marido da Dra. Daiana Ferraz. Ela é nova em Pato Branco, e gostaríamos de apresentar o trabalho dela por aqui.

Se quiser conhecer melhor:
https://share.google/xcLbjrVJT5NDUfYWV
https://www.instagram.com/dradaianaferrazsc/

Será um prazer recebê-lo(a). Se preferir não receber outras mensagens, é só me avisar."
"0","patoBranco_PB","46","4699421938","Contato","","","","","","","","","","","patoBranco_PB_20261004.txt","","Olá! Tudo bem? Aqui é o Wesley, marido da Dra. Daiana Ferraz. Ela é nova em Pato Branco, e gostaríamos de apresentar o trabalho dela por aqui.

Se quiser conhecer melhor:
https://share.google/xcLbjrVJT5NDUfYWV
https://www.instagram.com/dradaianaferrazsc/

Será um prazer recebê-lo(a). Se preferir não receber outras mensagens, é só me avisar."
"0","patoBranco_PB","46","4699424122","Contato","","","","","","","","","","","patoBranco_PB_20261004.txt","","Olá! Tudo bem? Aqui é o Wesley, marido da Dra. Daiana Ferraz. Ela é nova em Pato Branco, e gostaríamos de apresentar o trabalho dela por aqui.

Se quiser conhecer melhor:
https://share.google/xcLbjrVJT5NDUfYWV
https://www.instagram.com/dradaianaferrazsc/

Será um prazer recebê-lo(a). Se preferir não receber outras mensagens, é só me avisar."
"0","patoBranco_PB","46","4699427250","Contato","","","","","","","","","","","patoBranco_PB_20261004.txt","","Olá! Tudo bem? Aqui é o Wesley, marido da Dra. Daiana Ferraz. Ela é nova em Pato Branco, e gostaríamos de apresentar o trabalho dela por aqui.

Se quiser conhecer melhor:
https://share.google/xcLbjrVJT5NDUfYWV
https://www.instagram.com/dradaianaferrazsc/

Será um prazer recebê-lo(a). Se preferir não receber outras mensagens, é só me avisar."
"0","patoBranco_PB","46","4699428879","Contato","","","","","","","","","","","patoBranco_PB_20261004.txt","","Olá! Tudo bem? Aqui é o Wesley, marido da Dra. Daiana Ferraz. Ela é nova em Pato Branco, e gostaríamos de apresentar o trabalho dela por aqui.

Se quiser conhecer melhor:
https://share.google/xcLbjrVJT5NDUfYWV
https://www.instagram.com/dradaianaferrazsc/

Será um prazer recebê-lo(a). Se preferir não receber outras mensagens, é só me avisar."
"0","patoBranco_PB","46","4699429981","Contato","","","","","","","","","","","patoBranco_PB_20261004.txt","","Olá! Tudo bem? Aqui é o Wesley, marido da Dra. Daiana Ferraz. Ela é nova em Pato Branco, e gostaríamos de apresentar o trabalho dela por aqui.

Se quiser conhecer melhor:
https://share.google/xcLbjrVJT5NDUfYWV
https://www.instagram.com/dradaianaferrazsc/

Será um prazer recebê-lo(a). Se preferir não receber outras mensagens, é só me avisar."
"0","patoBranco_PB","46","4699701532","Contato","","","","","","","","","","","patoBranco_PB_20261004.txt","","Olá! Tudo bem? Aqui é o Wesley, marido da Dra. Daiana Ferraz. Ela é nova em Pato Branco, e gostaríamos de apresentar o trabalho dela por aqui.

Se quiser conhecer melhor:
https://share.google/xcLbjrVJT5NDUfYWV
https://www.instagram.com/dradaianaferrazsc/

Será um prazer recebê-lo(a). Se preferir não receber outras mensagens, é só me avisar."
"0","patoBranco_PB","46","4699705972","Contato","","","","","","","","","","","patoBranco_PB_20261004.txt","","Olá! Tudo bem? Aqui é o Wesley, marido da Dra. Daiana Ferraz. Ela é nova em Pato Branco, e gostaríamos de apresentar o trabalho dela por aqui.

Se quiser conhecer melhor:
https://share.google/xcLbjrVJT5NDUfYWV
https://www.instagram.com/dradaianaferrazsc/

Será um prazer recebê-lo(a). Se preferir não receber outras mensagens, é só me avisar."
"0","patoBranco_PB","46","4699706062","Contato","","","","","","","","","","","patoBranco_PB_20261004.txt","","Olá! Tudo bem? Aqui é o Wesley, marido da Dra. Daiana Ferraz. Ela é nova em Pato Branco, e gostaríamos de apresentar o trabalho dela por aqui.

Se quiser conhecer melhor:
https://share.google/xcLbjrVJT5NDUfYWV
https://www.instagram.com/dradaianaferrazsc/

Será um prazer recebê-lo(a). Se preferir não receber outras mensagens, é só me avisar."
"0","patoBranco_PB","46","4699707221","Contato","","","","","","","","","","","patoBranco_PB_20261004.txt","","Olá! Tudo bem? Aqui é o Wesley, marido da Dra. Daiana Ferraz. Ela é nova em Pato Branco, e gostaríamos de apresentar o trabalho dela por aqui.

Se quiser conhecer melhor:
https://share.google/xcLbjrVJT5NDUfYWV
https://www.instagram.com/dradaianaferrazsc/

Será um prazer recebê-lo(a). Se preferir não receber outras mensagens, é só me avisar."
"0","patoBranco_PB","46","4699708437","Contato","","","","","","","","","","","patoBranco_PB_20261004.txt","","Olá! Tudo bem? Aqui é o Wesley, marido da Dra. Daiana Ferraz. Ela é nova em Pato Branco, e gostaríamos de apresentar o trabalho dela por aqui.

Se quiser conhecer melhor:
https://share.google/xcLbjrVJT5NDUfYWV
https://www.instagram.com/dradaianaferrazsc/

Será um prazer recebê-lo(a). Se preferir não receber outras mensagens, é só me avisar."
"0","patoBranco_PB","46","4699708804","Contato","","","","","","","","","","","patoBranco_PB_20261004.txt","","Olá! Tudo bem? Aqui é o Wesley, marido da Dra. Daiana Ferraz. Ela é nova em Pato Branco, e gostaríamos de apresentar o trabalho dela por aqui.

Se quiser conhecer melhor:
https://share.google/xcLbjrVJT5NDUfYWV
https://www.instagram.com/dradaianaferrazsc/

Será um prazer recebê-lo(a). Se preferir não receber outras mensagens, é só me avisar."
"0","patoBranco_PB","46","4699708975","Contato","","","","","","","","","","","patoBranco_PB_20261004.txt","","Olá! Tudo bem? Aqui é o Wesley, marido da Dra. Daiana Ferraz. Ela é nova em Pato Branco, e gostaríamos de apresentar o trabalho dela por aqui.

Se quiser conhecer melhor:
https://share.google/xcLbjrVJT5NDUfYWV
https://www.instagram.com/dradaianaferrazsc/

Será um prazer recebê-lo(a). Se preferir não receber outras mensagens, é só me avisar."
"0","patoBranco_PB","46","4699709044","Contato","","","","","","","","","","","patoBranco_PB_20261004.txt","","Olá! Tudo bem? Aqui é o Wesley, marido da Dra. Daiana Ferraz. Ela é nova em Pato Branco, e gostaríamos de apresentar o trabalho dela por aqui.

Se quiser conhecer melhor:
https://share.google/xcLbjrVJT5NDUfYWV
https://www.instagram.com/dradaianaferrazsc/

Será um prazer recebê-lo(a). Se preferir não receber outras mensagens, é só me avisar."
"0","patoBranco_PB","46","4699711582","Contato","","","","","","","","","","","patoBranco_PB_20261004.txt","","Olá! Tudo bem? Aqui é o Wesley, marido da Dra. Daiana Ferraz. Ela é nova em Pato Branco, e gostaríamos de apresentar o trabalho dela por aqui.

Se quiser conhecer melhor:
https://share.google/xcLbjrVJT5NDUfYWV
https://www.instagram.com/dradaianaferrazsc/

Será um prazer recebê-lo(a). Se preferir não receber outras mensagens, é só me avisar."
"0","patoBranco_PB","46","4699711851","Contato","","","","","","","","","","","patoBranco_PB_20261004.txt","","Olá! Tudo bem? Aqui é o Wesley, marido da Dra. Daiana Ferraz. Ela é nova em Pato Branco, e gostaríamos de apresentar o trabalho dela por aqui.

Se quiser conhecer melhor:
https://share.google/xcLbjrVJT5NDUfYWV
https://www.instagram.com/dradaianaferrazsc/

Será um prazer recebê-lo(a). Se preferir não receber outras mensagens, é só me avisar."
"0","patoBranco_PB","46","4699713039","Contato","","","","","","","","","","","patoBranco_PB_20261004.txt","","Olá! Tudo bem? Aqui é o Wesley, marido da Dra. Daiana Ferraz. Ela é nova em Pato Branco, e gostaríamos de apresentar o trabalho dela por aqui.

Se quiser conhecer melhor:
https://share.google/xcLbjrVJT5NDUfYWV
https://www.instagram.com/dradaianaferrazsc/

Será um prazer recebê-lo(a). Se preferir não receber outras mensagens, é só me avisar."
"0","patoBranco_PB","46","4699713397","Contato","","","","","","","","","","","patoBranco_PB_20261004.txt","","Olá! Tudo bem? Aqui é o Wesley, marido da Dra. Daiana Ferraz. Ela é nova em Pato Branco, e gostaríamos de apresentar o trabalho dela por aqui.

Se quiser conhecer melhor:
https://share.google/xcLbjrVJT5NDUfYWV
https://www.instagram.com/dradaianaferrazsc/

Será um prazer recebê-lo(a). Se preferir não receber outras mensagens, é só me avisar."
"0","patoBranco_PB","46","4699713665","Contato","","","","","","","","","","","patoBranco_PB_20261004.txt","","Olá! Tudo bem? Aqui é o Wesley, marido da Dra. Daiana Ferraz. Ela é nova em Pato Branco, e gostaríamos de apresentar o trabalho dela por aqui.

Se quiser conhecer melhor:
https://share.google/xcLbjrVJT5NDUfYWV
https://www.instagram.com/dradaianaferrazsc/

Será um prazer recebê-lo(a). Se preferir não receber outras mensagens, é só me avisar."
"0","patoBranco_PB","46","4699713730","Contato","","","","","","","","","","","patoBranco_PB_20261004.txt","","Olá! Tudo bem? Aqui é o Wesley, marido da Dra. Daiana Ferraz. Ela é nova em Pato Branco, e gostaríamos de apresentar o trabalho dela por aqui.

Se quiser conhecer melhor:
https://share.google/xcLbjrVJT5NDUfYWV
https://www.instagram.com/dradaianaferrazsc/

Será um prazer recebê-lo(a). Se preferir não receber outras mensagens, é só me avisar."
"0","patoBranco_PB","46","4699713788","Contato","","","","","","","","","","","patoBranco_PB_20261004.txt","","Olá! Tudo bem? Aqui é o Wesley, marido da Dra. Daiana Ferraz. Ela é nova em Pato Branco, e gostaríamos de apresentar o trabalho dela por aqui.

Se quiser conhecer melhor:
https://share.google/xcLbjrVJT5NDUfYWV
https://www.instagram.com/dradaianaferrazsc/

Será um prazer recebê-lo(a). Se preferir não receber outras mensagens, é só me avisar."
"0","patoBranco_PB","46","4699715429","Contato","","","","","","","","","","","patoBranco_PB_20261004.txt","","Olá! Tudo bem? Aqui é o Wesley, marido da Dra. Daiana Ferraz. Ela é nova em Pato Branco, e gostaríamos de apresentar o trabalho dela por aqui.

Se quiser conhecer melhor:
https://share.google/xcLbjrVJT5NDUfYWV
https://www.instagram.com/dradaianaferrazsc/

Será um prazer recebê-lo(a). Se preferir não receber outras mensagens, é só me avisar."
"0","patoBranco_PB","46","4699716055","Contato","","","","","","","","","","","patoBranco_PB_20261004.txt","","Olá! Tudo bem? Aqui é o Wesley, marido da Dra. Daiana Ferraz. Ela é nova em Pato Branco, e gostaríamos de apresentar o trabalho dela por aqui.

Se quiser conhecer melhor:
https://share.google/xcLbjrVJT5NDUfYWV
https://www.instagram.com/dradaianaferrazsc/

Será um prazer recebê-lo(a). Se preferir não receber outras mensagens, é só me avisar."
"0","patoBranco_PB","46","4699716372","Contato","","","","","","","","","","","patoBranco_PB_20261004.txt","","Olá! Tudo bem? Aqui é o Wesley, marido da Dra. Daiana Ferraz. Ela é nova em Pato Branco, e gostaríamos de apresentar o trabalho dela por aqui.

Se quiser conhecer melhor:
https://share.google/xcLbjrVJT5NDUfYWV
https://www.instagram.com/dradaianaferrazsc/

Será um prazer recebê-lo(a). Se preferir não receber outras mensagens, é só me avisar."
"0","patoBranco_PB","46","4699717943","Contato","","","","","","","","","","","patoBranco_PB_20261004.txt","","Olá! Tudo bem? Aqui é o Wesley, marido da Dra. Daiana Ferraz. Ela é nova em Pato Branco, e gostaríamos de apresentar o trabalho dela por aqui.

Se quiser conhecer melhor:
https://share.google/xcLbjrVJT5NDUfYWV
https://www.instagram.com/dradaianaferrazsc/

Será um prazer recebê-lo(a). Se preferir não receber outras mensagens, é só me avisar."
"0","patoBranco_PB","46","4699719008","Contato","","","","","","","","","","","patoBranco_PB_20261004.txt","","Olá! Tudo bem? Aqui é o Wesley, marido da Dra. Daiana Ferraz. Ela é nova em Pato Branco, e gostaríamos de apresentar o trabalho dela por aqui.

Se quiser conhecer melhor:
https://share.google/xcLbjrVJT5NDUfYWV
https://www.instagram.com/dradaianaferrazsc/

Será um prazer recebê-lo(a). Se preferir não receber outras mensagens, é só me avisar."
"0","patoBranco_PB","46","4699719046","Contato","","","","","","","","","","","patoBranco_PB_20261004.txt","","Olá! Tudo bem? Aqui é o Wesley, marido da Dra. Daiana Ferraz. Ela é nova em Pato Branco, e gostaríamos de apresentar o trabalho dela por aqui.

Se quiser conhecer melhor:
https://share.google/xcLbjrVJT5NDUfYWV
https://www.instagram.com/dradaianaferrazsc/

Será um prazer recebê-lo(a). Se preferir não receber outras mensagens, é só me avisar."
"0","patoBranco_PB","46","4699719172","Contato","","","","","","","","","","","patoBranco_PB_20261004.txt","","Olá! Tudo bem? Aqui é o Wesley, marido da Dra. Daiana Ferraz. Ela é nova em Pato Branco, e gostaríamos de apresentar o trabalho dela por aqui.

Se quiser conhecer melhor:
https://share.google/xcLbjrVJT5NDUfYWV
https://www.instagram.com/dradaianaferrazsc/

Será um prazer recebê-lo(a). Se preferir não receber outras mensagens, é só me avisar."
"0","patoBranco_PB","46","4699719740","Contato","","","","","","","","","","","patoBranco_PB_20261004.txt","","Olá! Tudo bem? Aqui é o Wesley, marido da Dra. Daiana Ferraz. Ela é nova em Pato Branco, e gostaríamos de apresentar o trabalho dela por aqui.

Se quiser conhecer melhor:
https://share.google/xcLbjrVJT5NDUfYWV
https://www.instagram.com/dradaianaferrazsc/

Será um prazer recebê-lo(a). Se preferir não receber outras mensagens, é só me avisar."
"0","patoBranco_PB","46","4699719747","Contato","","","","","","","","","","","patoBranco_PB_20261004.txt","","Olá! Tudo bem? Aqui é o Wesley, marido da Dra. Daiana Ferraz. Ela é nova em Pato Branco, e gostaríamos de apresentar o trabalho dela por aqui.

Se quiser conhecer melhor:
https://share.google/xcLbjrVJT5NDUfYWV
https://www.instagram.com/dradaianaferrazsc/

Será um prazer recebê-lo(a). Se preferir não receber outras mensagens, é só me avisar."
"0","patoBranco_PB","46","4699719919","Contato","","","","","","","","","","","patoBranco_PB_20261004.txt","","Olá! Tudo bem? Aqui é o Wesley, marido da Dra. Daiana Ferraz. Ela é nova em Pato Branco, e gostaríamos de apresentar o trabalho dela por aqui.

Se quiser conhecer melhor:
https://share.google/xcLbjrVJT5NDUfYWV
https://www.instagram.com/dradaianaferrazsc/

Será um prazer recebê-lo(a). Se preferir não receber outras mensagens, é só me avisar."
"0","patoBranco_PB","46","4699720059","Contato","","","","","","","","","","","patoBranco_PB_20261004.txt","","Olá! Tudo bem? Aqui é o Wesley, marido da Dra. Daiana Ferraz. Ela é nova em Pato Branco, e gostaríamos de apresentar o trabalho dela por aqui.

Se quiser conhecer melhor:
https://share.google/xcLbjrVJT5NDUfYWV
https://www.instagram.com/dradaianaferrazsc/

Será um prazer recebê-lo(a). Se preferir não receber outras mensagens, é só me avisar."
"0","patoBranco_PB","46","4699720099","Contato","","","","","","","","","","","patoBranco_PB_20261004.txt","","Olá! Tudo bem? Aqui é o Wesley, marido da Dra. Daiana Ferraz. Ela é nova em Pato Branco, e gostaríamos de apresentar o trabalho dela por aqui.

Se quiser conhecer melhor:
https://share.google/xcLbjrVJT5NDUfYWV
https://www.instagram.com/dradaianaferrazsc/

Será um prazer recebê-lo(a). Se preferir não receber outras mensagens, é só me avisar."
"0","patoBranco_PB","46","4699720641","Contato","","","","","","","","","","","patoBranco_PB_20261004.txt","","Olá! Tudo bem? Aqui é o Wesley, marido da Dra. Daiana Ferraz. Ela é nova em Pato Branco, e gostaríamos de apresentar o trabalho dela por aqui.

Se quiser conhecer melhor:
https://share.google/xcLbjrVJT5NDUfYWV
https://www.instagram.com/dradaianaferrazsc/

Será um prazer recebê-lo(a). Se preferir não receber outras mensagens, é só me avisar."
"0","patoBranco_PB","46","4699722022","Contato","","","","","","","","","","","patoBranco_PB_20261004.txt","","Olá! Tudo bem? Aqui é o Wesley, marido da Dra. Daiana Ferraz. Ela é nova em Pato Branco, e gostaríamos de apresentar o trabalho dela por aqui.

Se quiser conhecer melhor:
https://share.google/xcLbjrVJT5NDUfYWV
https://www.instagram.com/dradaianaferrazsc/

Será um prazer recebê-lo(a). Se preferir não receber outras mensagens, é só me avisar."
"0","patoBranco_PB","46","4699722081","Contato","","","","","","","","","","","patoBranco_PB_20261004.txt","","Olá! Tudo bem? Aqui é o Wesley, marido da Dra. Daiana Ferraz. Ela é nova em Pato Branco, e gostaríamos de apresentar o trabalho dela por aqui.

Se quiser conhecer melhor:
https://share.google/xcLbjrVJT5NDUfYWV
https://www.instagram.com/dradaianaferrazsc/

Será um prazer recebê-lo(a). Se preferir não receber outras mensagens, é só me avisar."
"0","patoBranco_PB","46","4699722652","Contato","","","","","","","","","","","patoBranco_PB_20261004.txt","","Olá! Tudo bem? Aqui é o Wesley, marido da Dra. Daiana Ferraz. Ela é nova em Pato Branco, e gostaríamos de apresentar o trabalho dela por aqui.

Se quiser conhecer melhor:
https://share.google/xcLbjrVJT5NDUfYWV
https://www.instagram.com/dradaianaferrazsc/

Será um prazer recebê-lo(a). Se preferir não receber outras mensagens, é só me avisar."
"0","patoBranco_PB","46","4699722697","Contato","","","","","","","","","","","patoBranco_PB_20261004.txt","","Olá! Tudo bem? Aqui é o Wesley, marido da Dra. Daiana Ferraz. Ela é nova em Pato Branco, e gostaríamos de apresentar o trabalho dela por aqui.

Se quiser conhecer melhor:
https://share.google/xcLbjrVJT5NDUfYWV
https://www.instagram.com/dradaianaferrazsc/

Será um prazer recebê-lo(a). Se preferir não receber outras mensagens, é só me avisar."
"0","patoBranco_PB","46","4699723721","Contato","","","","","","","","","","","patoBranco_PB_20261004.txt","","Olá! Tudo bem? Aqui é o Wesley, marido da Dra. Daiana Ferraz. Ela é nova em Pato Branco, e gostaríamos de apresentar o trabalho dela por aqui.

Se quiser conhecer melhor:
https://share.google/xcLbjrVJT5NDUfYWV
https://www.instagram.com/dradaianaferrazsc/

Será um prazer recebê-lo(a). Se preferir não receber outras mensagens, é só me avisar."
"0","patoBranco_PB","46","4699723723","Contato","","","","","","","","","","","patoBranco_PB_20261004.txt","","Olá! Tudo bem? Aqui é o Wesley, marido da Dra. Daiana Ferraz. Ela é nova em Pato Branco, e gostaríamos de apresentar o trabalho dela por aqui.

Se quiser conhecer melhor:
https://share.google/xcLbjrVJT5NDUfYWV
https://www.instagram.com/dradaianaferrazsc/

Será um prazer recebê-lo(a). Se preferir não receber outras mensagens, é só me avisar."
"0","patoBranco_PB","46","4699723998","Contato","","","","","","","","","","","patoBranco_PB_20261004.txt","","Olá! Tudo bem? Aqui é o Wesley, marido da Dra. Daiana Ferraz. Ela é nova em Pato Branco, e gostaríamos de apresentar o trabalho dela por aqui.

Se quiser conhecer melhor:
https://share.google/xcLbjrVJT5NDUfYWV
https://www.instagram.com/dradaianaferrazsc/

Será um prazer recebê-lo(a). Se preferir não receber outras mensagens, é só me avisar."
"0","patoBranco_PB","46","4699724225","Contato","","","","","","","","","","","patoBranco_PB_20261004.txt","","Olá! Tudo bem? Aqui é o Wesley, marido da Dra. Daiana Ferraz. Ela é nova em Pato Branco, e gostaríamos de apresentar o trabalho dela por aqui.

Se quiser conhecer melhor:
https://share.google/xcLbjrVJT5NDUfYWV
https://www.instagram.com/dradaianaferrazsc/

Será um prazer recebê-lo(a). Se preferir não receber outras mensagens, é só me avisar."
"0","patoBranco_PB","46","4699724908","Contato","","","","","","","","","","","patoBranco_PB_20261004.txt","","Olá! Tudo bem? Aqui é o Wesley, marido da Dra. Daiana Ferraz. Ela é nova em Pato Branco, e gostaríamos de apresentar o trabalho dela por aqui.

Se quiser conhecer melhor:
https://share.google/xcLbjrVJT5NDUfYWV
https://www.instagram.com/dradaianaferrazsc/

Será um prazer recebê-lo(a). Se preferir não receber outras mensagens, é só me avisar."
"0","patoBranco_PB","46","4699726267","Contato","","","","","","","","","","","patoBranco_PB_20261004.txt","","Olá! Tudo bem? Aqui é o Wesley, marido da Dra. Daiana Ferraz. Ela é nova em Pato Branco, e gostaríamos de apresentar o trabalho dela por aqui.

Se quiser conhecer melhor:
https://share.google/xcLbjrVJT5NDUfYWV
https://www.instagram.com/dradaianaferrazsc/

Será um prazer recebê-lo(a). Se preferir não receber outras mensagens, é só me avisar."
"0","patoBranco_PB","46","4699727148","Contato","","","","","","","","","","","patoBranco_PB_20261004.txt","","Olá! Tudo bem? Aqui é o Wesley, marido da Dra. Daiana Ferraz. Ela é nova em Pato Branco, e gostaríamos de apresentar o trabalho dela por aqui.

Se quiser conhecer melhor:
https://share.google/xcLbjrVJT5NDUfYWV
https://www.instagram.com/dradaianaferrazsc/

Será um prazer recebê-lo(a). Se preferir não receber outras mensagens, é só me avisar."
"0","patoBranco_PB","46","4699727363","Contato","","","","","","","","","","","patoBranco_PB_20261004.txt","","Olá! Tudo bem? Aqui é o Wesley, marido da Dra. Daiana Ferraz. Ela é nova em Pato Branco, e gostaríamos de apresentar o trabalho dela por aqui.

Se quiser conhecer melhor:
https://share.google/xcLbjrVJT5NDUfYWV
https://www.instagram.com/dradaianaferrazsc/

Será um prazer recebê-lo(a). Se preferir não receber outras mensagens, é só me avisar."
"0","patoBranco_PB","46","4699728596","Contato","","","","","","","","","","","patoBranco_PB_20261004.txt","","Olá! Tudo bem? Aqui é o Wesley, marido da Dra. Daiana Ferraz. Ela é nova em Pato Branco, e gostaríamos de apresentar o trabalho dela por aqui.

Se quiser conhecer melhor:
https://share.google/xcLbjrVJT5NDUfYWV
https://www.instagram.com/dradaianaferrazsc/

Será um prazer recebê-lo(a). Se preferir não receber outras mensagens, é só me avisar."
"0","patoBranco_PB","46","4699728787","Contato","","","","","","","","","","","patoBranco_PB_20261004.txt","","Olá! Tudo bem? Aqui é o Wesley, marido da Dra. Daiana Ferraz. Ela é nova em Pato Branco, e gostaríamos de apresentar o trabalho dela por aqui.

Se quiser conhecer melhor:
https://share.google/xcLbjrVJT5NDUfYWV
https://www.instagram.com/dradaianaferrazsc/

Será um prazer recebê-lo(a). Se preferir não receber outras mensagens, é só me avisar."
"0","patoBranco_PB","46","4699729112","Contato","","","","","","","","","","","patoBranco_PB_20261004.txt","","Olá! Tudo bem? Aqui é o Wesley, marido da Dra. Daiana Ferraz. Ela é nova em Pato Branco, e gostaríamos de apresentar o trabalho dela por aqui.

Se quiser conhecer melhor:
https://share.google/xcLbjrVJT5NDUfYWV
https://www.instagram.com/dradaianaferrazsc/

Será um prazer recebê-lo(a). Se preferir não receber outras mensagens, é só me avisar."
"0","patoBranco_PB","46","4699729879","Contato","","","","","","","","","","","patoBranco_PB_20261004.txt","","Olá! Tudo bem? Aqui é o Wesley, marido da Dra. Daiana Ferraz. Ela é nova em Pato Branco, e gostaríamos de apresentar o trabalho dela por aqui.

Se quiser conhecer melhor:
https://share.google/xcLbjrVJT5NDUfYWV
https://www.instagram.com/dradaianaferrazsc/

Será um prazer recebê-lo(a). Se preferir não receber outras mensagens, é só me avisar."
"0","patoBranco_PB","46","4699730107","Contato","","","","","","","","","","","patoBranco_PB_20261004.txt","","Olá! Tudo bem? Aqui é o Wesley, marido da Dra. Daiana Ferraz. Ela é nova em Pato Branco, e gostaríamos de apresentar o trabalho dela por aqui.

Se quiser conhecer melhor:
https://share.google/xcLbjrVJT5NDUfYWV
https://www.instagram.com/dradaianaferrazsc/

Será um prazer recebê-lo(a). Se preferir não receber outras mensagens, é só me avisar."
"0","patoBranco_PB","46","4699731956","Contato","","","","","","","","","","","patoBranco_PB_20261004.txt","","Olá! Tudo bem? Aqui é o Wesley, marido da Dra. Daiana Ferraz. Ela é nova em Pato Branco, e gostaríamos de apresentar o trabalho dela por aqui.

Se quiser conhecer melhor:
https://share.google/xcLbjrVJT5NDUfYWV
https://www.instagram.com/dradaianaferrazsc/

Será um prazer recebê-lo(a). Se preferir não receber outras mensagens, é só me avisar."
"0","patoBranco_PB","46","4699732697","Contato","","","","","","","","","","","patoBranco_PB_20261004.txt","","Olá! Tudo bem? Aqui é o Wesley, marido da Dra. Daiana Ferraz. Ela é nova em Pato Branco, e gostaríamos de apresentar o trabalho dela por aqui.

Se quiser conhecer melhor:
https://share.google/xcLbjrVJT5NDUfYWV
https://www.instagram.com/dradaianaferrazsc/

Será um prazer recebê-lo(a). Se preferir não receber outras mensagens, é só me avisar."
"0","patoBranco_PB","46","4699735197","Contato","","","","","","","","","","","patoBranco_PB_20261004.txt","","Olá! Tudo bem? Aqui é o Wesley, marido da Dra. Daiana Ferraz. Ela é nova em Pato Branco, e gostaríamos de apresentar o trabalho dela por aqui.

Se quiser conhecer melhor:
https://share.google/xcLbjrVJT5NDUfYWV
https://www.instagram.com/dradaianaferrazsc/

Será um prazer recebê-lo(a). Se preferir não receber outras mensagens, é só me avisar."
"0","patoBranco_PB","46","4699736809","Contato","","","","","","","","","","","patoBranco_PB_20261004.txt","","Olá! Tudo bem? Aqui é o Wesley, marido da Dra. Daiana Ferraz. Ela é nova em Pato Branco, e gostaríamos de apresentar o trabalho dela por aqui.

Se quiser conhecer melhor:
https://share.google/xcLbjrVJT5NDUfYWV
https://www.instagram.com/dradaianaferrazsc/

Será um prazer recebê-lo(a). Se preferir não receber outras mensagens, é só me avisar."
"0","patoBranco_PB","46","4699738233","Contato","","","","","","","","","","","patoBranco_PB_20261004.txt","","Olá! Tudo bem? Aqui é o Wesley, marido da Dra. Daiana Ferraz. Ela é nova em Pato Branco, e gostaríamos de apresentar o trabalho dela por aqui.

Se quiser conhecer melhor:
https://share.google/xcLbjrVJT5NDUfYWV
https://www.instagram.com/dradaianaferrazsc/

Será um prazer recebê-lo(a). Se preferir não receber outras mensagens, é só me avisar."
"0","patoBranco_PB","46","4699738714","Contato","","","","","","","","","","","patoBranco_PB_20261004.txt","","Olá! Tudo bem? Aqui é o Wesley, marido da Dra. Daiana Ferraz. Ela é nova em Pato Branco, e gostaríamos de apresentar o trabalho dela por aqui.

Se quiser conhecer melhor:
https://share.google/xcLbjrVJT5NDUfYWV
https://www.instagram.com/dradaianaferrazsc/

Será um prazer recebê-lo(a). Se preferir não receber outras mensagens, é só me avisar."
"0","patoBranco_PB","46","4699738783","Contato","","","","","","","","","","","patoBranco_PB_20261004.txt","","Olá! Tudo bem? Aqui é o Wesley, marido da Dra. Daiana Ferraz. Ela é nova em Pato Branco, e gostaríamos de apresentar o trabalho dela por aqui.

Se quiser conhecer melhor:
https://share.google/xcLbjrVJT5NDUfYWV
https://www.instagram.com/dradaianaferrazsc/

Será um prazer recebê-lo(a). Se preferir não receber outras mensagens, é só me avisar."
"0","patoBranco_PB","46","4699739050","Contato","","","","","","","","","","","patoBranco_PB_20261004.txt","","Olá! Tudo bem? Aqui é o Wesley, marido da Dra. Daiana Ferraz. Ela é nova em Pato Branco, e gostaríamos de apresentar o trabalho dela por aqui.

Se quiser conhecer melhor:
https://share.google/xcLbjrVJT5NDUfYWV
https://www.instagram.com/dradaianaferrazsc/

Será um prazer recebê-lo(a). Se preferir não receber outras mensagens, é só me avisar."
"0","patoBranco_PB","46","4699739415","Contato","","","","","","","","","","","patoBranco_PB_20261004.txt","","Olá! Tudo bem? Aqui é o Wesley, marido da Dra. Daiana Ferraz. Ela é nova em Pato Branco, e gostaríamos de apresentar o trabalho dela por aqui.

Se quiser conhecer melhor:
https://share.google/xcLbjrVJT5NDUfYWV
https://www.instagram.com/dradaianaferrazsc/

Será um prazer recebê-lo(a). Se preferir não receber outras mensagens, é só me avisar."
"0","patoBranco_PB","46","4699739900","Contato","","","","","","","","","","","patoBranco_PB_20261004.txt","","Olá! Tudo bem? Aqui é o Wesley, marido da Dra. Daiana Ferraz. Ela é nova em Pato Branco, e gostaríamos de apresentar o trabalho dela por aqui.

Se quiser conhecer melhor:
https://share.google/xcLbjrVJT5NDUfYWV
https://www.instagram.com/dradaianaferrazsc/

Será um prazer recebê-lo(a). Se preferir não receber outras mensagens, é só me avisar."
"0","patoBranco_PB","46","4699746188","Contato","","","","","","","","","","","patoBranco_PB_20261004.txt","","Olá! Tudo bem? Aqui é o Wesley, marido da Dra. Daiana Ferraz. Ela é nova em Pato Branco, e gostaríamos de apresentar o trabalho dela por aqui.

Se quiser conhecer melhor:
https://share.google/xcLbjrVJT5NDUfYWV
https://www.instagram.com/dradaianaferrazsc/

Será um prazer recebê-lo(a). Se preferir não receber outras mensagens, é só me avisar."
"0","patoBranco_PB","46","4699748077","Contato","","","","","","","","","","","patoBranco_PB_20261004.txt","","Olá! Tudo bem? Aqui é o Wesley, marido da Dra. Daiana Ferraz. Ela é nova em Pato Branco, e gostaríamos de apresentar o trabalho dela por aqui.

Se quiser conhecer melhor:
https://share.google/xcLbjrVJT5NDUfYWV
https://www.instagram.com/dradaianaferrazsc/

Será um prazer recebê-lo(a). Se preferir não receber outras mensagens, é só me avisar."
"0","patoBranco_PB","46","4699748280","Contato","","","","","","","","","","","patoBranco_PB_20261004.txt","","Olá! Tudo bem? Aqui é o Wesley, marido da Dra. Daiana Ferraz. Ela é nova em Pato Branco, e gostaríamos de apresentar o trabalho dela por aqui.

Se quiser conhecer melhor:
https://share.google/xcLbjrVJT5NDUfYWV
https://www.instagram.com/dradaianaferrazsc/

Será um prazer recebê-lo(a). Se preferir não receber outras mensagens, é só me avisar."
"0","patoBranco_PB","46","4699749907","Contato","","","","","","","","","","","patoBranco_PB_20261004.txt","","Olá! Tudo bem? Aqui é o Wesley, marido da Dra. Daiana Ferraz. Ela é nova em Pato Branco, e gostaríamos de apresentar o trabalho dela por aqui.

Se quiser conhecer melhor:
https://share.google/xcLbjrVJT5NDUfYWV
https://www.instagram.com/dradaianaferrazsc/

Será um prazer recebê-lo(a). Se preferir não receber outras mensagens, é só me avisar."
"0","patoBranco_PB","46","4699750554","Contato","","","","","","","","","","","patoBranco_PB_20261004.txt","","Olá! Tudo bem? Aqui é o Wesley, marido da Dra. Daiana Ferraz. Ela é nova em Pato Branco, e gostaríamos de apresentar o trabalho dela por aqui.

Se quiser conhecer melhor:
https://share.google/xcLbjrVJT5NDUfYWV
https://www.instagram.com/dradaianaferrazsc/

Será um prazer recebê-lo(a). Se preferir não receber outras mensagens, é só me avisar."
"0","patoBranco_PB","46","4699750774","Contato","","","","","","","","","","","patoBranco_PB_20261004.txt","","Olá! Tudo bem? Aqui é o Wesley, marido da Dra. Daiana Ferraz. Ela é nova em Pato Branco, e gostaríamos de apresentar o trabalho dela por aqui.

Se quiser conhecer melhor:
https://share.google/xcLbjrVJT5NDUfYWV
https://www.instagram.com/dradaianaferrazsc/

Será um prazer recebê-lo(a). Se preferir não receber outras mensagens, é só me avisar."
"0","patoBranco_PB","46","4699751272","Contato","","","","","","","","","","","patoBranco_PB_20261004.txt","","Olá! Tudo bem? Aqui é o Wesley, marido da Dra. Daiana Ferraz. Ela é nova em Pato Branco, e gostaríamos de apresentar o trabalho dela por aqui.

Se quiser conhecer melhor:
https://share.google/xcLbjrVJT5NDUfYWV
https://www.instagram.com/dradaianaferrazsc/

Será um prazer recebê-lo(a). Se preferir não receber outras mensagens, é só me avisar."
"0","patoBranco_PB","46","4699751916","Contato","","","","","","","","","","","patoBranco_PB_20261004.txt","","Olá! Tudo bem? Aqui é o Wesley, marido da Dra. Daiana Ferraz. Ela é nova em Pato Branco, e gostaríamos de apresentar o trabalho dela por aqui.

Se quiser conhecer melhor:
https://share.google/xcLbjrVJT5NDUfYWV
https://www.instagram.com/dradaianaferrazsc/

Será um prazer recebê-lo(a). Se preferir não receber outras mensagens, é só me avisar."
"0","patoBranco_PB","46","4699753319","Contato","","","","","","","","","","","patoBranco_PB_20261004.txt","","Olá! Tudo bem? Aqui é o Wesley, marido da Dra. Daiana Ferraz. Ela é nova em Pato Branco, e gostaríamos de apresentar o trabalho dela por aqui.

Se quiser conhecer melhor:
https://share.google/xcLbjrVJT5NDUfYWV
https://www.instagram.com/dradaianaferrazsc/

Será um prazer recebê-lo(a). Se preferir não receber outras mensagens, é só me avisar."
"0","patoBranco_PB","46","4699754358","Contato","","","","","","","","","","","patoBranco_PB_20261004.txt","","Olá! Tudo bem? Aqui é o Wesley, marido da Dra. Daiana Ferraz. Ela é nova em Pato Branco, e gostaríamos de apresentar o trabalho dela por aqui.

Se quiser conhecer melhor:
https://share.google/xcLbjrVJT5NDUfYWV
https://www.instagram.com/dradaianaferrazsc/

Será um prazer recebê-lo(a). Se preferir não receber outras mensagens, é só me avisar."
"0","patoBranco_PB","46","4699756028","Contato","","","","","","","","","","","patoBranco_PB_20261004.txt","","Olá! Tudo bem? Aqui é o Wesley, marido da Dra. Daiana Ferraz. Ela é nova em Pato Branco, e gostaríamos de apresentar o trabalho dela por aqui.

Se quiser conhecer melhor:
https://share.google/xcLbjrVJT5NDUfYWV
https://www.instagram.com/dradaianaferrazsc/

Será um prazer recebê-lo(a). Se preferir não receber outras mensagens, é só me avisar."
"0","patoBranco_PB","46","4699756130","Contato","","","","","","","","","","","patoBranco_PB_20261004.txt","","Olá! Tudo bem? Aqui é o Wesley, marido da Dra. Daiana Ferraz. Ela é nova em Pato Branco, e gostaríamos de apresentar o trabalho dela por aqui.

Se quiser conhecer melhor:
https://share.google/xcLbjrVJT5NDUfYWV
https://www.instagram.com/dradaianaferrazsc/

Será um prazer recebê-lo(a). Se preferir não receber outras mensagens, é só me avisar."
"0","patoBranco_PB","46","4699758190","Contato","","","","","","","","","","","patoBranco_PB_20261004.txt","","Olá! Tudo bem? Aqui é o Wesley, marido da Dra. Daiana Ferraz. Ela é nova em Pato Branco, e gostaríamos de apresentar o trabalho dela por aqui.

Se quiser conhecer melhor:
https://share.google/xcLbjrVJT5NDUfYWV
https://www.instagram.com/dradaianaferrazsc/

Será um prazer recebê-lo(a). Se preferir não receber outras mensagens, é só me avisar."
"0","patoBranco_PB","46","4699759213","Contato","","","","","","","","","","","patoBranco_PB_20261004.txt","","Olá! Tudo bem? Aqui é o Wesley, marido da Dra. Daiana Ferraz. Ela é nova em Pato Branco, e gostaríamos de apresentar o trabalho dela por aqui.

Se quiser conhecer melhor:
https://share.google/xcLbjrVJT5NDUfYWV
https://www.instagram.com/dradaianaferrazsc/

Será um prazer recebê-lo(a). Se preferir não receber outras mensagens, é só me avisar."
"0","patoBranco_PB","46","4699759704","Contato","","","","","","","","","","","patoBranco_PB_20261004.txt","","Olá! Tudo bem? Aqui é o Wesley, marido da Dra. Daiana Ferraz. Ela é nova em Pato Branco, e gostaríamos de apresentar o trabalho dela por aqui.

Se quiser conhecer melhor:
https://share.google/xcLbjrVJT5NDUfYWV
https://www.instagram.com/dradaianaferrazsc/

Será um prazer recebê-lo(a). Se preferir não receber outras mensagens, é só me avisar."
"0","patoBranco_PB","46","4699760662","Contato","","","","","","","","","","","patoBranco_PB_20261004.txt","","Olá! Tudo bem? Aqui é o Wesley, marido da Dra. Daiana Ferraz. Ela é nova em Pato Branco, e gostaríamos de apresentar o trabalho dela por aqui.

Se quiser conhecer melhor:
https://share.google/xcLbjrVJT5NDUfYWV
https://www.instagram.com/dradaianaferrazsc/

Será um prazer recebê-lo(a). Se preferir não receber outras mensagens, é só me avisar."
"0","patoBranco_PB","46","4699761951","Contato","","","","","","","","","","","patoBranco_PB_20261004.txt","","Olá! Tudo bem? Aqui é o Wesley, marido da Dra. Daiana Ferraz. Ela é nova em Pato Branco, e gostaríamos de apresentar o trabalho dela por aqui.

Se quiser conhecer melhor:
https://share.google/xcLbjrVJT5NDUfYWV
https://www.instagram.com/dradaianaferrazsc/

Será um prazer recebê-lo(a). Se preferir não receber outras mensagens, é só me avisar."
"0","patoBranco_PB","46","4699763412","Contato","","","","","","","","","","","patoBranco_PB_20261004.txt","","Olá! Tudo bem? Aqui é o Wesley, marido da Dra. Daiana Ferraz. Ela é nova em Pato Branco, e gostaríamos de apresentar o trabalho dela por aqui.

Se quiser conhecer melhor:
https://share.google/xcLbjrVJT5NDUfYWV
https://www.instagram.com/dradaianaferrazsc/

Será um prazer recebê-lo(a). Se preferir não receber outras mensagens, é só me avisar."
"0","patoBranco_PB","46","4699763916","Contato","","","","","","","","","","","patoBranco_PB_20261004.txt","","Olá! Tudo bem? Aqui é o Wesley, marido da Dra. Daiana Ferraz. Ela é nova em Pato Branco, e gostaríamos de apresentar o trabalho dela por aqui.

Se quiser conhecer melhor:
https://share.google/xcLbjrVJT5NDUfYWV
https://www.instagram.com/dradaianaferrazsc/

Será um prazer recebê-lo(a). Se preferir não receber outras mensagens, é só me avisar."
"0","patoBranco_PB","46","4699764833","Contato","","","","","","","","","","","patoBranco_PB_20261004.txt","","Olá! Tudo bem? Aqui é o Wesley, marido da Dra. Daiana Ferraz. Ela é nova em Pato Branco, e gostaríamos de apresentar o trabalho dela por aqui.

Se quiser conhecer melhor:
https://share.google/xcLbjrVJT5NDUfYWV
https://www.instagram.com/dradaianaferrazsc/

Será um prazer recebê-lo(a). Se preferir não receber outras mensagens, é só me avisar."
"0","patoBranco_PB","46","4699765359","Contato","","","","","","","","","","","patoBranco_PB_20261004.txt","","Olá! Tudo bem? Aqui é o Wesley, marido da Dra. Daiana Ferraz. Ela é nova em Pato Branco, e gostaríamos de apresentar o trabalho dela por aqui.

Se quiser conhecer melhor:
https://share.google/xcLbjrVJT5NDUfYWV
https://www.instagram.com/dradaianaferrazsc/

Será um prazer recebê-lo(a). Se preferir não receber outras mensagens, é só me avisar."
"0","patoBranco_PB","46","4699767086","Contato","","","","","","","","","","","patoBranco_PB_20261004.txt","","Olá! Tudo bem? Aqui é o Wesley, marido da Dra. Daiana Ferraz. Ela é nova em Pato Branco, e gostaríamos de apresentar o trabalho dela por aqui.

Se quiser conhecer melhor:
https://share.google/xcLbjrVJT5NDUfYWV
https://www.instagram.com/dradaianaferrazsc/

Será um prazer recebê-lo(a). Se preferir não receber outras mensagens, é só me avisar."
"0","patoBranco_PB","46","4699769090","Contato","","","","","","","","","","","patoBranco_PB_20261004.txt","","Olá! Tudo bem? Aqui é o Wesley, marido da Dra. Daiana Ferraz. Ela é nova em Pato Branco, e gostaríamos de apresentar o trabalho dela por aqui.

Se quiser conhecer melhor:
https://share.google/xcLbjrVJT5NDUfYWV
https://www.instagram.com/dradaianaferrazsc/

Será um prazer recebê-lo(a). Se preferir não receber outras mensagens, é só me avisar."
"0","patoBranco_PB","46","4699770046","Contato","","","","","","","","","","","patoBranco_PB_20261004.txt","","Olá! Tudo bem? Aqui é o Wesley, marido da Dra. Daiana Ferraz. Ela é nova em Pato Branco, e gostaríamos de apresentar o trabalho dela por aqui.

Se quiser conhecer melhor:
https://share.google/xcLbjrVJT5NDUfYWV
https://www.instagram.com/dradaianaferrazsc/

Será um prazer recebê-lo(a). Se preferir não receber outras mensagens, é só me avisar."
"0","patoBranco_PB","46","4699770684","Contato","","","","","","","","","","","patoBranco_PB_20261004.txt","","Olá! Tudo bem? Aqui é o Wesley, marido da Dra. Daiana Ferraz. Ela é nova em Pato Branco, e gostaríamos de apresentar o trabalho dela por aqui.

Se quiser conhecer melhor:
https://share.google/xcLbjrVJT5NDUfYWV
https://www.instagram.com/dradaianaferrazsc/

Será um prazer recebê-lo(a). Se preferir não receber outras mensagens, é só me avisar."
"0","patoBranco_PB","46","4699771021","Contato","","","","","","","","","","","patoBranco_PB_20261004.txt","","Olá! Tudo bem? Aqui é o Wesley, marido da Dra. Daiana Ferraz. Ela é nova em Pato Branco, e gostaríamos de apresentar o trabalho dela por aqui.

Se quiser conhecer melhor:
https://share.google/xcLbjrVJT5NDUfYWV
https://www.instagram.com/dradaianaferrazsc/

Será um prazer recebê-lo(a). Se preferir não receber outras mensagens, é só me avisar."
"0","patoBranco_PB","46","4699773978","Contato","","","","","","","","","","","patoBranco_PB_20261004.txt","","Olá! Tudo bem? Aqui é o Wesley, marido da Dra. Daiana Ferraz. Ela é nova em Pato Branco, e gostaríamos de apresentar o trabalho dela por aqui.

Se quiser conhecer melhor:
https://share.google/xcLbjrVJT5NDUfYWV
https://www.instagram.com/dradaianaferrazsc/

Será um prazer recebê-lo(a). Se preferir não receber outras mensagens, é só me avisar."
"0","patoBranco_PB","46","4699774533","Contato","","","","","","","","","","","patoBranco_PB_20261004.txt","","Olá! Tudo bem? Aqui é o Wesley, marido da Dra. Daiana Ferraz. Ela é nova em Pato Branco, e gostaríamos de apresentar o trabalho dela por aqui.

Se quiser conhecer melhor:
https://share.google/xcLbjrVJT5NDUfYWV
https://www.instagram.com/dradaianaferrazsc/

Será um prazer recebê-lo(a). Se preferir não receber outras mensagens, é só me avisar."
"0","patoBranco_PB","46","4699775145","Contato","","","","","","","","","","","patoBranco_PB_20261004.txt","","Olá! Tudo bem? Aqui é o Wesley, marido da Dra. Daiana Ferraz. Ela é nova em Pato Branco, e gostaríamos de apresentar o trabalho dela por aqui.

Se quiser conhecer melhor:
https://share.google/xcLbjrVJT5NDUfYWV
https://www.instagram.com/dradaianaferrazsc/

Será um prazer recebê-lo(a). Se preferir não receber outras mensagens, é só me avisar."
"0","patoBranco_PB","46","4699776277","Contato","","","","","","","","","","","patoBranco_PB_20261004.txt","","Olá! Tudo bem? Aqui é o Wesley, marido da Dra. Daiana Ferraz. Ela é nova em Pato Branco, e gostaríamos de apresentar o trabalho dela por aqui.

Se quiser conhecer melhor:
https://share.google/xcLbjrVJT5NDUfYWV
https://www.instagram.com/dradaianaferrazsc/

Será um prazer recebê-lo(a). Se preferir não receber outras mensagens, é só me avisar."
"0","patoBranco_PB","46","4699779681","Contato","","","","","","","","","","","patoBranco_PB_20261004.txt","","Olá! Tudo bem? Aqui é o Wesley, marido da Dra. Daiana Ferraz. Ela é nova em Pato Branco, e gostaríamos de apresentar o trabalho dela por aqui.

Se quiser conhecer melhor:
https://share.google/xcLbjrVJT5NDUfYWV
https://www.instagram.com/dradaianaferrazsc/

Será um prazer recebê-lo(a). Se preferir não receber outras mensagens, é só me avisar."
"0","patoBranco_PB","46","4699781244","Contato","","","","","","","","","","","patoBranco_PB_20261004.txt","","Olá! Tudo bem? Aqui é o Wesley, marido da Dra. Daiana Ferraz. Ela é nova em Pato Branco, e gostaríamos de apresentar o trabalho dela por aqui.

Se quiser conhecer melhor:
https://share.google/xcLbjrVJT5NDUfYWV
https://www.instagram.com/dradaianaferrazsc/

Será um prazer recebê-lo(a). Se preferir não receber outras mensagens, é só me avisar."
"0","patoBranco_PB","46","4699781848","Contato","","","","","","","","","","","patoBranco_PB_20261004.txt","","Olá! Tudo bem? Aqui é o Wesley, marido da Dra. Daiana Ferraz. Ela é nova em Pato Branco, e gostaríamos de apresentar o trabalho dela por aqui.

Se quiser conhecer melhor:
https://share.google/xcLbjrVJT5NDUfYWV
https://www.instagram.com/dradaianaferrazsc/

Será um prazer recebê-lo(a). Se preferir não receber outras mensagens, é só me avisar."
"0","patoBranco_PB","46","4699787309","Contato","","","","","","","","","","","patoBranco_PB_20261004.txt","","Olá! Tudo bem? Aqui é o Wesley, marido da Dra. Daiana Ferraz. Ela é nova em Pato Branco, e gostaríamos de apresentar o trabalho dela por aqui.

Se quiser conhecer melhor:
https://share.google/xcLbjrVJT5NDUfYWV
https://www.instagram.com/dradaianaferrazsc/

Será um prazer recebê-lo(a). Se preferir não receber outras mensagens, é só me avisar."
"0","patoBranco_PB","46","4699787901","Contato","","","","","","","","","","","patoBranco_PB_20261004.txt","","Olá! Tudo bem? Aqui é o Wesley, marido da Dra. Daiana Ferraz. Ela é nova em Pato Branco, e gostaríamos de apresentar o trabalho dela por aqui.

Se quiser conhecer melhor:
https://share.google/xcLbjrVJT5NDUfYWV
https://www.instagram.com/dradaianaferrazsc/

Será um prazer recebê-lo(a). Se preferir não receber outras mensagens, é só me avisar."
"0","patoBranco_PB","46","4699789931","Contato","","","","","","","","","","","patoBranco_PB_20261004.txt","","Olá! Tudo bem? Aqui é o Wesley, marido da Dra. Daiana Ferraz. Ela é nova em Pato Branco, e gostaríamos de apresentar o trabalho dela por aqui.

Se quiser conhecer melhor:
https://share.google/xcLbjrVJT5NDUfYWV
https://www.instagram.com/dradaianaferrazsc/

Será um prazer recebê-lo(a). Se preferir não receber outras mensagens, é só me avisar."
"0","patoBranco_PB","46","4699790177","Contato","","","","","","","","","","","patoBranco_PB_20261004.txt","","Olá! Tudo bem? Aqui é o Wesley, marido da Dra. Daiana Ferraz. Ela é nova em Pato Branco, e gostaríamos de apresentar o trabalho dela por aqui.

Se quiser conhecer melhor:
https://share.google/xcLbjrVJT5NDUfYWV
https://www.instagram.com/dradaianaferrazsc/

Será um prazer recebê-lo(a). Se preferir não receber outras mensagens, é só me avisar."
"0","patoBranco_PB","46","4699790186","Contato","","","","","","","","","","","patoBranco_PB_20261004.txt","","Olá! Tudo bem? Aqui é o Wesley, marido da Dra. Daiana Ferraz. Ela é nova em Pato Branco, e gostaríamos de apresentar o trabalho dela por aqui.

Se quiser conhecer melhor:
https://share.google/xcLbjrVJT5NDUfYWV
https://www.instagram.com/dradaianaferrazsc/

Será um prazer recebê-lo(a). Se preferir não receber outras mensagens, é só me avisar."
"0","patoBranco_PB","46","4699790232","Contato","","","","","","","","","","","patoBranco_PB_20261004.txt","","Olá! Tudo bem? Aqui é o Wesley, marido da Dra. Daiana Ferraz. Ela é nova em Pato Branco, e gostaríamos de apresentar o trabalho dela por aqui.

Se quiser conhecer melhor:
https://share.google/xcLbjrVJT5NDUfYWV
https://www.instagram.com/dradaianaferrazsc/

Será um prazer recebê-lo(a). Se preferir não receber outras mensagens, é só me avisar."
"0","patoBranco_PB","46","4699790948","Contato","","","","","","","","","","","patoBranco_PB_20261004.txt","","Olá! Tudo bem? Aqui é o Wesley, marido da Dra. Daiana Ferraz. Ela é nova em Pato Branco, e gostaríamos de apresentar o trabalho dela por aqui.

Se quiser conhecer melhor:
https://share.google/xcLbjrVJT5NDUfYWV
https://www.instagram.com/dradaianaferrazsc/

Será um prazer recebê-lo(a). Se preferir não receber outras mensagens, é só me avisar."
"0","patoBranco_PB","46","4699791676","Contato","","","","","","","","","","","patoBranco_PB_20261004.txt","","Olá! Tudo bem? Aqui é o Wesley, marido da Dra. Daiana Ferraz. Ela é nova em Pato Branco, e gostaríamos de apresentar o trabalho dela por aqui.

Se quiser conhecer melhor:
https://share.google/xcLbjrVJT5NDUfYWV
https://www.instagram.com/dradaianaferrazsc/

Será um prazer recebê-lo(a). Se preferir não receber outras mensagens, é só me avisar."
"0","patoBranco_PB","46","4699794590","Contato","","","","","","","","","","","patoBranco_PB_20261004.txt","","Olá! Tudo bem? Aqui é o Wesley, marido da Dra. Daiana Ferraz. Ela é nova em Pato Branco, e gostaríamos de apresentar o trabalho dela por aqui.

Se quiser conhecer melhor:
https://share.google/xcLbjrVJT5NDUfYWV
https://www.instagram.com/dradaianaferrazsc/

Será um prazer recebê-lo(a). Se preferir não receber outras mensagens, é só me avisar."
"0","patoBranco_PB","46","4699794970","Contato","","","","","","","","","","","patoBranco_PB_20261004.txt","","Olá! Tudo bem? Aqui é o Wesley, marido da Dra. Daiana Ferraz. Ela é nova em Pato Branco, e gostaríamos de apresentar o trabalho dela por aqui.

Se quiser conhecer melhor:
https://share.google/xcLbjrVJT5NDUfYWV
https://www.instagram.com/dradaianaferrazsc/

Será um prazer recebê-lo(a). Se preferir não receber outras mensagens, é só me avisar."
"0","patoBranco_PB","46","4699795267","Contato","","","","","","","","","","","patoBranco_PB_20261004.txt","","Olá! Tudo bem? Aqui é o Wesley, marido da Dra. Daiana Ferraz. Ela é nova em Pato Branco, e gostaríamos de apresentar o trabalho dela por aqui.

Se quiser conhecer melhor:
https://share.google/xcLbjrVJT5NDUfYWV
https://www.instagram.com/dradaianaferrazsc/

Será um prazer recebê-lo(a). Se preferir não receber outras mensagens, é só me avisar."
"0","patoBranco_PB","46","4699799858","Contato","","","","","","","","","","","patoBranco_PB_20261004.txt","","Olá! Tudo bem? Aqui é o Wesley, marido da Dra. Daiana Ferraz. Ela é nova em Pato Branco, e gostaríamos de apresentar o trabalho dela por aqui.

Se quiser conhecer melhor:
https://share.google/xcLbjrVJT5NDUfYWV
https://www.instagram.com/dradaianaferrazsc/

Será um prazer recebê-lo(a). Se preferir não receber outras mensagens, é só me avisar."
"0","patoBranco_PB","46","4699800788","Contato","","","","","","","","","","","patoBranco_PB_20261004.txt","","Olá! Tudo bem? Aqui é o Wesley, marido da Dra. Daiana Ferraz. Ela é nova em Pato Branco, e gostaríamos de apresentar o trabalho dela por aqui.

Se quiser conhecer melhor:
https://share.google/xcLbjrVJT5NDUfYWV
https://www.instagram.com/dradaianaferrazsc/

Será um prazer recebê-lo(a). Se preferir não receber outras mensagens, é só me avisar."
"0","patoBranco_PB","46","4699802057","Contato","","","","","","","","","","","patoBranco_PB_20261004.txt","","Olá! Tudo bem? Aqui é o Wesley, marido da Dra. Daiana Ferraz. Ela é nova em Pato Branco, e gostaríamos de apresentar o trabalho dela por aqui.

Se quiser conhecer melhor:
https://share.google/xcLbjrVJT5NDUfYWV
https://www.instagram.com/dradaianaferrazsc/

Será um prazer recebê-lo(a). Se preferir não receber outras mensagens, é só me avisar."
"0","patoBranco_PB","46","4699805381","Contato","","","","","","","","","","","patoBranco_PB_20261004.txt","","Olá! Tudo bem? Aqui é o Wesley, marido da Dra. Daiana Ferraz. Ela é nova em Pato Branco, e gostaríamos de apresentar o trabalho dela por aqui.

Se quiser conhecer melhor:
https://share.google/xcLbjrVJT5NDUfYWV
https://www.instagram.com/dradaianaferrazsc/

Será um prazer recebê-lo(a). Se preferir não receber outras mensagens, é só me avisar."
"0","patoBranco_PB","46","4699809116","Contato","","","","","","","","","","","patoBranco_PB_20261004.txt","","Olá! Tudo bem? Aqui é o Wesley, marido da Dra. Daiana Ferraz. Ela é nova em Pato Branco, e gostaríamos de apresentar o trabalho dela por aqui.

Se quiser conhecer melhor:
https://share.google/xcLbjrVJT5NDUfYWV
https://www.instagram.com/dradaianaferrazsc/

Será um prazer recebê-lo(a). Se preferir não receber outras mensagens, é só me avisar."
"0","patoBranco_PB","46","4699809927","Contato","","","","","","","","","","","patoBranco_PB_20261004.txt","","Olá! Tudo bem? Aqui é o Wesley, marido da Dra. Daiana Ferraz. Ela é nova em Pato Branco, e gostaríamos de apresentar o trabalho dela por aqui.

Se quiser conhecer melhor:
https://share.google/xcLbjrVJT5NDUfYWV
https://www.instagram.com/dradaianaferrazsc/

Será um prazer recebê-lo(a). Se preferir não receber outras mensagens, é só me avisar."
"0","patoBranco_PB","46","4699810906","Contato","","","","","","","","","","","patoBranco_PB_20261004.txt","","Olá! Tudo bem? Aqui é o Wesley, marido da Dra. Daiana Ferraz. Ela é nova em Pato Branco, e gostaríamos de apresentar o trabalho dela por aqui.

Se quiser conhecer melhor:
https://share.google/xcLbjrVJT5NDUfYWV
https://www.instagram.com/dradaianaferrazsc/

Será um prazer recebê-lo(a). Se preferir não receber outras mensagens, é só me avisar."
"0","patoBranco_PB","46","4699811921","Contato","","","","","","","","","","","patoBranco_PB_20261004.txt","","Olá! Tudo bem? Aqui é o Wesley, marido da Dra. Daiana Ferraz. Ela é nova em Pato Branco, e gostaríamos de apresentar o trabalho dela por aqui.

Se quiser conhecer melhor:
https://share.google/xcLbjrVJT5NDUfYWV
https://www.instagram.com/dradaianaferrazsc/

Será um prazer recebê-lo(a). Se preferir não receber outras mensagens, é só me avisar."
"0","patoBranco_PB","46","4699816513","Contato","","","","","","","","","","","patoBranco_PB_20261004.txt","","Olá! Tudo bem? Aqui é o Wesley, marido da Dra. Daiana Ferraz. Ela é nova em Pato Branco, e gostaríamos de apresentar o trabalho dela por aqui.

Se quiser conhecer melhor:
https://share.google/xcLbjrVJT5NDUfYWV
https://www.instagram.com/dradaianaferrazsc/

Será um prazer recebê-lo(a). Se preferir não receber outras mensagens, é só me avisar."
"0","patoBranco_PB","46","4699816779","Contato","","","","","","","","","","","patoBranco_PB_20261004.txt","","Olá! Tudo bem? Aqui é o Wesley, marido da Dra. Daiana Ferraz. Ela é nova em Pato Branco, e gostaríamos de apresentar o trabalho dela por aqui.

Se quiser conhecer melhor:
https://share.google/xcLbjrVJT5NDUfYWV
https://www.instagram.com/dradaianaferrazsc/

Será um prazer recebê-lo(a). Se preferir não receber outras mensagens, é só me avisar."
"0","patoBranco_PB","46","4699817411","Contato","","","","","","","","","","","patoBranco_PB_20261004.txt","","Olá! Tudo bem? Aqui é o Wesley, marido da Dra. Daiana Ferraz. Ela é nova em Pato Branco, e gostaríamos de apresentar o trabalho dela por aqui.

Se quiser conhecer melhor:
https://share.google/xcLbjrVJT5NDUfYWV
https://www.instagram.com/dradaianaferrazsc/

Será um prazer recebê-lo(a). Se preferir não receber outras mensagens, é só me avisar."
"0","patoBranco_PB","46","4699817806","Contato","","","","","","","","","","","patoBranco_PB_20261004.txt","","Olá! Tudo bem? Aqui é o Wesley, marido da Dra. Daiana Ferraz. Ela é nova em Pato Branco, e gostaríamos de apresentar o trabalho dela por aqui.

Se quiser conhecer melhor:
https://share.google/xcLbjrVJT5NDUfYWV
https://www.instagram.com/dradaianaferrazsc/

Será um prazer recebê-lo(a). Se preferir não receber outras mensagens, é só me avisar."
"0","patoBranco_PB","46","4699818715","Contato","","","","","","","","","","","patoBranco_PB_20261004.txt","","Olá! Tudo bem? Aqui é o Wesley, marido da Dra. Daiana Ferraz. Ela é nova em Pato Branco, e gostaríamos de apresentar o trabalho dela por aqui.

Se quiser conhecer melhor:
https://share.google/xcLbjrVJT5NDUfYWV
https://www.instagram.com/dradaianaferrazsc/

Será um prazer recebê-lo(a). Se preferir não receber outras mensagens, é só me avisar."
"0","patoBranco_PB","46","4699820676","Contato","","","","","","","","","","","patoBranco_PB_20261004.txt","","Olá! Tudo bem? Aqui é o Wesley, marido da Dra. Daiana Ferraz. Ela é nova em Pato Branco, e gostaríamos de apresentar o trabalho dela por aqui.

Se quiser conhecer melhor:
https://share.google/xcLbjrVJT5NDUfYWV
https://www.instagram.com/dradaianaferrazsc/

Será um prazer recebê-lo(a). Se preferir não receber outras mensagens, é só me avisar."
"0","patoBranco_PB","46","4699821047","Contato","","","","","","","","","","","patoBranco_PB_20261004.txt","","Olá! Tudo bem? Aqui é o Wesley, marido da Dra. Daiana Ferraz. Ela é nova em Pato Branco, e gostaríamos de apresentar o trabalho dela por aqui.

Se quiser conhecer melhor:
https://share.google/xcLbjrVJT5NDUfYWV
https://www.instagram.com/dradaianaferrazsc/

Será um prazer recebê-lo(a). Se preferir não receber outras mensagens, é só me avisar."
"0","patoBranco_PB","46","4699823482","Contato","","","","","","","","","","","patoBranco_PB_20261004.txt","","Olá! Tudo bem? Aqui é o Wesley, marido da Dra. Daiana Ferraz. Ela é nova em Pato Branco, e gostaríamos de apresentar o trabalho dela por aqui.

Se quiser conhecer melhor:
https://share.google/xcLbjrVJT5NDUfYWV
https://www.instagram.com/dradaianaferrazsc/

Será um prazer recebê-lo(a). Se preferir não receber outras mensagens, é só me avisar."
"0","patoBranco_PB","46","4699824810","Contato","","","","","","","","","","","patoBranco_PB_20261004.txt","","Olá! Tudo bem? Aqui é o Wesley, marido da Dra. Daiana Ferraz. Ela é nova em Pato Branco, e gostaríamos de apresentar o trabalho dela por aqui.

Se quiser conhecer melhor:
https://share.google/xcLbjrVJT5NDUfYWV
https://www.instagram.com/dradaianaferrazsc/

Será um prazer recebê-lo(a). Se preferir não receber outras mensagens, é só me avisar."
"0","patoBranco_PB","46","4699825044","Contato","","","","","","","","","","","patoBranco_PB_20261004.txt","","Olá! Tudo bem? Aqui é o Wesley, marido da Dra. Daiana Ferraz. Ela é nova em Pato Branco, e gostaríamos de apresentar o trabalho dela por aqui.

Se quiser conhecer melhor:
https://share.google/xcLbjrVJT5NDUfYWV
https://www.instagram.com/dradaianaferrazsc/

Será um prazer recebê-lo(a). Se preferir não receber outras mensagens, é só me avisar."
"0","patoBranco_PB","46","4699826655","Contato","","","","","","","","","","","patoBranco_PB_20261004.txt","","Olá! Tudo bem? Aqui é o Wesley, marido da Dra. Daiana Ferraz. Ela é nova em Pato Branco, e gostaríamos de apresentar o trabalho dela por aqui.

Se quiser conhecer melhor:
https://share.google/xcLbjrVJT5NDUfYWV
https://www.instagram.com/dradaianaferrazsc/

Será um prazer recebê-lo(a). Se preferir não receber outras mensagens, é só me avisar."
"0","patoBranco_PB","46","4699827479","Contato","","","","","","","","","","","patoBranco_PB_20261004.txt","","Olá! Tudo bem? Aqui é o Wesley, marido da Dra. Daiana Ferraz. Ela é nova em Pato Branco, e gostaríamos de apresentar o trabalho dela por aqui.

Se quiser conhecer melhor:
https://share.google/xcLbjrVJT5NDUfYWV
https://www.instagram.com/dradaianaferrazsc/

Será um prazer recebê-lo(a). Se preferir não receber outras mensagens, é só me avisar."
"0","patoBranco_PB","46","4699840087","Contato","","","","","","","","","","","patoBranco_PB_20261004.txt","","Olá! Tudo bem? Aqui é o Wesley, marido da Dra. Daiana Ferraz. Ela é nova em Pato Branco, e gostaríamos de apresentar o trabalho dela por aqui.

Se quiser conhecer melhor:
https://share.google/xcLbjrVJT5NDUfYWV
https://www.instagram.com/dradaianaferrazsc/

Será um prazer recebê-lo(a). Se preferir não receber outras mensagens, é só me avisar."
"0","patoBranco_PB","46","4699840455","Contato","","","","","","","","","","","patoBranco_PB_20261004.txt","","Olá! Tudo bem? Aqui é o Wesley, marido da Dra. Daiana Ferraz. Ela é nova em Pato Branco, e gostaríamos de apresentar o trabalho dela por aqui.

Se quiser conhecer melhor:
https://share.google/xcLbjrVJT5NDUfYWV
https://www.instagram.com/dradaianaferrazsc/

Será um prazer recebê-lo(a). Se preferir não receber outras mensagens, é só me avisar."
"0","patoBranco_PB","46","4699841482","Contato","","","","","","","","","","","patoBranco_PB_20261004.txt","","Olá! Tudo bem? Aqui é o Wesley, marido da Dra. Daiana Ferraz. Ela é nova em Pato Branco, e gostaríamos de apresentar o trabalho dela por aqui.

Se quiser conhecer melhor:
https://share.google/xcLbjrVJT5NDUfYWV
https://www.instagram.com/dradaianaferrazsc/

Será um prazer recebê-lo(a). Se preferir não receber outras mensagens, é só me avisar."
"0","patoBranco_PB","46","4699841493","Contato","","","","","","","","","","","patoBranco_PB_20261004.txt","","Olá! Tudo bem? Aqui é o Wesley, marido da Dra. Daiana Ferraz. Ela é nova em Pato Branco, e gostaríamos de apresentar o trabalho dela por aqui.

Se quiser conhecer melhor:
https://share.google/xcLbjrVJT5NDUfYWV
https://www.instagram.com/dradaianaferrazsc/

Será um prazer recebê-lo(a). Se preferir não receber outras mensagens, é só me avisar."
"0","patoBranco_PB","46","4699841718","Contato","","","","","","","","","","","patoBranco_PB_20261004.txt","","Olá! Tudo bem? Aqui é o Wesley, marido da Dra. Daiana Ferraz. Ela é nova em Pato Branco, e gostaríamos de apresentar o trabalho dela por aqui.

Se quiser conhecer melhor:
https://share.google/xcLbjrVJT5NDUfYWV
https://www.instagram.com/dradaianaferrazsc/

Será um prazer recebê-lo(a). Se preferir não receber outras mensagens, é só me avisar."
"0","patoBranco_PB","46","4699844876","Contato","","","","","","","","","","","patoBranco_PB_20261004.txt","","Olá! Tudo bem? Aqui é o Wesley, marido da Dra. Daiana Ferraz. Ela é nova em Pato Branco, e gostaríamos de apresentar o trabalho dela por aqui.

Se quiser conhecer melhor:
https://share.google/xcLbjrVJT5NDUfYWV
https://www.instagram.com/dradaianaferrazsc/

Será um prazer recebê-lo(a). Se preferir não receber outras mensagens, é só me avisar."
"0","patoBranco_PB","46","4699845302","Contato","","","","","","","","","","","patoBranco_PB_20261004.txt","","Olá! Tudo bem? Aqui é o Wesley, marido da Dra. Daiana Ferraz. Ela é nova em Pato Branco, e gostaríamos de apresentar o trabalho dela por aqui.

Se quiser conhecer melhor:
https://share.google/xcLbjrVJT5NDUfYWV
https://www.instagram.com/dradaianaferrazsc/

Será um prazer recebê-lo(a). Se preferir não receber outras mensagens, é só me avisar."
"0","patoBranco_PB","46","4699848219","Contato","","","","","","","","","","","patoBranco_PB_20261004.txt","","Olá! Tudo bem? Aqui é o Wesley, marido da Dra. Daiana Ferraz. Ela é nova em Pato Branco, e gostaríamos de apresentar o trabalho dela por aqui.

Se quiser conhecer melhor:
https://share.google/xcLbjrVJT5NDUfYWV
https://www.instagram.com/dradaianaferrazsc/

Será um prazer recebê-lo(a). Se preferir não receber outras mensagens, é só me avisar."
"0","patoBranco_PB","46","4699849465","Contato","","","","","","","","","","","patoBranco_PB_20261004.txt","","Olá! Tudo bem? Aqui é o Wesley, marido da Dra. Daiana Ferraz. Ela é nova em Pato Branco, e gostaríamos de apresentar o trabalho dela por aqui.

Se quiser conhecer melhor:
https://share.google/xcLbjrVJT5NDUfYWV
https://www.instagram.com/dradaianaferrazsc/

Será um prazer recebê-lo(a). Se preferir não receber outras mensagens, é só me avisar."
"0","patoBranco_PB","46","4699850242","Contato","","","","","","","","","","","patoBranco_PB_20261004.txt","","Olá! Tudo bem? Aqui é o Wesley, marido da Dra. Daiana Ferraz. Ela é nova em Pato Branco, e gostaríamos de apresentar o trabalho dela por aqui.

Se quiser conhecer melhor:
https://share.google/xcLbjrVJT5NDUfYWV
https://www.instagram.com/dradaianaferrazsc/

Será um prazer recebê-lo(a). Se preferir não receber outras mensagens, é só me avisar."
"0","patoBranco_PB","46","4699851590","Contato","","","","","","","","","","","patoBranco_PB_20261004.txt","","Olá! Tudo bem? Aqui é o Wesley, marido da Dra. Daiana Ferraz. Ela é nova em Pato Branco, e gostaríamos de apresentar o trabalho dela por aqui.

Se quiser conhecer melhor:
https://share.google/xcLbjrVJT5NDUfYWV
https://www.instagram.com/dradaianaferrazsc/

Será um prazer recebê-lo(a). Se preferir não receber outras mensagens, é só me avisar."
"0","patoBranco_PB","46","4699852900","Contato","","","","","","","","","","","patoBranco_PB_20261004.txt","","Olá! Tudo bem? Aqui é o Wesley, marido da Dra. Daiana Ferraz. Ela é nova em Pato Branco, e gostaríamos de apresentar o trabalho dela por aqui.

Se quiser conhecer melhor:
https://share.google/xcLbjrVJT5NDUfYWV
https://www.instagram.com/dradaianaferrazsc/

Será um prazer recebê-lo(a). Se preferir não receber outras mensagens, é só me avisar."
"0","patoBranco_PB","46","4699853188","Contato","","","","","","","","","","","patoBranco_PB_20261004.txt","","Olá! Tudo bem? Aqui é o Wesley, marido da Dra. Daiana Ferraz. Ela é nova em Pato Branco, e gostaríamos de apresentar o trabalho dela por aqui.

Se quiser conhecer melhor:
https://share.google/xcLbjrVJT5NDUfYWV
https://www.instagram.com/dradaianaferrazsc/

Será um prazer recebê-lo(a). Se preferir não receber outras mensagens, é só me avisar."
"0","patoBranco_PB","46","4699853636","Contato","","","","","","","","","","","patoBranco_PB_20261004.txt","","Olá! Tudo bem? Aqui é o Wesley, marido da Dra. Daiana Ferraz. Ela é nova em Pato Branco, e gostaríamos de apresentar o trabalho dela por aqui.

Se quiser conhecer melhor:
https://share.google/xcLbjrVJT5NDUfYWV
https://www.instagram.com/dradaianaferrazsc/

Será um prazer recebê-lo(a). Se preferir não receber outras mensagens, é só me avisar."
"0","patoBranco_PB","46","4699857150","Contato","","","","","","","","","","","patoBranco_PB_20261004.txt","","Olá! Tudo bem? Aqui é o Wesley, marido da Dra. Daiana Ferraz. Ela é nova em Pato Branco, e gostaríamos de apresentar o trabalho dela por aqui.

Se quiser conhecer melhor:
https://share.google/xcLbjrVJT5NDUfYWV
https://www.instagram.com/dradaianaferrazsc/

Será um prazer recebê-lo(a). Se preferir não receber outras mensagens, é só me avisar."
"0","patoBranco_PB","46","4699857642","Contato","","","","","","","","","","","patoBranco_PB_20261004.txt","","Olá! Tudo bem? Aqui é o Wesley, marido da Dra. Daiana Ferraz. Ela é nova em Pato Branco, e gostaríamos de apresentar o trabalho dela por aqui.

Se quiser conhecer melhor:
https://share.google/xcLbjrVJT5NDUfYWV
https://www.instagram.com/dradaianaferrazsc/

Será um prazer recebê-lo(a). Se preferir não receber outras mensagens, é só me avisar."
"0","patoBranco_PB","46","4699857950","Contato","","","","","","","","","","","patoBranco_PB_20261004.txt","","Olá! Tudo bem? Aqui é o Wesley, marido da Dra. Daiana Ferraz. Ela é nova em Pato Branco, e gostaríamos de apresentar o trabalho dela por aqui.

Se quiser conhecer melhor:
https://share.google/xcLbjrVJT5NDUfYWV
https://www.instagram.com/dradaianaferrazsc/

Será um prazer recebê-lo(a). Se preferir não receber outras mensagens, é só me avisar."
"0","patoBranco_PB","46","4699858454","Contato","","","","","","","","","","","patoBranco_PB_20261004.txt","","Olá! Tudo bem? Aqui é o Wesley, marido da Dra. Daiana Ferraz. Ela é nova em Pato Branco, e gostaríamos de apresentar o trabalho dela por aqui.

Se quiser conhecer melhor:
https://share.google/xcLbjrVJT5NDUfYWV
https://www.instagram.com/dradaianaferrazsc/

Será um prazer recebê-lo(a). Se preferir não receber outras mensagens, é só me avisar."
"0","patoBranco_PB","46","4699860130","Contato","","","","","","","","","","","patoBranco_PB_20261004.txt","","Olá! Tudo bem? Aqui é o Wesley, marido da Dra. Daiana Ferraz. Ela é nova em Pato Branco, e gostaríamos de apresentar o trabalho dela por aqui.

Se quiser conhecer melhor:
https://share.google/xcLbjrVJT5NDUfYWV
https://www.instagram.com/dradaianaferrazsc/

Será um prazer recebê-lo(a). Se preferir não receber outras mensagens, é só me avisar."
"0","patoBranco_PB","46","4699861020","Contato","","","","","","","","","","","patoBranco_PB_20261004.txt","","Olá! Tudo bem? Aqui é o Wesley, marido da Dra. Daiana Ferraz. Ela é nova em Pato Branco, e gostaríamos de apresentar o trabalho dela por aqui.

Se quiser conhecer melhor:
https://share.google/xcLbjrVJT5NDUfYWV
https://www.instagram.com/dradaianaferrazsc/

Será um prazer recebê-lo(a). Se preferir não receber outras mensagens, é só me avisar."
"0","patoBranco_PB","46","4699868783","Contato","","","","","","","","","","","patoBranco_PB_20261004.txt","","Olá! Tudo bem? Aqui é o Wesley, marido da Dra. Daiana Ferraz. Ela é nova em Pato Branco, e gostaríamos de apresentar o trabalho dela por aqui.

Se quiser conhecer melhor:
https://share.google/xcLbjrVJT5NDUfYWV
https://www.instagram.com/dradaianaferrazsc/

Será um prazer recebê-lo(a). Se preferir não receber outras mensagens, é só me avisar."
"0","patoBranco_PB","46","4699870341","Contato","","","","","","","","","","","patoBranco_PB_20261004.txt","","Olá! Tudo bem? Aqui é o Wesley, marido da Dra. Daiana Ferraz. Ela é nova em Pato Branco, e gostaríamos de apresentar o trabalho dela por aqui.

Se quiser conhecer melhor:
https://share.google/xcLbjrVJT5NDUfYWV
https://www.instagram.com/dradaianaferrazsc/

Será um prazer recebê-lo(a). Se preferir não receber outras mensagens, é só me avisar."
"0","patoBranco_PB","46","4699871716","Contato","","","","","","","","","","","patoBranco_PB_20261004.txt","","Olá! Tudo bem? Aqui é o Wesley, marido da Dra. Daiana Ferraz. Ela é nova em Pato Branco, e gostaríamos de apresentar o trabalho dela por aqui.

Se quiser conhecer melhor:
https://share.google/xcLbjrVJT5NDUfYWV
https://www.instagram.com/dradaianaferrazsc/

Será um prazer recebê-lo(a). Se preferir não receber outras mensagens, é só me avisar."
"0","patoBranco_PB","46","4699872910","Contato","","","","","","","","","","","patoBranco_PB_20261004.txt","","Olá! Tudo bem? Aqui é o Wesley, marido da Dra. Daiana Ferraz. Ela é nova em Pato Branco, e gostaríamos de apresentar o trabalho dela por aqui.

Se quiser conhecer melhor:
https://share.google/xcLbjrVJT5NDUfYWV
https://www.instagram.com/dradaianaferrazsc/

Será um prazer recebê-lo(a). Se preferir não receber outras mensagens, é só me avisar."
"0","patoBranco_PB","46","4699873469","Contato","","","","","","","","","","","patoBranco_PB_20261004.txt","","Olá! Tudo bem? Aqui é o Wesley, marido da Dra. Daiana Ferraz. Ela é nova em Pato Branco, e gostaríamos de apresentar o trabalho dela por aqui.

Se quiser conhecer melhor:
https://share.google/xcLbjrVJT5NDUfYWV
https://www.instagram.com/dradaianaferrazsc/

Será um prazer recebê-lo(a). Se preferir não receber outras mensagens, é só me avisar."
"0","patoBranco_PB","46","4699873709","Contato","","","","","","","","","","","patoBranco_PB_20261004.txt","","Olá! Tudo bem? Aqui é o Wesley, marido da Dra. Daiana Ferraz. Ela é nova em Pato Branco, e gostaríamos de apresentar o trabalho dela por aqui.

Se quiser conhecer melhor:
https://share.google/xcLbjrVJT5NDUfYWV
https://www.instagram.com/dradaianaferrazsc/

Será um prazer recebê-lo(a). Se preferir não receber outras mensagens, é só me avisar."
"0","patoBranco_PB","46","4699874883","Contato","","","","","","","","","","","patoBranco_PB_20261004.txt","","Olá! Tudo bem? Aqui é o Wesley, marido da Dra. Daiana Ferraz. Ela é nova em Pato Branco, e gostaríamos de apresentar o trabalho dela por aqui.

Se quiser conhecer melhor:
https://share.google/xcLbjrVJT5NDUfYWV
https://www.instagram.com/dradaianaferrazsc/

Será um prazer recebê-lo(a). Se preferir não receber outras mensagens, é só me avisar."
"0","patoBranco_PB","46","4699875948","Contato","","","","","","","","","","","patoBranco_PB_20261004.txt","","Olá! Tudo bem? Aqui é o Wesley, marido da Dra. Daiana Ferraz. Ela é nova em Pato Branco, e gostaríamos de apresentar o trabalho dela por aqui.

Se quiser conhecer melhor:
https://share.google/xcLbjrVJT5NDUfYWV
https://www.instagram.com/dradaianaferrazsc/

Será um prazer recebê-lo(a). Se preferir não receber outras mensagens, é só me avisar."
"0","patoBranco_PB","46","4699888395","Contato","","","","","","","","","","","patoBranco_PB_20261004.txt","","Olá! Tudo bem? Aqui é o Wesley, marido da Dra. Daiana Ferraz. Ela é nova em Pato Branco, e gostaríamos de apresentar o trabalho dela por aqui.

Se quiser conhecer melhor:
https://share.google/xcLbjrVJT5NDUfYWV
https://www.instagram.com/dradaianaferrazsc/

Será um prazer recebê-lo(a). Se preferir não receber outras mensagens, é só me avisar."
"0","patoBranco_PB","46","4699888819","Contato","","","","","","","","","","","patoBranco_PB_20261004.txt","","Olá! Tudo bem? Aqui é o Wesley, marido da Dra. Daiana Ferraz. Ela é nova em Pato Branco, e gostaríamos de apresentar o trabalho dela por aqui.

Se quiser conhecer melhor:
https://share.google/xcLbjrVJT5NDUfYWV
https://www.instagram.com/dradaianaferrazsc/

Será um prazer recebê-lo(a). Se preferir não receber outras mensagens, é só me avisar."
"0","patoBranco_PB","46","4699890432","Contato","","","","","","","","","","","patoBranco_PB_20261004.txt","","Olá! Tudo bem? Aqui é o Wesley, marido da Dra. Daiana Ferraz. Ela é nova em Pato Branco, e gostaríamos de apresentar o trabalho dela por aqui.

Se quiser conhecer melhor:
https://share.google/xcLbjrVJT5NDUfYWV
https://www.instagram.com/dradaianaferrazsc/

Será um prazer recebê-lo(a). Se preferir não receber outras mensagens, é só me avisar."
"0","patoBranco_PB","46","4699896118","Contato","","","","","","","","","","","patoBranco_PB_20261004.txt","","Olá! Tudo bem? Aqui é o Wesley, marido da Dra. Daiana Ferraz. Ela é nova em Pato Branco, e gostaríamos de apresentar o trabalho dela por aqui.

Se quiser conhecer melhor:
https://share.google/xcLbjrVJT5NDUfYWV
https://www.instagram.com/dradaianaferrazsc/

Será um prazer recebê-lo(a). Se preferir não receber outras mensagens, é só me avisar."
"0","patoBranco_PB","46","4699899793","Contato","","","","","","","","","","","patoBranco_PB_20261004.txt","","Olá! Tudo bem? Aqui é o Wesley, marido da Dra. Daiana Ferraz. Ela é nova em Pato Branco, e gostaríamos de apresentar o trabalho dela por aqui.

Se quiser conhecer melhor:
https://share.google/xcLbjrVJT5NDUfYWV
https://www.instagram.com/dradaianaferrazsc/

Será um prazer recebê-lo(a). Se preferir não receber outras mensagens, é só me avisar."
